Workbook

Sheet LONG
A1: Scenario_ID | B1: AttackTree_ID | C1: AttackTree_Key | D1: Step | E1: Step_num | F1: Technique_ID | G1: Technique_Name | H1: Asset | I1: Pi | J1: Mi_Current | K1: Ci | L1: Qi_Current | M1: Qhat_i_Current | N1: Ri_Current | O1: Mi_Full | P1: Qhat_i_Full | Q1: Ri_Full | R1: Mi_Worst | S1: Qhat_i_Worst | T1: Ri_Worst | U1: Rtree_Current | V1: Rtree_Full | W1: Rtree_Worst | X1: Log_Ratio | Y1: Risk_Class | Z1: Risk_B_Flag | AA1: High_Mi_Flag | AB1: High_Qhat_Flag | AC1: Formula_Check
A2: A | B2: 1 | C2: A-001 | D2: S1 | E2: 1 | F2: T1078.004 | G2: Cloud Accounts | H2: Management Console for Business Server OnCloud | I2: 0.72 | J2: 0.1 | K2: 2 | L2: =I2*J2 -> 0.072 | M2: =MIN(1,I2*J2*K2) -> 0.144 | N2: =M2 -> 0.144 | O2: ='Settings '!$B$8 -> 0.1 | P2: =MIN(1,I2*O2*K2) -> 0.144 | Q2: =P2 -> 0.144 | R2: ='Settings '!$B$9 -> 0.9 | S2: =MIN(1,I2*R2*K2) -> 1 | T2: =S2 -> 1 | U2: =IF(E2=4,N2,"") | V2: =IF(E2=4,Q2,"") | W2: =IF(E2=4,T2,"") | X2: =IF(E2=4,IFERROR((LN(U2)-LN(V2))/(LN(W2)-LN(V2)),0),"") | Y2: =IF(E2=4,IF(X2>='Settings '!$B$7,"Risk A",IF(X2>='Settings '!$B$6,"Risk B","Risk C")),"") | Z2: =IF(Y2="Risk B",1,0) -> 0 | AA2: =IF(J2>='Settings '!$B$10,1,0) -> 0 | AB2: =IF(M2>='Settings '!$B$11,1,0) -> 0 | AC2: =ABS(M2-MIN(1,I2*J2*K2)) -> 0
A3: A | B3: 1 | C3: A-001 | D3: S2 | E3: 2 | F3: T1021.007 | G3: Cloud Services | H3: Update server OnCloud | I3: 0.36 | J3: 0.1 | K3: 1.5 | L3: =I3*J3 -> 0.036 | M3: =MIN(1,I3*J3*K3) -> 0.054 | N3: =N2*M3 -> 0.007776 | O3: ='Settings '!$B$8 -> 0.1 | P3: =MIN(1,I3*O3*K3) -> 0.054 | Q3: =Q2*P3 -> 0.007776 | R3: ='Settings '!$B$9 -> 0.9 | S3: =MIN(1,I3*R3*K3) -> 0.486 | T3: =T2*S3 -> 0.486 | U3: =IF(E3=4,N3,"") | V3: =IF(E3=4,Q3,"") | W3: =IF(E3=4,T3,"") | X3: =IF(E3=4,IFERROR((LN(U3)-LN(V3))/(LN(W3)-LN(V3)),0),"") | Y3: =IF(E3=4,IF(X3>='Settings '!$B$7,"Risk A",IF(X3>='Settings '!$B$6,"Risk B","Risk C")),"") | Z3: =IF(Y3="Risk B",1,0) -> 0 | AA3: =IF(J3>='Settings '!$B$10,1,0) -> 0 | AB3: =IF(M3>='Settings '!$B$11,1,0) -> 0 | AC3: =ABS(M3-MIN(1,I3*J3*K3)) -> 0
A4: A | B4: 1 | C4: A-001 | D4: S3 | E4: 3 | F4: T1484.002 | G4: Trust Modification | H4: Business Server OnCloud | I4: 0.36 | J4: 0.1 | K4: 2 | L4: =I4*J4 -> 0.036 | M4: =MIN(1,I4*J4*K4) -> 0.072 | N4: =N3*M4 -> 0.000559872 | O4: ='Settings '!$B$8 -> 0.1 | P4: =MIN(1,I4*O4*K4) -> 0.072 | Q4: =Q3*P4 -> 0.000559872 | R4: ='Settings '!$B$9 -> 0.9 | S4: =MIN(1,I4*R4*K4) -> 0.648 | T4: =T3*S4 -> 0.314928 | U4: =IF(E4=4,N4,"") | V4: =IF(E4=4,Q4,"") | W4: =IF(E4=4,T4,"") | X4: =IF(E4=4,IFERROR((LN(U4)-LN(V4))/(LN(W4)-LN(V4)),0),"") | Y4: =IF(E4=4,IF(X4>='Settings '!$B$7,"Risk A",IF(X4>='Settings '!$B$6,"Risk B","Risk C")),"") | Z4: =IF(Y4="Risk B",1,0) -> 0 | AA4: =IF(J4>='Settings '!$B$10,1,0) -> 0 | AB4: =IF(M4>='Settings '!$B$11,1,0) -> 0 | AC4: =ABS(M4-MIN(1,I4*J4*K4)) -> 0
A5: A | B5: 1 | C5: A-001 | D5: S4 | E5: 4 | F5: T1486 | G5: Data Encrypted for Impact | H5: Proxy server OnCloud | I5: 0.9 | J5: 0.1 | K5: 2 | L5: =I5*J5 -> 0.09 | M5: =MIN(1,I5*J5*K5) -> 0.18 | N5: =N4*M5 -> 0.00010077696 | O5: ='Settings '!$B$8 -> 0.1 | P5: =MIN(1,I5*O5*K5) -> 0.18 | Q5: =Q4*P5 -> 0.00010077696 | R5: ='Settings '!$B$9 -> 0.9 | S5: =MIN(1,I5*R5*K5) -> 1 | T5: =T4*S5 -> 0.314928 | U5: =IF(E5=4,N5,"") -> 0.00010077696 | V5: =IF(E5=4,Q5,"") -> 0.00010077696 | W5: =IF(E5=4,T5,"") -> 0.314928 | X5: =IF(E5=4,IFERROR((LN(U5)-LN(V5))/(LN(W5)-LN(V5)),0),"") -> 0 | Y5: =IF(E5=4,IF(X5>='Settings '!$B$7,"Risk A",IF(X5>='Settings '!$B$6,"Risk B","Risk C")),"") -> Risk C | Z5: =IF(Y5="Risk B",1,0) -> 0 | AA5: =IF(J5>='Settings '!$B$10,1,0) -> 0 | AB5: =IF(M5>='Settings '!$B$11,1,0) -> 0 | AC5: =ABS(M5-MIN(1,I5*J5*K5)) -> 0
A6: A | B6: 2 | C6: A-002 | D6: S1 | E6: 1 | F6: T1078.004 | G6: Cloud Accounts | H6: Management Console for Business Server OnCloud | I6: 0.72 | J6: 0.1 | K6: 2 | L6: =I6*J6 -> 0.072 | M6: =MIN(1,I6*J6*K6) -> 0.144 | N6: =M6 -> 0.144 | O6: ='Settings '!$B$8 -> 0.1 | P6: =MIN(1,I6*O6*K6) -> 0.144 | Q6: =P6 -> 0.144 | R6: ='Settings '!$B$9 -> 0.9 | S6: =MIN(1,I6*R6*K6) -> 1 | T6: =S6 -> 1 | U6: =IF(E6=4,N6,"") | V6: =IF(E6=4,Q6,"") | W6: =IF(E6=4,T6,"") | X6: =IF(E6=4,IFERROR((LN(U6)-LN(V6))/(LN(W6)-LN(V6)),0),"") | Y6: =IF(E6=4,IF(X6>='Settings '!$B$7,"Risk A",IF(X6>='Settings '!$B$6,"Risk B","Risk C")),"") | Z6: =IF(Y6="Risk B",1,0) -> 0 | AA6: =IF(J6>='Settings '!$B$10,1,0) -> 0 | AB6: =IF(M6>='Settings '!$B$11,1,0) -> 0 | AC6: =ABS(M6-MIN(1,I6*J6*K6)) -> 0
A7: A | B7: 2 | C7: A-002 | D7: S2 | E7: 2 | F7: T1021.007 | G7: Cloud Services | H7: Update server OnCloud | I7: 0.36 | J7: 0.1 | K7: 1.5 | L7: =I7*J7 -> 0.036 | M7: =MIN(1,I7*J7*K7) -> 0.054 | N7: =N6*M7 -> 0.007776 | O7: ='Settings '!$B$8 -> 0.1 | P7: =MIN(1,I7*O7*K7) -> 0.054 | Q7: =Q6*P7 -> 0.007776 | R7: ='Settings '!$B$9 -> 0.9 | S7: =MIN(1,I7*R7*K7) -> 0.486 | T7: =T6*S7 -> 0.486 | U7: =IF(E7=4,N7,"") | V7: =IF(E7=4,Q7,"") | W7: =IF(E7=4,T7,"") | X7: =IF(E7=4,IFERROR((LN(U7)-LN(V7))/(LN(W7)-LN(V7)),0),"") | Y7: =IF(E7=4,IF(X7>='Settings '!$B$7,"Risk A",IF(X7>='Settings '!$B$6,"Risk B","Risk C")),"") | Z7: =IF(Y7="Risk B",1,0) -> 0 | AA7: =IF(J7>='Settings '!$B$10,1,0) -> 0 | AB7: =IF(M7>='Settings '!$B$11,1,0) -> 0 | AC7: =ABS(M7-MIN(1,I7*J7*K7)) -> 0
A8: A | B8: 2 | C8: A-002 | D8: S3 | E8: 3 | F8: T1484.002 | G8: Trust Modification | H8: Business Server OnCloud | I8: 0.36 | J8: 0.1 | K8: 2 | L8: =I8*J8 -> 0.036 | M8: =MIN(1,I8*J8*K8) -> 0.072 | N8: =N7*M8 -> 0.000559872 | O8: ='Settings '!$B$8 -> 0.1 | P8: =MIN(1,I8*O8*K8) -> 0.072 | Q8: =Q7*P8 -> 0.000559872 | R8: ='Settings '!$B$9 -> 0.9 | S8: =MIN(1,I8*R8*K8) -> 0.648 | T8: =T7*S8 -> 0.314928 | U8: =IF(E8=4,N8,"") | V8: =IF(E8=4,Q8,"") | W8: =IF(E8=4,T8,"") | X8: =IF(E8=4,IFERROR((LN(U8)-LN(V8))/(LN(W8)-LN(V8)),0),"") | Y8: =IF(E8=4,IF(X8>='Settings '!$B$7,"Risk A",IF(X8>='Settings '!$B$6,"Risk B","Risk C")),"") | Z8: =IF(Y8="Risk B",1,0) -> 0 | AA8: =IF(J8>='Settings '!$B$10,1,0) -> 0 | AB8: =IF(M8>='Settings '!$B$11,1,0) -> 0 | AC8: =ABS(M8-MIN(1,I8*J8*K8)) -> 0
A9: A | B9: 2 | C9: A-002 | D9: S4 | E9: 4 | F9: T1496.001 | G9: Compute Hijacking | H9: Proxy server OnCloud | I9: 0.72 | J9: 0.28 | K9: 2 | L9: =I9*J9 -> 0.2016 | M9: =MIN(1,I9*J9*K9) -> 0.4032 | N9: =N8*M9 -> 0.00022574039 | O9: ='Settings '!$B$8 -> 0.1 | P9: =MIN(1,I9*O9*K9) -> 0.144 | Q9: =Q8*P9 -> 8.0621568e-05 | R9: ='Settings '!$B$9 -> 0.9 | S9: =MIN(1,I9*R9*K9) -> 1 | T9: =T8*S9 -> 0.314928 | U9: =IF(E9=4,N9,"") -> 0.00022574039 | V9: =IF(E9=4,Q9,"") -> 8.0621568e-05 | W9: =IF(E9=4,T9,"") -> 0.314928 | X9: =IF(E9=4,IFERROR((LN(U9)-LN(V9))/(LN(W9)-LN(V9)),0),"") -> 0.12449552 | Y9: =IF(E9=4,IF(X9>='Settings '!$B$7,"Risk A",IF(X9>='Settings '!$B$6,"Risk B","Risk C")),"") -> Risk C | Z9: =IF(Y9="Risk B",1,0) -> 0 | AA9: =IF(J9>='Settings '!$B$10,1,0) -> 1 | AB9: =IF(M9>='Settings '!$B$11,1,0) -> 1 | AC9: =ABS(M9-MIN(1,I9*J9*K9)) -> 0
A10: A | B10: 3 | C10: A-003 | D10: S1 | E10: 1 | F10: T1078.004 | G10: Cloud Accounts | H10: Management Console for Business Server OnCloud | I10: 0.72 | J10: 0.1 | K10: 2 | L10: =I10*J10 -> 0.072 | M10: =MIN(1,I10*J10*K10) -> 0.144 | N10: =M10 -> 0.144 | O10: ='Settings '!$B$8 -> 0.1 | P10: =MIN(1,I10*O10*K10) -> 0.144 | Q10: =P10 -> 0.144 | R10: ='Settings '!$B$9 -> 0.9 | S10: =MIN(1,I10*R10*K10) -> 1 | T10: =S10 -> 1 | U10: =IF(E10=4,N10,"") | V10: =IF(E10=4,Q10,"") | W10: =IF(E10=4,T10,"") | X10: =IF(E10=4,IFERROR((LN(U10)-LN(V10))/(LN(W10)-LN(V10)),0),"") | Y10: =IF(E10=4,IF(X10>='Settings '!$B$7,"Risk A",IF(X10>='Settings '!$B$6,"Risk B","Risk C")),"") | Z10: =IF(Y10="Risk B",1,0) -> 0 | AA10: =IF(J10>='Settings '!$B$10,1,0) -> 0 | AB10: =IF(M10>='Settings '!$B$11,1,0) -> 0 | AC10: =ABS(M10-MIN(1,I10*J10*K10)) -> 0
A11: A | B11: 3 | C11: A-003 | D11: S2 | E11: 2 | F11: T1021.007 | G11: Cloud Services | H11: Update server OnCloud | I11: 0.36 | J11: 0.1 | K11: 1.5 | L11: =I11*J11 -> 0.036 | M11: =MIN(1,I11*J11*K11) -> 0.054 | N11: =N10*M11 -> 0.007776 | O11: ='Settings '!$B$8 -> 0.1 | P11: =MIN(1,I11*O11*K11) -> 0.054 | Q11: =Q10*P11 -> 0.007776 | R11: ='Settings '!$B$9 -> 0.9 | S11: =MIN(1,I11*R11*K11) -> 0.486 | T11: =T10*S11 -> 0.486 | U11: =IF(E11=4,N11,"") | V11: =IF(E11=4,Q11,"") | W11: =IF(E11=4,T11,"") | X11: =IF(E11=4,IFERROR((LN(U11)-LN(V11))/(LN(W11)-LN(V11)),0),"") | Y11: =IF(E11=4,IF(X11>='Settings '!$B$7,"Risk A",IF(X11>='Settings '!$B$6,"Risk B","Risk C")),"") | Z11: =IF(Y11="Risk B",1,0) -> 0 | AA11: =IF(J11>='Settings '!$B$10,1,0) -> 0 | AB11: =IF(M11>='Settings '!$B$11,1,0) -> 0 | AC11: =ABS(M11-MIN(1,I11*J11*K11)) -> 0
A12: A | B12: 3 | C12: A-003 | D12: S3 | E12: 3 | F12: T1484.002 | G12: Trust Modification | H12: Business Server OnCloud | I12: 0.36 | J12: 0.1 | K12: 2 | L12: =I12*J12 -> 0.036 | M12: =MIN(1,I12*J12*K12) -> 0.072 | N12: =N11*M12 -> 0.000559872 | O12: ='Settings '!$B$8 -> 0.1 | P12: =MIN(1,I12*O12*K12) -> 0.072 | Q12: =Q11*P12 -> 0.000559872 | R12: ='Settings '!$B$9 -> 0.9 | S12: =MIN(1,I12*R12*K12) -> 0.648 | T12: =T11*S12 -> 0.314928 | U12: =IF(E12=4,N12,"") | V12: =IF(E12=4,Q12,"") | W12: =IF(E12=4,T12,"") | X12: =IF(E12=4,IFERROR((LN(U12)-LN(V12))/(LN(W12)-LN(V12)),0),"") | Y12: =IF(E12=4,IF(X12>='Settings '!$B$7,"Risk A",IF(X12>='Settings '!$B$6,"Risk B","Risk C")),"") | Z12: =IF(Y12="Risk B",1,0) -> 0 | AA12: =IF(J12>='Settings '!$B$10,1,0) -> 0 | AB12: =IF(M12>='Settings '!$B$11,1,0) -> 0 | AC12: =ABS(M12-MIN(1,I12*J12*K12)) -> 0
A13: A | B13: 3 | C13: A-003 | D13: S4 | E13: 4 | F13: T1496.002 | G13: Bandwidth Hijacking | H13: Proxy server OnCloud | I13: 0.18 | J13: 0.28 | K13: 2 | L13: =I13*J13 -> 0.0504 | M13: =MIN(1,I13*J13*K13) -> 0.1008 | N13: =N12*M13 -> 5.6435098e-05 | O13: ='Settings '!$B$8 -> 0.1 | P13: =MIN(1,I13*O13*K13) -> 0.036 | Q13: =Q12*P13 -> 2.0155392e-05 | R13: ='Settings '!$B$9 -> 0.9 | S13: =MIN(1,I13*R13*K13) -> 0.324 | T13: =T12*S13 -> 0.10203667 | U13: =IF(E13=4,N13,"") -> 5.6435098e-05 | V13: =IF(E13=4,Q13,"") -> 2.0155392e-05 | W13: =IF(E13=4,T13,"") -> 0.10203667 | X13: =IF(E13=4,IFERROR((LN(U13)-LN(V13))/(LN(W13)-LN(V13)),0),"") -> 0.12071111 | Y13: =IF(E13=4,IF(X13>='Settings '!$B$7,"Risk A",IF(X13>='Settings '!$B$6,"Risk B","Risk C")),"") -> Risk C | Z13: =IF(Y13="Risk B",1,0) -> 0 | AA13: =IF(J13>='Settings '!$B$10,1,0) -> 1 | AB13: =IF(M13>='Settings '!$B$11,1,0) -> 0 | AC13: =ABS(M13-MIN(1,I13*J13*K13)) -> 0
A14: A | B14: 4 | C14: A-004 | D14: S1 | E14: 1 | F14: T1078.004 | G14: Cloud Accounts | H14: Management Console for Business Server OnCloud | I14: 0.72 | J14: 0.1 | K14: 2 | L14: =I14*J14 -> 0.072 | M14: =MIN(1,I14*J14*K14) -> 0.144 | N14: =M14 -> 0.144 | O14: ='Settings '!$B$8 -> 0.1 | P14: =MIN(1,I14*O14*K14) -> 0.144 | Q14: =P14 -> 0.144 | R14: ='Settings '!$B$9 -> 0.9 | S14: =MIN(1,I14*R14*K14) -> 1 | T14: =S14 -> 1 | U14: =IF(E14=4,N14,"") | V14: =IF(E14=4,Q14,"") | W14: =IF(E14=4,T14,"") | X14: =IF(E14=4,IFERROR((LN(U14)-LN(V14))/(LN(W14)-LN(V14)),0),"") | Y14: =IF(E14=4,IF(X14>='Settings '!$B$7,"Risk A",IF(X14>='Settings '!$B$6,"Risk B","Risk C")),"") | Z14: =IF(Y14="Risk B",1,0) -> 0 | AA14: =IF(J14>='Settings '!$B$10,1,0) -> 0 | AB14: =IF(M14>='Settings '!$B$11,1,0) -> 0 | AC14: =ABS(M14-MIN(1,I14*J14*K14)) -> 0
A15: A | B15: 4 | C15: A-004 | D15: S2 | E15: 2 | F15: T1021.007 | G15: Cloud Services | H15: Update server OnCloud | I15: 0.36 | J15: 0.1 | K15: 1.5 | L15: =I15*J15 -> 0.036 | M15: =MIN(1,I15*J15*K15) -> 0.054 | N15: =N14*M15 -> 0.007776 | O15: ='Settings '!$B$8 -> 0.1 | P15: =MIN(1,I15*O15*K15) -> 0.054 | Q15: =Q14*P15 -> 0.007776 | R15: ='Settings '!$B$9 -> 0.9 | S15: =MIN(1,I15*R15*K15) -> 0.486 | T15: =T14*S15 -> 0.486 | U15: =IF(E15=4,N15,"") | V15: =IF(E15=4,Q15,"") | W15: =IF(E15=4,T15,"") | X15: =IF(E15=4,IFERROR((LN(U15)-LN(V15))/(LN(W15)-LN(V15)),0),"") | Y15: =IF(E15=4,IF(X15>='Settings '!$B$7,"Risk A",IF(X15>='Settings '!$B$6,"Risk B","Risk C")),"") | Z15: =IF(Y15="Risk B",1,0) -> 0 | AA15: =IF(J15>='Settings '!$B$10,1,0) -> 0 | AB15: =IF(M15>='Settings '!$B$11,1,0) -> 0 | AC15: =ABS(M15-MIN(1,I15*J15*K15)) -> 0
A16: A | B16: 4 | C16: A-004 | D16: S3 | E16: 3 | F16: T1484.002 | G16: Trust Modification | H16: Business Server OnCloud | I16: 0.36 | J16: 0.1 | K16: 2 | L16: =I16*J16 -> 0.036 | M16: =MIN(1,I16*J16*K16) -> 0.072 | N16: =N15*M16 -> 0.000559872 | O16: ='Settings '!$B$8 -> 0.1 | P16: =MIN(1,I16*O16*K16) -> 0.072 | Q16: =Q15*P16 -> 0.000559872 | R16: ='Settings '!$B$9 -> 0.9 | S16: =MIN(1,I16*R16*K16) -> 0.648 | T16: =T15*S16 -> 0.314928 | U16: =IF(E16=4,N16,"") | V16: =IF(E16=4,Q16,"") | W16: =IF(E16=4,T16,"") | X16: =IF(E16=4,IFERROR((LN(U16)-LN(V16))/(LN(W16)-LN(V16)),0),"") | Y16: =IF(E16=4,IF(X16>='Settings '!$B$7,"Risk A",IF(X16>='Settings '!$B$6,"Risk B","Risk C")),"") | Z16: =IF(Y16="Risk B",1,0) -> 0 | AA16: =IF(J16>='Settings '!$B$10,1,0) -> 0 | AB16: =IF(M16>='Settings '!$B$11,1,0) -> 0 | AC16: =ABS(M16-MIN(1,I16*J16*K16)) -> 0
A17: A | B17: 4 | C17: A-004 | D17: S4 | E17: 4 | F17: T1496.004 | G17: Cloud Service Hijacking | H17: Proxy server OnCloud | I17: 0.18 | J17: 0.28 | K17: 2 | L17: =I17*J17 -> 0.0504 | M17: =MIN(1,I17*J17*K17) -> 0.1008 | N17: =N16*M17 -> 5.6435098e-05 | O17: ='Settings '!$B$8 -> 0.1 | P17: =MIN(1,I17*O17*K17) -> 0.036 | Q17: =Q16*P17 -> 2.0155392e-05 | R17: ='Settings '!$B$9 -> 0.9 | S17: =MIN(1,I17*R17*K17) -> 0.324 | T17: =T16*S17 -> 0.10203667 | U17: =IF(E17=4,N17,"") -> 5.6435098e-05 | V17: =IF(E17=4,Q17,"") -> 2.0155392e-05 | W17: =IF(E17=4,T17,"") -> 0.10203667 | X17: =IF(E17=4,IFERROR((LN(U17)-LN(V17))/(LN(W17)-LN(V17)),0),"") -> 0.12071111 | Y17: =IF(E17=4,IF(X17>='Settings '!$B$7,"Risk A",IF(X17>='Settings '!$B$6,"Risk B","Risk C")),"") -> Risk C | Z17: =IF(Y17="Risk B",1,0) -> 0 | AA17: =IF(J17>='Settings '!$B$10,1,0) -> 1 | AB17: =IF(M17>='Settings '!$B$11,1,0) -> 0 | AC17: =ABS(M17-MIN(1,I17*J17*K17)) -> 0
A18: A | B18: 5 | C18: A-005 | D18: S1 | E18: 1 | F18: T1078.004 | G18: Cloud Accounts | H18: Management Console for Business Server OnCloud | I18: 0.72 | J18: 0.1 | K18: 2 | L18: =I18*J18 -> 0.072 | M18: =MIN(1,I18*J18*K18) -> 0.144 | N18: =M18 -> 0.144 | O18: ='Settings '!$B$8 -> 0.1 | P18: =MIN(1,I18*O18*K18) -> 0.144 | Q18: =P18 -> 0.144 | R18: ='Settings '!$B$9 -> 0.9 | S18: =MIN(1,I18*R18*K18) -> 1 | T18: =S18 -> 1 | U18: =IF(E18=4,N18,"") | V18: =IF(E18=4,Q18,"") | W18: =IF(E18=4,T18,"") | X18: =IF(E18=4,IFERROR((LN(U18)-LN(V18))/(LN(W18)-LN(V18)),0),"") | Y18: =IF(E18=4,IF(X18>='Settings '!$B$7,"Risk A",IF(X18>='Settings '!$B$6,"Risk B","Risk C")),"") | Z18: =IF(Y18="Risk B",1,0) -> 0 | AA18: =IF(J18>='Settings '!$B$10,1,0) -> 0 | AB18: =IF(M18>='Settings '!$B$11,1,0) -> 0 | AC18: =ABS(M18-MIN(1,I18*J18*K18)) -> 0
A19: A | B19: 5 | C19: A-005 | D19: S2 | E19: 2 | F19: T1021.007 | G19: Cloud Services | H19: Update server OnCloud | I19: 0.36 | J19: 0.1 | K19: 1.5 | L19: =I19*J19 -> 0.036 | M19: =MIN(1,I19*J19*K19) -> 0.054 | N19: =N18*M19 -> 0.007776 | O19: ='Settings '!$B$8 -> 0.1 | P19: =MIN(1,I19*O19*K19) -> 0.054 | Q19: =Q18*P19 -> 0.007776 | R19: ='Settings '!$B$9 -> 0.9 | S19: =MIN(1,I19*R19*K19) -> 0.486 | T19: =T18*S19 -> 0.486 | U19: =IF(E19=4,N19,"") | V19: =IF(E19=4,Q19,"") | W19: =IF(E19=4,T19,"") | X19: =IF(E19=4,IFERROR((LN(U19)-LN(V19))/(LN(W19)-LN(V19)),0),"") | Y19: =IF(E19=4,IF(X19>='Settings '!$B$7,"Risk A",IF(X19>='Settings '!$B$6,"Risk B","Risk C")),"") | Z19: =IF(Y19="Risk B",1,0) -> 0 | AA19: =IF(J19>='Settings '!$B$10,1,0) -> 0 | AB19: =IF(M19>='Settings '!$B$11,1,0) -> 0 | AC19: =ABS(M19-MIN(1,I19*J19*K19)) -> 0
A20: A | B20: 5 | C20: A-005 | D20: S3 | E20: 3 | F20: T1059.009 | G20: Cloud API | H20: Business Server OnCloud | I20: 0.36 | J20: 0.1 | K20: 2 | L20: =I20*J20 -> 0.036 | M20: =MIN(1,I20*J20*K20) -> 0.072 | N20: =N19*M20 -> 0.000559872 | O20: ='Settings '!$B$8 -> 0.1 | P20: =MIN(1,I20*O20*K20) -> 0.072 | Q20: =Q19*P20 -> 0.000559872 | R20: ='Settings '!$B$9 -> 0.9 | S20: =MIN(1,I20*R20*K20) -> 0.648 | T20: =T19*S20 -> 0.314928 | U20: =IF(E20=4,N20,"") | V20: =IF(E20=4,Q20,"") | W20: =IF(E20=4,T20,"") | X20: =IF(E20=4,IFERROR((LN(U20)-LN(V20))/(LN(W20)-LN(V20)),0),"") | Y20: =IF(E20=4,IF(X20>='Settings '!$B$7,"Risk A",IF(X20>='Settings '!$B$6,"Risk B","Risk C")),"") | Z20: =IF(Y20="Risk B",1,0) -> 0 | AA20: =IF(J20>='Settings '!$B$10,1,0) -> 0 | AB20: =IF(M20>='Settings '!$B$11,1,0) -> 0 | AC20: =ABS(M20-MIN(1,I20*J20*K20)) -> 0
A21: A | B21: 5 | C21: A-005 | D21: S4 | E21: 4 | F21: T1486 | G21: Data Encrypted for Impact | H21: Proxy server OnCloud | I21: 0.9 | J21: 0.1 | K21: 2 | L21: =I21*J21 -> 0.09 | M21: =MIN(1,I21*J21*K21) -> 0.18 | N21: =N20*M21 -> 0.00010077696 | O21: ='Settings '!$B$8 -> 0.1 | P21: =MIN(1,I21*O21*K21) -> 0.18 | Q21: =Q20*P21 -> 0.00010077696 | R21: ='Settings '!$B$9 -> 0.9 | S21: =MIN(1,I21*R21*K21) -> 1 | T21: =T20*S21 -> 0.314928 | U21: =IF(E21=4,N21,"") -> 0.00010077696 | V21: =IF(E21=4,Q21,"") -> 0.00010077696 | W21: =IF(E21=4,T21,"") -> 0.314928 | X21: =IF(E21=4,IFERROR((LN(U21)-LN(V21))/(LN(W21)-LN(V21)),0),"") -> 0 | Y21: =IF(E21=4,IF(X21>='Settings '!$B$7,"Risk A",IF(X21>='Settings '!$B$6,"Risk B","Risk C")),"") -> Risk C | Z21: =IF(Y21="Risk B",1,0) -> 0 | AA21: =IF(J21>='Settings '!$B$10,1,0) -> 0 | AB21: =IF(M21>='Settings '!$B$11,1,0) -> 0 | AC21: =ABS(M21-MIN(1,I21*J21*K21)) -> 0
A22: A | B22: 6 | C22: A-006 | D22: S1 | E22: 1 | F22: T1078.004 | G22: Cloud Accounts | H22: Management Console for Business Server OnCloud | I22: 0.72 | J22: 0.1 | K22: 2 | L22: =I22*J22 -> 0.072 | M22: =MIN(1,I22*J22*K22) -> 0.144 | N22: =M22 -> 0.144 | O22: ='Settings '!$B$8 -> 0.1 | P22: =MIN(1,I22*O22*K22) -> 0.144 | Q22: =P22 -> 0.144 | R22: ='Settings '!$B$9 -> 0.9 | S22: =MIN(1,I22*R22*K22) -> 1 | T22: =S22 -> 1 | U22: =IF(E22=4,N22,"") | V22: =IF(E22=4,Q22,"") | W22: =IF(E22=4,T22,"") | X22: =IF(E22=4,IFERROR((LN(U22)-LN(V22))/(LN(W22)-LN(V22)),0),"") | Y22: =IF(E22=4,IF(X22>='Settings '!$B$7,"Risk A",IF(X22>='Settings '!$B$6,"Risk B","Risk C")),"") | Z22: =IF(Y22="Risk B",1,0) -> 0 | AA22: =IF(J22>='Settings '!$B$10,1,0) -> 0 | AB22: =IF(M22>='Settings '!$B$11,1,0) -> 0 | AC22: =ABS(M22-MIN(1,I22*J22*K22)) -> 0
A23: A | B23: 6 | C23: A-006 | D23: S2 | E23: 2 | F23: T1021.007 | G23: Cloud Services | H23: Update server OnCloud | I23: 0.36 | J23: 0.1 | K23: 1.5 | L23: =I23*J23 -> 0.036 | M23: =MIN(1,I23*J23*K23) -> 0.054 | N23: =N22*M23 -> 0.007776 | O23: ='Settings '!$B$8 -> 0.1 | P23: =MIN(1,I23*O23*K23) -> 0.054 | Q23: =Q22*P23 -> 0.007776 | R23: ='Settings '!$B$9 -> 0.9 | S23: =MIN(1,I23*R23*K23) -> 0.486 | T23: =T22*S23 -> 0.486 | U23: =IF(E23=4,N23,"") | V23: =IF(E23=4,Q23,"") | W23: =IF(E23=4,T23,"") | X23: =IF(E23=4,IFERROR((LN(U23)-LN(V23))/(LN(W23)-LN(V23)),0),"") | Y23: =IF(E23=4,IF(X23>='Settings '!$B$7,"Risk A",IF(X23>='Settings '!$B$6,"Risk B","Risk C")),"") | Z23: =IF(Y23="Risk B",1,0) -> 0 | AA23: =IF(J23>='Settings '!$B$10,1,0) -> 0 | AB23: =IF(M23>='Settings '!$B$11,1,0) -> 0 | AC23: =ABS(M23-MIN(1,I23*J23*K23)) -> 0
A24: A | B24: 6 | C24: A-006 | D24: S3 | E24: 3 | F24: T1059.009 | G24: Cloud API | H24: Business Server OnCloud | I24: 0.36 | J24: 0.1 | K24: 2 | L24: =I24*J24 -> 0.036 | M24: =MIN(1,I24*J24*K24) -> 0.072 | N24: =N23*M24 -> 0.000559872 | O24: ='Settings '!$B$8 -> 0.1 | P24: =MIN(1,I24*O24*K24) -> 0.072 | Q24: =Q23*P24 -> 0.000559872 | R24: ='Settings '!$B$9 -> 0.9 | S24: =MIN(1,I24*R24*K24) -> 0.648 | T24: =T23*S24 -> 0.314928 | U24: =IF(E24=4,N24,"") | V24: =IF(E24=4,Q24,"") | W24: =IF(E24=4,T24,"") | X24: =IF(E24=4,IFERROR((LN(U24)-LN(V24))/(LN(W24)-LN(V24)),0),"") | Y24: =IF(E24=4,IF(X24>='Settings '!$B$7,"Risk A",IF(X24>='Settings '!$B$6,"Risk B","Risk C")),"") | Z24: =IF(Y24="Risk B",1,0) -> 0 | AA24: =IF(J24>='Settings '!$B$10,1,0) -> 0 | AB24: =IF(M24>='Settings '!$B$11,1,0) -> 0 | AC24: =ABS(M24-MIN(1,I24*J24*K24)) -> 0
A25: A | B25: 6 | C25: A-006 | D25: S4 | E25: 4 | F25: T1496.001 | G25: Compute Hijacking | H25: Proxy server OnCloud | I25: 0.72 | J25: 0.28 | K25: 2 | L25: =I25*J25 -> 0.2016 | M25: =MIN(1,I25*J25*K25) -> 0.4032 | N25: =N24*M25 -> 0.00022574039 | O25: ='Settings '!$B$8 -> 0.1 | P25: =MIN(1,I25*O25*K25) -> 0.144 | Q25: =Q24*P25 -> 8.0621568e-05 | R25: ='Settings '!$B$9 -> 0.9 | S25: =MIN(1,I25*R25*K25) -> 1 | T25: =T24*S25 -> 0.314928 | U25: =IF(E25=4,N25,"") -> 0.00022574039 | V25: =IF(E25=4,Q25,"") -> 8.0621568e-05 | W25: =IF(E25=4,T25,"") -> 0.314928 | X25: =IF(E25=4,IFERROR((LN(U25)-LN(V25))/(LN(W25)-LN(V25)),0),"") -> 0.12449552 | Y25: =IF(E25=4,IF(X25>='Settings '!$B$7,"Risk A",IF(X25>='Settings '!$B$6,"Risk B","Risk C")),"") -> Risk C | Z25: =IF(Y25="Risk B",1,0) -> 0 | AA25: =IF(J25>='Settings '!$B$10,1,0) -> 1 | AB25: =IF(M25>='Settings '!$B$11,1,0) -> 1 | AC25: =ABS(M25-MIN(1,I25*J25*K25)) -> 0
A26: A | B26: 7 | C26: A-007 | D26: S1 | E26: 1 | F26: T1078.004 | G26: Cloud Accounts | H26: Management Console for Business Server OnCloud | I26: 0.72 | J26: 0.1 | K26: 2 | L26: =I26*J26 -> 0.072 | M26: =MIN(1,I26*J26*K26) -> 0.144 | N26: =M26 -> 0.144 | O26: ='Settings '!$B$8 -> 0.1 | P26: =MIN(1,I26*O26*K26) -> 0.144 | Q26: =P26 -> 0.144 | R26: ='Settings '!$B$9 -> 0.9 | S26: =MIN(1,I26*R26*K26) -> 1 | T26: =S26 -> 1 | U26: =IF(E26=4,N26,"") | V26: =IF(E26=4,Q26,"") | W26: =IF(E26=4,T26,"") | X26: =IF(E26=4,IFERROR((LN(U26)-LN(V26))/(LN(W26)-LN(V26)),0),"") | Y26: =IF(E26=4,IF(X26>='Settings '!$B$7,"Risk A",IF(X26>='Settings '!$B$6,"Risk B","Risk C")),"") | Z26: =IF(Y26="Risk B",1,0) -> 0 | AA26: =IF(J26>='Settings '!$B$10,1,0) -> 0 | AB26: =IF(M26>='Settings '!$B$11,1,0) -> 0 | AC26: =ABS(M26-MIN(1,I26*J26*K26)) -> 0
A27: A | B27: 7 | C27: A-007 | D27: S2 | E27: 2 | F27: T1021.007 | G27: Cloud Services | H27: Update server OnCloud | I27: 0.36 | J27: 0.1 | K27: 1.5 | L27: =I27*J27 -> 0.036 | M27: =MIN(1,I27*J27*K27) -> 0.054 | N27: =N26*M27 -> 0.007776 | O27: ='Settings '!$B$8 -> 0.1 | P27: =MIN(1,I27*O27*K27) -> 0.054 | Q27: =Q26*P27 -> 0.007776 | R27: ='Settings '!$B$9 -> 0.9 | S27: =MIN(1,I27*R27*K27) -> 0.486 | T27: =T26*S27 -> 0.486 | U27: =IF(E27=4,N27,"") | V27: =IF(E27=4,Q27,"") | W27: =IF(E27=4,T27,"") | X27: =IF(E27=4,IFERROR((LN(U27)-LN(V27))/(LN(W27)-LN(V27)),0),"") | Y27: =IF(E27=4,IF(X27>='Settings '!$B$7,"Risk A",IF(X27>='Settings '!$B$6,"Risk B","Risk C")),"") | Z27: =IF(Y27="Risk B",1,0) -> 0 | AA27: =IF(J27>='Settings '!$B$10,1,0) -> 0 | AB27: =IF(M27>='Settings '!$B$11,1,0) -> 0 | AC27: =ABS(M27-MIN(1,I27*J27*K27)) -> 0
A28: A | B28: 7 | C28: A-007 | D28: S3 | E28: 3 | F28: T1059.009 | G28: Cloud API | H28: Business Server OnCloud | I28: 0.36 | J28: 0.1 | K28: 2 | L28: =I28*J28 -> 0.036 | M28: =MIN(1,I28*J28*K28) -> 0.072 | N28: =N27*M28 -> 0.000559872 | O28: ='Settings '!$B$8 -> 0.1 | P28: =MIN(1,I28*O28*K28) -> 0.072 | Q28: =Q27*P28 -> 0.000559872 | R28: ='Settings '!$B$9 -> 0.9 | S28: =MIN(1,I28*R28*K28) -> 0.648 | T28: =T27*S28 -> 0.314928 | U28: =IF(E28=4,N28,"") | V28: =IF(E28=4,Q28,"") | W28: =IF(E28=4,T28,"") | X28: =IF(E28=4,IFERROR((LN(U28)-LN(V28))/(LN(W28)-LN(V28)),0),"") | Y28: =IF(E28=4,IF(X28>='Settings '!$B$7,"Risk A",IF(X28>='Settings '!$B$6,"Risk B","Risk C")),"") | Z28: =IF(Y28="Risk B",1,0) -> 0 | AA28: =IF(J28>='Settings '!$B$10,1,0) -> 0 | AB28: =IF(M28>='Settings '!$B$11,1,0) -> 0 | AC28: =ABS(M28-MIN(1,I28*J28*K28)) -> 0
A29: A | B29: 7 | C29: A-007 | D29: S4 | E29: 4 | F29: T1496.002 | G29: Bandwidth Hijacking | H29: Proxy server OnCloud | I29: 0.18 | J29: 0.28 | K29: 2 | L29: =I29*J29 -> 0.0504 | M29: =MIN(1,I29*J29*K29) -> 0.1008 | N29: =N28*M29 -> 5.6435098e-05 | O29: ='Settings '!$B$8 -> 0.1 | P29: =MIN(1,I29*O29*K29) -> 0.036 | Q29: =Q28*P29 -> 2.0155392e-05 | R29: ='Settings '!$B$9 -> 0.9 | S29: =MIN(1,I29*R29*K29) -> 0.324 | T29: =T28*S29 -> 0.10203667 | U29: =IF(E29=4,N29,"") -> 5.6435098e-05 | V29: =IF(E29=4,Q29,"") -> 2.0155392e-05 | W29: =IF(E29=4,T29,"") -> 0.10203667 | X29: =IF(E29=4,IFERROR((LN(U29)-LN(V29))/(LN(W29)-LN(V29)),0),"") -> 0.12071111 | Y29: =IF(E29=4,IF(X29>='Settings '!$B$7,"Risk A",IF(X29>='Settings '!$B$6,"Risk B","Risk C")),"") -> Risk C | Z29: =IF(Y29="Risk B",1,0) -> 0 | AA29: =IF(J29>='Settings '!$B$10,1,0) -> 1 | AB29: =IF(M29>='Settings '!$B$11,1,0) -> 0 | AC29: =ABS(M29-MIN(1,I29*J29*K29)) -> 0
A30: A | B30: 8 | C30: A-008 | D30: S1 | E30: 1 | F30: T1078.004 | G30: Cloud Accounts | H30: Management Console for Business Server OnCloud | I30: 0.72 | J30: 0.1 | K30: 2 | L30: =I30*J30 -> 0.072 | M30: =MIN(1,I30*J30*K30) -> 0.144 | N30: =M30 -> 0.144 | O30: ='Settings '!$B$8 -> 0.1 | P30: =MIN(1,I30*O30*K30) -> 0.144 | Q30: =P30 -> 0.144 | R30: ='Settings '!$B$9 -> 0.9 | S30: =MIN(1,I30*R30*K30) -> 1 | T30: =S30 -> 1 | U30: =IF(E30=4,N30,"") | V30: =IF(E30=4,Q30,"") | W30: =IF(E30=4,T30,"") | X30: =IF(E30=4,IFERROR((LN(U30)-LN(V30))/(LN(W30)-LN(V30)),0),"") | Y30: =IF(E30=4,IF(X30>='Settings '!$B$7,"Risk A",IF(X30>='Settings '!$B$6,"Risk B","Risk C")),"") | Z30: =IF(Y30="Risk B",1,0) -> 0 | AA30: =IF(J30>='Settings '!$B$10,1,0) -> 0 | AB30: =IF(M30>='Settings '!$B$11,1,0) -> 0 | AC30: =ABS(M30-MIN(1,I30*J30*K30)) -> 0
A31: A | B31: 8 | C31: A-008 | D31: S2 | E31: 2 | F31: T1021.007 | G31: Cloud Services | H31: Update server OnCloud | I31: 0.36 | J31: 0.1 | K31: 1.5 | L31: =I31*J31 -> 0.036 | M31: =MIN(1,I31*J31*K31) -> 0.054 | N31: =N30*M31 -> 0.007776 | O31: ='Settings '!$B$8 -> 0.1 | P31: =MIN(1,I31*O31*K31) -> 0.054 | Q31: =Q30*P31 -> 0.007776 | R31: ='Settings '!$B$9 -> 0.9 | S31: =MIN(1,I31*R31*K31) -> 0.486 | T31: =T30*S31 -> 0.486 | U31: =IF(E31=4,N31,"") | V31: =IF(E31=4,Q31,"") | W31: =IF(E31=4,T31,"") | X31: =IF(E31=4,IFERROR((LN(U31)-LN(V31))/(LN(W31)-LN(V31)),0),"") | Y31: =IF(E31=4,IF(X31>='Settings '!$B$7,"Risk A",IF(X31>='Settings '!$B$6,"Risk B","Risk C")),"") | Z31: =IF(Y31="Risk B",1,0) -> 0 | AA31: =IF(J31>='Settings '!$B$10,1,0) -> 0 | AB31: =IF(M31>='Settings '!$B$11,1,0) -> 0 | AC31: =ABS(M31-MIN(1,I31*J31*K31)) -> 0
A32: A | B32: 8 | C32: A-008 | D32: S3 | E32: 3 | F32: T1059.009 | G32: Cloud API | H32: Business Server OnCloud | I32: 0.36 | J32: 0.1 | K32: 2 | L32: =I32*J32 -> 0.036 | M32: =MIN(1,I32*J32*K32) -> 0.072 | N32: =N31*M32 -> 0.000559872 | O32: ='Settings '!$B$8 -> 0.1 | P32: =MIN(1,I32*O32*K32) -> 0.072 | Q32: =Q31*P32 -> 0.000559872 | R32: ='Settings '!$B$9 -> 0.9 | S32: =MIN(1,I32*R32*K32) -> 0.648 | T32: =T31*S32 -> 0.314928 | U32: =IF(E32=4,N32,"") | V32: =IF(E32=4,Q32,"") | W32: =IF(E32=4,T32,"") | X32: =IF(E32=4,IFERROR((LN(U32)-LN(V32))/(LN(W32)-LN(V32)),0),"") | Y32: =IF(E32=4,IF(X32>='Settings '!$B$7,"Risk A",IF(X32>='Settings '!$B$6,"Risk B","Risk C")),"") | Z32: =IF(Y32="Risk B",1,0) -> 0 | AA32: =IF(J32>='Settings '!$B$10,1,0) -> 0 | AB32: =IF(M32>='Settings '!$B$11,1,0) -> 0 | AC32: =ABS(M32-MIN(1,I32*J32*K32)) -> 0
A33: A | B33: 8 | C33: A-008 | D33: S4 | E33: 4 | F33: T1496.004 | G33: Cloud Service Hijacking | H33: Proxy server OnCloud | I33: 0.18 | J33: 0.28 | K33: 2 | L33: =I33*J33 -> 0.0504 | M33: =MIN(1,I33*J33*K33) -> 0.1008 | N33: =N32*M33 -> 5.6435098e-05 | O33: ='Settings '!$B$8 -> 0.1 | P33: =MIN(1,I33*O33*K33) -> 0.036 | Q33: =Q32*P33 -> 2.0155392e-05 | R33: ='Settings '!$B$9 -> 0.9 | S33: =MIN(1,I33*R33*K33) -> 0.324 | T33: =T32*S33 -> 0.10203667 | U33: =IF(E33=4,N33,"") -> 5.6435098e-05 | V33: =IF(E33=4,Q33,"") -> 2.0155392e-05 | W33: =IF(E33=4,T33,"") -> 0.10203667 | X33: =IF(E33=4,IFERROR((LN(U33)-LN(V33))/(LN(W33)-LN(V33)),0),"") -> 0.12071111 | Y33: =IF(E33=4,IF(X33>='Settings '!$B$7,"Risk A",IF(X33>='Settings '!$B$6,"Risk B","Risk C")),"") -> Risk C | Z33: =IF(Y33="Risk B",1,0) -> 0 | AA33: =IF(J33>='Settings '!$B$10,1,0) -> 1 | AB33: =IF(M33>='Settings '!$B$11,1,0) -> 0 | AC33: =ABS(M33-MIN(1,I33*J33*K33)) -> 0
A34: A | B34: 9 | C34: A-009 | D34: S1 | E34: 1 | F34: T1078.004 | G34: Cloud Accounts | H34: Management Console for Business Server OnCloud | I34: 0.72 | J34: 0.1 | K34: 2 | L34: =I34*J34 -> 0.072 | M34: =MIN(1,I34*J34*K34) -> 0.144 | N34: =M34 -> 0.144 | O34: ='Settings '!$B$8 -> 0.1 | P34: =MIN(1,I34*O34*K34) -> 0.144 | Q34: =P34 -> 0.144 | R34: ='Settings '!$B$9 -> 0.9 | S34: =MIN(1,I34*R34*K34) -> 1 | T34: =S34 -> 1 | U34: =IF(E34=4,N34,"") | V34: =IF(E34=4,Q34,"") | W34: =IF(E34=4,T34,"") | X34: =IF(E34=4,IFERROR((LN(U34)-LN(V34))/(LN(W34)-LN(V34)),0),"") | Y34: =IF(E34=4,IF(X34>='Settings '!$B$7,"Risk A",IF(X34>='Settings '!$B$6,"Risk B","Risk C")),"") | Z34: =IF(Y34="Risk B",1,0) -> 0 | AA34: =IF(J34>='Settings '!$B$10,1,0) -> 0 | AB34: =IF(M34>='Settings '!$B$11,1,0) -> 0 | AC34: =ABS(M34-MIN(1,I34*J34*K34)) -> 0
A35: A | B35: 9 | C35: A-009 | D35: S2 | E35: 2 | F35: T1021.007 | G35: Cloud Services | H35: Update server OnCloud | I35: 0.36 | J35: 0.1 | K35: 1.5 | L35: =I35*J35 -> 0.036 | M35: =MIN(1,I35*J35*K35) -> 0.054 | N35: =N34*M35 -> 0.007776 | O35: ='Settings '!$B$8 -> 0.1 | P35: =MIN(1,I35*O35*K35) -> 0.054 | Q35: =Q34*P35 -> 0.007776 | R35: ='Settings '!$B$9 -> 0.9 | S35: =MIN(1,I35*R35*K35) -> 0.486 | T35: =T34*S35 -> 0.486 | U35: =IF(E35=4,N35,"") | V35: =IF(E35=4,Q35,"") | W35: =IF(E35=4,T35,"") | X35: =IF(E35=4,IFERROR((LN(U35)-LN(V35))/(LN(W35)-LN(V35)),0),"") | Y35: =IF(E35=4,IF(X35>='Settings '!$B$7,"Risk A",IF(X35>='Settings '!$B$6,"Risk B","Risk C")),"") | Z35: =IF(Y35="Risk B",1,0) -> 0 | AA35: =IF(J35>='Settings '!$B$10,1,0) -> 0 | AB35: =IF(M35>='Settings '!$B$11,1,0) -> 0 | AC35: =ABS(M35-MIN(1,I35*J35*K35)) -> 0
A36: A | B36: 9 | C36: A-009 | D36: S3 | E36: 3 | F36: T1651 | G36: Cloud Administration Command | H36: Business Server OnCloud | I36: 0.36 | J36: 0.1 | K36: 2 | L36: =I36*J36 -> 0.036 | M36: =MIN(1,I36*J36*K36) -> 0.072 | N36: =N35*M36 -> 0.000559872 | O36: ='Settings '!$B$8 -> 0.1 | P36: =MIN(1,I36*O36*K36) -> 0.072 | Q36: =Q35*P36 -> 0.000559872 | R36: ='Settings '!$B$9 -> 0.9 | S36: =MIN(1,I36*R36*K36) -> 0.648 | T36: =T35*S36 -> 0.314928 | U36: =IF(E36=4,N36,"") | V36: =IF(E36=4,Q36,"") | W36: =IF(E36=4,T36,"") | X36: =IF(E36=4,IFERROR((LN(U36)-LN(V36))/(LN(W36)-LN(V36)),0),"") | Y36: =IF(E36=4,IF(X36>='Settings '!$B$7,"Risk A",IF(X36>='Settings '!$B$6,"Risk B","Risk C")),"") | Z36: =IF(Y36="Risk B",1,0) -> 0 | AA36: =IF(J36>='Settings '!$B$10,1,0) -> 0 | AB36: =IF(M36>='Settings '!$B$11,1,0) -> 0 | AC36: =ABS(M36-MIN(1,I36*J36*K36)) -> 0
A37: A | B37: 9 | C37: A-009 | D37: S4 | E37: 4 | F37: T1486 | G37: Data Encrypted for Impact | H37: Proxy server OnCloud | I37: 0.9 | J37: 0.1 | K37: 2 | L37: =I37*J37 -> 0.09 | M37: =MIN(1,I37*J37*K37) -> 0.18 | N37: =N36*M37 -> 0.00010077696 | O37: ='Settings '!$B$8 -> 0.1 | P37: =MIN(1,I37*O37*K37) -> 0.18 | Q37: =Q36*P37 -> 0.00010077696 | R37: ='Settings '!$B$9 -> 0.9 | S37: =MIN(1,I37*R37*K37) -> 1 | T37: =T36*S37 -> 0.314928 | U37: =IF(E37=4,N37,"") -> 0.00010077696 | V37: =IF(E37=4,Q37,"") -> 0.00010077696 | W37: =IF(E37=4,T37,"") -> 0.314928 | X37: =IF(E37=4,IFERROR((LN(U37)-LN(V37))/(LN(W37)-LN(V37)),0),"") -> 0 | Y37: =IF(E37=4,IF(X37>='Settings '!$B$7,"Risk A",IF(X37>='Settings '!$B$6,"Risk B","Risk C")),"") -> Risk C | Z37: =IF(Y37="Risk B",1,0) -> 0 | AA37: =IF(J37>='Settings '!$B$10,1,0) -> 0 | AB37: =IF(M37>='Settings '!$B$11,1,0) -> 0 | AC37: =ABS(M37-MIN(1,I37*J37*K37)) -> 0
A38: A | B38: 10 | C38: A-010 | D38: S1 | E38: 1 | F38: T1078.004 | G38: Cloud Accounts | H38: Management Console for Business Server OnCloud | I38: 0.72 | J38: 0.1 | K38: 2 | L38: =I38*J38 -> 0.072 | M38: =MIN(1,I38*J38*K38) -> 0.144 | N38: =M38 -> 0.144 | O38: ='Settings '!$B$8 -> 0.1 | P38: =MIN(1,I38*O38*K38) -> 0.144 | Q38: =P38 -> 0.144 | R38: ='Settings '!$B$9 -> 0.9 | S38: =MIN(1,I38*R38*K38) -> 1 | T38: =S38 -> 1 | U38: =IF(E38=4,N38,"") | V38: =IF(E38=4,Q38,"") | W38: =IF(E38=4,T38,"") | X38: =IF(E38=4,IFERROR((LN(U38)-LN(V38))/(LN(W38)-LN(V38)),0),"") | Y38: =IF(E38=4,IF(X38>='Settings '!$B$7,"Risk A",IF(X38>='Settings '!$B$6,"Risk B","Risk C")),"") | Z38: =IF(Y38="Risk B",1,0) -> 0 | AA38: =IF(J38>='Settings '!$B$10,1,0) -> 0 | AB38: =IF(M38>='Settings '!$B$11,1,0) -> 0 | AC38: =ABS(M38-MIN(1,I38*J38*K38)) -> 0
A39: A | B39: 10 | C39: A-010 | D39: S2 | E39: 2 | F39: T1021.007 | G39: Cloud Services | H39: Update server OnCloud | I39: 0.36 | J39: 0.1 | K39: 1.5 | L39: =I39*J39 -> 0.036 | M39: =MIN(1,I39*J39*K39) -> 0.054 | N39: =N38*M39 -> 0.007776 | O39: ='Settings '!$B$8 -> 0.1 | P39: =MIN(1,I39*O39*K39) -> 0.054 | Q39: =Q38*P39 -> 0.007776 | R39: ='Settings '!$B$9 -> 0.9 | S39: =MIN(1,I39*R39*K39) -> 0.486 | T39: =T38*S39 -> 0.486 | U39: =IF(E39=4,N39,"") | V39: =IF(E39=4,Q39,"") | W39: =IF(E39=4,T39,"") | X39: =IF(E39=4,IFERROR((LN(U39)-LN(V39))/(LN(W39)-LN(V39)),0),"") | Y39: =IF(E39=4,IF(X39>='Settings '!$B$7,"Risk A",IF(X39>='Settings '!$B$6,"Risk B","Risk C")),"") | Z39: =IF(Y39="Risk B",1,0) -> 0 | AA39: =IF(J39>='Settings '!$B$10,1,0) -> 0 | AB39: =IF(M39>='Settings '!$B$11,1,0) -> 0 | AC39: =ABS(M39-MIN(1,I39*J39*K39)) -> 0
A40: A | B40: 10 | C40: A-010 | D40: S3 | E40: 3 | F40: T1651 | G40: Cloud Administration Command | H40: Business Server OnCloud | I40: 0.36 | J40: 0.1 | K40: 2 | L40: =I40*J40 -> 0.036 | M40: =MIN(1,I40*J40*K40) -> 0.072 | N40: =N39*M40 -> 0.000559872 | O40: ='Settings '!$B$8 -> 0.1 | P40: =MIN(1,I40*O40*K40) -> 0.072 | Q40: =Q39*P40 -> 0.000559872 | R40: ='Settings '!$B$9 -> 0.9 | S40: =MIN(1,I40*R40*K40) -> 0.648 | T40: =T39*S40 -> 0.314928 | U40: =IF(E40=4,N40,"") | V40: =IF(E40=4,Q40,"") | W40: =IF(E40=4,T40,"") | X40: =IF(E40=4,IFERROR((LN(U40)-LN(V40))/(LN(W40)-LN(V40)),0),"") | Y40: =IF(E40=4,IF(X40>='Settings '!$B$7,"Risk A",IF(X40>='Settings '!$B$6,"Risk B","Risk C")),"") | Z40: =IF(Y40="Risk B",1,0) -> 0 | AA40: =IF(J40>='Settings '!$B$10,1,0) -> 0 | AB40: =IF(M40>='Settings '!$B$11,1,0) -> 0 | AC40: =ABS(M40-MIN(1,I40*J40*K40)) -> 0
A41: A | B41: 10 | C41: A-010 | D41: S4 | E41: 4 | F41: T1496.001 | G41: Compute Hijacking | H41: Proxy server OnCloud | I41: 0.72 | J41: 0.28 | K41: 2 | L41: =I41*J41 -> 0.2016 | M41: =MIN(1,I41*J41*K41) -> 0.4032 | N41: =N40*M41 -> 0.00022574039 | O41: ='Settings '!$B$8 -> 0.1 | P41: =MIN(1,I41*O41*K41) -> 0.144 | Q41: =Q40*P41 -> 8.0621568e-05 | R41: ='Settings '!$B$9 -> 0.9 | S41: =MIN(1,I41*R41*K41) -> 1 | T41: =T40*S41 -> 0.314928 | U41: =IF(E41=4,N41,"") -> 0.00022574039 | V41: =IF(E41=4,Q41,"") -> 8.0621568e-05 | W41: =IF(E41=4,T41,"") -> 0.314928 | X41: =IF(E41=4,IFERROR((LN(U41)-LN(V41))/(LN(W41)-LN(V41)),0),"") -> 0.12449552 | Y41: =IF(E41=4,IF(X41>='Settings '!$B$7,"Risk A",IF(X41>='Settings '!$B$6,"Risk B","Risk C")),"") -> Risk C | Z41: =IF(Y41="Risk B",1,0) -> 0 | AA41: =IF(J41>='Settings '!$B$10,1,0) -> 1 | AB41: =IF(M41>='Settings '!$B$11,1,0) -> 1 | AC41: =ABS(M41-MIN(1,I41*J41*K41)) -> 0
A42: A | B42: 11 | C42: A-011 | D42: S1 | E42: 1 | F42: T1078.004 | G42: Cloud Accounts | H42: Management Console for Business Server OnCloud | I42: 0.72 | J42: 0.1 | K42: 2 | L42: =I42*J42 -> 0.072 | M42: =MIN(1,I42*J42*K42) -> 0.144 | N42: =M42 -> 0.144 | O42: ='Settings '!$B$8 -> 0.1 | P42: =MIN(1,I42*O42*K42) -> 0.144 | Q42: =P42 -> 0.144 | R42: ='Settings '!$B$9 -> 0.9 | S42: =MIN(1,I42*R42*K42) -> 1 | T42: =S42 -> 1 | U42: =IF(E42=4,N42,"") | V42: =IF(E42=4,Q42,"") | W42: =IF(E42=4,T42,"") | X42: =IF(E42=4,IFERROR((LN(U42)-LN(V42))/(LN(W42)-LN(V42)),0),"") | Y42: =IF(E42=4,IF(X42>='Settings '!$B$7,"Risk A",IF(X42>='Settings '!$B$6,"Risk B","Risk C")),"") | Z42: =IF(Y42="Risk B",1,0) -> 0 | AA42: =IF(J42>='Settings '!$B$10,1,0) -> 0 | AB42: =IF(M42>='Settings '!$B$11,1,0) -> 0 | AC42: =ABS(M42-MIN(1,I42*J42*K42)) -> 0
A43: A | B43: 11 | C43: A-011 | D43: S2 | E43: 2 | F43: T1021.007 | G43: Cloud Services | H43: Update server OnCloud | I43: 0.36 | J43: 0.1 | K43: 1.5 | L43: =I43*J43 -> 0.036 | M43: =MIN(1,I43*J43*K43) -> 0.054 | N43: =N42*M43 -> 0.007776 | O43: ='Settings '!$B$8 -> 0.1 | P43: =MIN(1,I43*O43*K43) -> 0.054 | Q43: =Q42*P43 -> 0.007776 | R43: ='Settings '!$B$9 -> 0.9 | S43: =MIN(1,I43*R43*K43) -> 0.486 | T43: =T42*S43 -> 0.486 | U43: =IF(E43=4,N43,"") | V43: =IF(E43=4,Q43,"") | W43: =IF(E43=4,T43,"") | X43: =IF(E43=4,IFERROR((LN(U43)-LN(V43))/(LN(W43)-LN(V43)),0),"") | Y43: =IF(E43=4,IF(X43>='Settings '!$B$7,"Risk A",IF(X43>='Settings '!$B$6,"Risk B","Risk C")),"") | Z43: =IF(Y43="Risk B",1,0) -> 0 | AA43: =IF(J43>='Settings '!$B$10,1,0) -> 0 | AB43: =IF(M43>='Settings '!$B$11,1,0) -> 0 | AC43: =ABS(M43-MIN(1,I43*J43*K43)) -> 0
A44: A | B44: 11 | C44: A-011 | D44: S3 | E44: 3 | F44: T1651 | G44: Cloud Administration Command | H44: Business Server OnCloud | I44: 0.36 | J44: 0.1 | K44: 2 | L44: =I44*J44 -> 0.036 | M44: =MIN(1,I44*J44*K44) -> 0.072 | N44: =N43*M44 -> 0.000559872 | O44: ='Settings '!$B$8 -> 0.1 | P44: =MIN(1,I44*O44*K44) -> 0.072 | Q44: =Q43*P44 -> 0.000559872 | R44: ='Settings '!$B$9 -> 0.9 | S44: =MIN(1,I44*R44*K44) -> 0.648 | T44: =T43*S44 -> 0.314928 | U44: =IF(E44=4,N44,"") | V44: =IF(E44=4,Q44,"") | W44: =IF(E44=4,T44,"") | X44: =IF(E44=4,IFERROR((LN(U44)-LN(V44))/(LN(W44)-LN(V44)),0),"") | Y44: =IF(E44=4,IF(X44>='Settings '!$B$7,"Risk A",IF(X44>='Settings '!$B$6,"Risk B","Risk C")),"") | Z44: =IF(Y44="Risk B",1,0) -> 0 | AA44: =IF(J44>='Settings '!$B$10,1,0) -> 0 | AB44: =IF(M44>='Settings '!$B$11,1,0) -> 0 | AC44: =ABS(M44-MIN(1,I44*J44*K44)) -> 0
A45: A | B45: 11 | C45: A-011 | D45: S4 | E45: 4 | F45: T1496.002 | G45: Bandwidth Hijacking | H45: Proxy server OnCloud | I45: 0.18 | J45: 0.28 | K45: 2 | L45: =I45*J45 -> 0.0504 | M45: =MIN(1,I45*J45*K45) -> 0.1008 | N45: =N44*M45 -> 5.6435098e-05 | O45: ='Settings '!$B$8 -> 0.1 | P45: =MIN(1,I45*O45*K45) -> 0.036 | Q45: =Q44*P45 -> 2.0155392e-05 | R45: ='Settings '!$B$9 -> 0.9 | S45: =MIN(1,I45*R45*K45) -> 0.324 | T45: =T44*S45 -> 0.10203667 | U45: =IF(E45=4,N45,"") -> 5.6435098e-05 | V45: =IF(E45=4,Q45,"") -> 2.0155392e-05 | W45: =IF(E45=4,T45,"") -> 0.10203667 | X45: =IF(E45=4,IFERROR((LN(U45)-LN(V45))/(LN(W45)-LN(V45)),0),"") -> 0.12071111 | Y45: =IF(E45=4,IF(X45>='Settings '!$B$7,"Risk A",IF(X45>='Settings '!$B$6,"Risk B","Risk C")),"") -> Risk C | Z45: =IF(Y45="Risk B",1,0) -> 0 | AA45: =IF(J45>='Settings '!$B$10,1,0) -> 1 | AB45: =IF(M45>='Settings '!$B$11,1,0) -> 0 | AC45: =ABS(M45-MIN(1,I45*J45*K45)) -> 0
A46: A | B46: 12 | C46: A-012 | D46: S1 | E46: 1 | F46: T1078.004 | G46: Cloud Accounts | H46: Management Console for Business Server OnCloud | I46: 0.72 | J46: 0.1 | K46: 2 | L46: =I46*J46 -> 0.072 | M46: =MIN(1,I46*J46*K46) -> 0.144 | N46: =M46 -> 0.144 | O46: ='Settings '!$B$8 -> 0.1 | P46: =MIN(1,I46*O46*K46) -> 0.144 | Q46: =P46 -> 0.144 | R46: ='Settings '!$B$9 -> 0.9 | S46: =MIN(1,I46*R46*K46) -> 1 | T46: =S46 -> 1 | U46: =IF(E46=4,N46,"") | V46: =IF(E46=4,Q46,"") | W46: =IF(E46=4,T46,"") | X46: =IF(E46=4,IFERROR((LN(U46)-LN(V46))/(LN(W46)-LN(V46)),0),"") | Y46: =IF(E46=4,IF(X46>='Settings '!$B$7,"Risk A",IF(X46>='Settings '!$B$6,"Risk B","Risk C")),"") | Z46: =IF(Y46="Risk B",1,0) -> 0 | AA46: =IF(J46>='Settings '!$B$10,1,0) -> 0 | AB46: =IF(M46>='Settings '!$B$11,1,0) -> 0 | AC46: =ABS(M46-MIN(1,I46*J46*K46)) -> 0
A47: A | B47: 12 | C47: A-012 | D47: S2 | E47: 2 | F47: T1021.007 | G47: Cloud Services | H47: Update server OnCloud | I47: 0.36 | J47: 0.1 | K47: 1.5 | L47: =I47*J47 -> 0.036 | M47: =MIN(1,I47*J47*K47) -> 0.054 | N47: =N46*M47 -> 0.007776 | O47: ='Settings '!$B$8 -> 0.1 | P47: =MIN(1,I47*O47*K47) -> 0.054 | Q47: =Q46*P47 -> 0.007776 | R47: ='Settings '!$B$9 -> 0.9 | S47: =MIN(1,I47*R47*K47) -> 0.486 | T47: =T46*S47 -> 0.486 | U47: =IF(E47=4,N47,"") | V47: =IF(E47=4,Q47,"") | W47: =IF(E47=4,T47,"") | X47: =IF(E47=4,IFERROR((LN(U47)-LN(V47))/(LN(W47)-LN(V47)),0),"") | Y47: =IF(E47=4,IF(X47>='Settings '!$B$7,"Risk A",IF(X47>='Settings '!$B$6,"Risk B","Risk C")),"") | Z47: =IF(Y47="Risk B",1,0) -> 0 | AA47: =IF(J47>='Settings '!$B$10,1,0) -> 0 | AB47: =IF(M47>='Settings '!$B$11,1,0) -> 0 | AC47: =ABS(M47-MIN(1,I47*J47*K47)) -> 0
A48: A | B48: 12 | C48: A-012 | D48: S3 | E48: 3 | F48: T1651 | G48: Cloud Administration Command | H48: Business Server OnCloud | I48: 0.36 | J48: 0.1 | K48: 2 | L48: =I48*J48 -> 0.036 | M48: =MIN(1,I48*J48*K48) -> 0.072 | N48: =N47*M48 -> 0.000559872 | O48: ='Settings '!$B$8 -> 0.1 | P48: =MIN(1,I48*O48*K48) -> 0.072 | Q48: =Q47*P48 -> 0.000559872 | R48: ='Settings '!$B$9 -> 0.9 | S48: =MIN(1,I48*R48*K48) -> 0.648 | T48: =T47*S48 -> 0.314928 | U48: =IF(E48=4,N48,"") | V48: =IF(E48=4,Q48,"") | W48: =IF(E48=4,T48,"") | X48: =IF(E48=4,IFERROR((LN(U48)-LN(V48))/(LN(W48)-LN(V48)),0),"") | Y48: =IF(E48=4,IF(X48>='Settings '!$B$7,"Risk A",IF(X48>='Settings '!$B$6,"Risk B","Risk C")),"") | Z48: =IF(Y48="Risk B",1,0) -> 0 | AA48: =IF(J48>='Settings '!$B$10,1,0) -> 0 | AB48: =IF(M48>='Settings '!$B$11,1,0) -> 0 | AC48: =ABS(M48-MIN(1,I48*J48*K48)) -> 0
A49: A | B49: 12 | C49: A-012 | D49: S4 | E49: 4 | F49: T1496.004 | G49: Cloud Service Hijacking | H49: Proxy server OnCloud | I49: 0.18 | J49: 0.28 | K49: 2 | L49: =I49*J49 -> 0.0504 | M49: =MIN(1,I49*J49*K49) -> 0.1008 | N49: =N48*M49 -> 5.6435098e-05 | O49: ='Settings '!$B$8 -> 0.1 | P49: =MIN(1,I49*O49*K49) -> 0.036 | Q49: =Q48*P49 -> 2.0155392e-05 | R49: ='Settings '!$B$9 -> 0.9 | S49: =MIN(1,I49*R49*K49) -> 0.324 | T49: =T48*S49 -> 0.10203667 | U49: =IF(E49=4,N49,"") -> 5.6435098e-05 | V49: =IF(E49=4,Q49,"") -> 2.0155392e-05 | W49: =IF(E49=4,T49,"") -> 0.10203667 | X49: =IF(E49=4,IFERROR((LN(U49)-LN(V49))/(LN(W49)-LN(V49)),0),"") -> 0.12071111 | Y49: =IF(E49=4,IF(X49>='Settings '!$B$7,"Risk A",IF(X49>='Settings '!$B$6,"Risk B","Risk C")),"") -> Risk C | Z49: =IF(Y49="Risk B",1,0) -> 0 | AA49: =IF(J49>='Settings '!$B$10,1,0) -> 1 | AB49: =IF(M49>='Settings '!$B$11,1,0) -> 0 | AC49: =ABS(M49-MIN(1,I49*J49*K49)) -> 0
A50: A | B50: 13 | C50: A-013 | D50: S1 | E50: 1 | F50: T1078.004 | G50: Cloud Accounts | H50: Management Console for Business Server OnCloud | I50: 0.72 | J50: 0.1 | K50: 2 | L50: =I50*J50 -> 0.072 | M50: =MIN(1,I50*J50*K50) -> 0.144 | N50: =M50 -> 0.144 | O50: ='Settings '!$B$8 -> 0.1 | P50: =MIN(1,I50*O50*K50) -> 0.144 | Q50: =P50 -> 0.144 | R50: ='Settings '!$B$9 -> 0.9 | S50: =MIN(1,I50*R50*K50) -> 1 | T50: =S50 -> 1 | U50: =IF(E50=4,N50,"") | V50: =IF(E50=4,Q50,"") | W50: =IF(E50=4,T50,"") | X50: =IF(E50=4,IFERROR((LN(U50)-LN(V50))/(LN(W50)-LN(V50)),0),"") | Y50: =IF(E50=4,IF(X50>='Settings '!$B$7,"Risk A",IF(X50>='Settings '!$B$6,"Risk B","Risk C")),"") | Z50: =IF(Y50="Risk B",1,0) -> 0 | AA50: =IF(J50>='Settings '!$B$10,1,0) -> 0 | AB50: =IF(M50>='Settings '!$B$11,1,0) -> 0 | AC50: =ABS(M50-MIN(1,I50*J50*K50)) -> 0
A51: A | B51: 13 | C51: A-013 | D51: S2 | E51: 2 | F51: T1021.007 | G51: Cloud Services | H51: Update server OnCloud | I51: 0.36 | J51: 0.1 | K51: 1.5 | L51: =I51*J51 -> 0.036 | M51: =MIN(1,I51*J51*K51) -> 0.054 | N51: =N50*M51 -> 0.007776 | O51: ='Settings '!$B$8 -> 0.1 | P51: =MIN(1,I51*O51*K51) -> 0.054 | Q51: =Q50*P51 -> 0.007776 | R51: ='Settings '!$B$9 -> 0.9 | S51: =MIN(1,I51*R51*K51) -> 0.486 | T51: =T50*S51 -> 0.486 | U51: =IF(E51=4,N51,"") | V51: =IF(E51=4,Q51,"") | W51: =IF(E51=4,T51,"") | X51: =IF(E51=4,IFERROR((LN(U51)-LN(V51))/(LN(W51)-LN(V51)),0),"") | Y51: =IF(E51=4,IF(X51>='Settings '!$B$7,"Risk A",IF(X51>='Settings '!$B$6,"Risk B","Risk C")),"") | Z51: =IF(Y51="Risk B",1,0) -> 0 | AA51: =IF(J51>='Settings '!$B$10,1,0) -> 0 | AB51: =IF(M51>='Settings '!$B$11,1,0) -> 0 | AC51: =ABS(M51-MIN(1,I51*J51*K51)) -> 0
A52: A | B52: 13 | C52: A-013 | D52: S3 | E52: 3 | F52: T1555.006 | G52: Cloud Secrets Management Stores | H52: Business Server OnCloud | I52: 0.36 | J52: 0.1 | K52: 2 | L52: =I52*J52 -> 0.036 | M52: =MIN(1,I52*J52*K52) -> 0.072 | N52: =N51*M52 -> 0.000559872 | O52: ='Settings '!$B$8 -> 0.1 | P52: =MIN(1,I52*O52*K52) -> 0.072 | Q52: =Q51*P52 -> 0.000559872 | R52: ='Settings '!$B$9 -> 0.9 | S52: =MIN(1,I52*R52*K52) -> 0.648 | T52: =T51*S52 -> 0.314928 | U52: =IF(E52=4,N52,"") | V52: =IF(E52=4,Q52,"") | W52: =IF(E52=4,T52,"") | X52: =IF(E52=4,IFERROR((LN(U52)-LN(V52))/(LN(W52)-LN(V52)),0),"") | Y52: =IF(E52=4,IF(X52>='Settings '!$B$7,"Risk A",IF(X52>='Settings '!$B$6,"Risk B","Risk C")),"") | Z52: =IF(Y52="Risk B",1,0) -> 0 | AA52: =IF(J52>='Settings '!$B$10,1,0) -> 0 | AB52: =IF(M52>='Settings '!$B$11,1,0) -> 0 | AC52: =ABS(M52-MIN(1,I52*J52*K52)) -> 0
A53: A | B53: 13 | C53: A-013 | D53: S4 | E53: 4 | F53: T1486 | G53: Data Encrypted for Impact | H53: Proxy server OnCloud | I53: 0.9 | J53: 0.1 | K53: 2 | L53: =I53*J53 -> 0.09 | M53: =MIN(1,I53*J53*K53) -> 0.18 | N53: =N52*M53 -> 0.00010077696 | O53: ='Settings '!$B$8 -> 0.1 | P53: =MIN(1,I53*O53*K53) -> 0.18 | Q53: =Q52*P53 -> 0.00010077696 | R53: ='Settings '!$B$9 -> 0.9 | S53: =MIN(1,I53*R53*K53) -> 1 | T53: =T52*S53 -> 0.314928 | U53: =IF(E53=4,N53,"") -> 0.00010077696 | V53: =IF(E53=4,Q53,"") -> 0.00010077696 | W53: =IF(E53=4,T53,"") -> 0.314928 | X53: =IF(E53=4,IFERROR((LN(U53)-LN(V53))/(LN(W53)-LN(V53)),0),"") -> 0 | Y53: =IF(E53=4,IF(X53>='Settings '!$B$7,"Risk A",IF(X53>='Settings '!$B$6,"Risk B","Risk C")),"") -> Risk C | Z53: =IF(Y53="Risk B",1,0) -> 0 | AA53: =IF(J53>='Settings '!$B$10,1,0) -> 0 | AB53: =IF(M53>='Settings '!$B$11,1,0) -> 0 | AC53: =ABS(M53-MIN(1,I53*J53*K53)) -> 0
A54: A | B54: 14 | C54: A-014 | D54: S1 | E54: 1 | F54: T1078.004 | G54: Cloud Accounts | H54: Management Console for Business Server OnCloud | I54: 0.72 | J54: 0.1 | K54: 2 | L54: =I54*J54 -> 0.072 | M54: =MIN(1,I54*J54*K54) -> 0.144 | N54: =M54 -> 0.144 | O54: ='Settings '!$B$8 -> 0.1 | P54: =MIN(1,I54*O54*K54) -> 0.144 | Q54: =P54 -> 0.144 | R54: ='Settings '!$B$9 -> 0.9 | S54: =MIN(1,I54*R54*K54) -> 1 | T54: =S54 -> 1 | U54: =IF(E54=4,N54,"") | V54: =IF(E54=4,Q54,"") | W54: =IF(E54=4,T54,"") | X54: =IF(E54=4,IFERROR((LN(U54)-LN(V54))/(LN(W54)-LN(V54)),0),"") | Y54: =IF(E54=4,IF(X54>='Settings '!$B$7,"Risk A",IF(X54>='Settings '!$B$6,"Risk B","Risk C")),"") | Z54: =IF(Y54="Risk B",1,0) -> 0 | AA54: =IF(J54>='Settings '!$B$10,1,0) -> 0 | AB54: =IF(M54>='Settings '!$B$11,1,0) -> 0 | AC54: =ABS(M54-MIN(1,I54*J54*K54)) -> 0
A55: A | B55: 14 | C55: A-014 | D55: S2 | E55: 2 | F55: T1021.007 | G55: Cloud Services | H55: Update server OnCloud | I55: 0.36 | J55: 0.1 | K55: 1.5 | L55: =I55*J55 -> 0.036 | M55: =MIN(1,I55*J55*K55) -> 0.054 | N55: =N54*M55 -> 0.007776 | O55: ='Settings '!$B$8 -> 0.1 | P55: =MIN(1,I55*O55*K55) -> 0.054 | Q55: =Q54*P55 -> 0.007776 | R55: ='Settings '!$B$9 -> 0.9 | S55: =MIN(1,I55*R55*K55) -> 0.486 | T55: =T54*S55 -> 0.486 | U55: =IF(E55=4,N55,"") | V55: =IF(E55=4,Q55,"") | W55: =IF(E55=4,T55,"") | X55: =IF(E55=4,IFERROR((LN(U55)-LN(V55))/(LN(W55)-LN(V55)),0),"") | Y55: =IF(E55=4,IF(X55>='Settings '!$B$7,"Risk A",IF(X55>='Settings '!$B$6,"Risk B","Risk C")),"") | Z55: =IF(Y55="Risk B",1,0) -> 0 | AA55: =IF(J55>='Settings '!$B$10,1,0) -> 0 | AB55: =IF(M55>='Settings '!$B$11,1,0) -> 0 | AC55: =ABS(M55-MIN(1,I55*J55*K55)) -> 0
A56: A | B56: 14 | C56: A-014 | D56: S3 | E56: 3 | F56: T1555.006 | G56: Cloud Secrets Management Stores | H56: Business Server OnCloud | I56: 0.36 | J56: 0.1 | K56: 2 | L56: =I56*J56 -> 0.036 | M56: =MIN(1,I56*J56*K56) -> 0.072 | N56: =N55*M56 -> 0.000559872 | O56: ='Settings '!$B$8 -> 0.1 | P56: =MIN(1,I56*O56*K56) -> 0.072 | Q56: =Q55*P56 -> 0.000559872 | R56: ='Settings '!$B$9 -> 0.9 | S56: =MIN(1,I56*R56*K56) -> 0.648 | T56: =T55*S56 -> 0.314928 | U56: =IF(E56=4,N56,"") | V56: =IF(E56=4,Q56,"") | W56: =IF(E56=4,T56,"") | X56: =IF(E56=4,IFERROR((LN(U56)-LN(V56))/(LN(W56)-LN(V56)),0),"") | Y56: =IF(E56=4,IF(X56>='Settings '!$B$7,"Risk A",IF(X56>='Settings '!$B$6,"Risk B","Risk C")),"") | Z56: =IF(Y56="Risk B",1,0) -> 0 | AA56: =IF(J56>='Settings '!$B$10,1,0) -> 0 | AB56: =IF(M56>='Settings '!$B$11,1,0) -> 0 | AC56: =ABS(M56-MIN(1,I56*J56*K56)) -> 0
A57: A | B57: 14 | C57: A-014 | D57: S4 | E57: 4 | F57: T1496.001 | G57: Compute Hijacking | H57: Proxy server OnCloud | I57: 0.72 | J57: 0.28 | K57: 2 | L57: =I57*J57 -> 0.2016 | M57: =MIN(1,I57*J57*K57) -> 0.4032 | N57: =N56*M57 -> 0.00022574039 | O57: ='Settings '!$B$8 -> 0.1 | P57: =MIN(1,I57*O57*K57) -> 0.144 | Q57: =Q56*P57 -> 8.0621568e-05 | R57: ='Settings '!$B$9 -> 0.9 | S57: =MIN(1,I57*R57*K57) -> 1 | T57: =T56*S57 -> 0.314928 | U57: =IF(E57=4,N57,"") -> 0.00022574039 | V57: =IF(E57=4,Q57,"") -> 8.0621568e-05 | W57: =IF(E57=4,T57,"") -> 0.314928 | X57: =IF(E57=4,IFERROR((LN(U57)-LN(V57))/(LN(W57)-LN(V57)),0),"") -> 0.12449552 | Y57: =IF(E57=4,IF(X57>='Settings '!$B$7,"Risk A",IF(X57>='Settings '!$B$6,"Risk B","Risk C")),"") -> Risk C | Z57: =IF(Y57="Risk B",1,0) -> 0 | AA57: =IF(J57>='Settings '!$B$10,1,0) -> 1 | AB57: =IF(M57>='Settings '!$B$11,1,0) -> 1 | AC57: =ABS(M57-MIN(1,I57*J57*K57)) -> 0
A58: A | B58: 15 | C58: A-015 | D58: S1 | E58: 1 | F58: T1078.004 | G58: Cloud Accounts | H58: Management Console for Business Server OnCloud | I58: 0.72 | J58: 0.1 | K58: 2 | L58: =I58*J58 -> 0.072 | M58: =MIN(1,I58*J58*K58) -> 0.144 | N58: =M58 -> 0.144 | O58: ='Settings '!$B$8 -> 0.1 | P58: =MIN(1,I58*O58*K58) -> 0.144 | Q58: =P58 -> 0.144 | R58: ='Settings '!$B$9 -> 0.9 | S58: =MIN(1,I58*R58*K58) -> 1 | T58: =S58 -> 1 | U58: =IF(E58=4,N58,"") | V58: =IF(E58=4,Q58,"") | W58: =IF(E58=4,T58,"") | X58: =IF(E58=4,IFERROR((LN(U58)-LN(V58))/(LN(W58)-LN(V58)),0),"") | Y58: =IF(E58=4,IF(X58>='Settings '!$B$7,"Risk A",IF(X58>='Settings '!$B$6,"Risk B","Risk C")),"") | Z58: =IF(Y58="Risk B",1,0) -> 0 | AA58: =IF(J58>='Settings '!$B$10,1,0) -> 0 | AB58: =IF(M58>='Settings '!$B$11,1,0) -> 0 | AC58: =ABS(M58-MIN(1,I58*J58*K58)) -> 0
A59: A | B59: 15 | C59: A-015 | D59: S2 | E59: 2 | F59: T1021.007 | G59: Cloud Services | H59: Update server OnCloud | I59: 0.36 | J59: 0.1 | K59: 1.5 | L59: =I59*J59 -> 0.036 | M59: =MIN(1,I59*J59*K59) -> 0.054 | N59: =N58*M59 -> 0.007776 | O59: ='Settings '!$B$8 -> 0.1 | P59: =MIN(1,I59*O59*K59) -> 0.054 | Q59: =Q58*P59 -> 0.007776 | R59: ='Settings '!$B$9 -> 0.9 | S59: =MIN(1,I59*R59*K59) -> 0.486 | T59: =T58*S59 -> 0.486 | U59: =IF(E59=4,N59,"") | V59: =IF(E59=4,Q59,"") | W59: =IF(E59=4,T59,"") | X59: =IF(E59=4,IFERROR((LN(U59)-LN(V59))/(LN(W59)-LN(V59)),0),"") | Y59: =IF(E59=4,IF(X59>='Settings '!$B$7,"Risk A",IF(X59>='Settings '!$B$6,"Risk B","Risk C")),"") | Z59: =IF(Y59="Risk B",1,0) -> 0 | AA59: =IF(J59>='Settings '!$B$10,1,0) -> 0 | AB59: =IF(M59>='Settings '!$B$11,1,0) -> 0 | AC59: =ABS(M59-MIN(1,I59*J59*K59)) -> 0
A60: A | B60: 15 | C60: A-015 | D60: S3 | E60: 3 | F60: T1555.006 | G60: Cloud Secrets Management Stores | H60: Business Server OnCloud | I60: 0.36 | J60: 0.1 | K60: 2 | L60: =I60*J60 -> 0.036 | M60: =MIN(1,I60*J60*K60) -> 0.072 | N60: =N59*M60 -> 0.000559872 | O60: ='Settings '!$B$8 -> 0.1 | P60: =MIN(1,I60*O60*K60) -> 0.072 | Q60: =Q59*P60 -> 0.000559872 | R60: ='Settings '!$B$9 -> 0.9 | S60: =MIN(1,I60*R60*K60) -> 0.648 | T60: =T59*S60 -> 0.314928 | U60: =IF(E60=4,N60,"") | V60: =IF(E60=4,Q60,"") | W60: =IF(E60=4,T60,"") | X60: =IF(E60=4,IFERROR((LN(U60)-LN(V60))/(LN(W60)-LN(V60)),0),"") | Y60: =IF(E60=4,IF(X60>='Settings '!$B$7,"Risk A",IF(X60>='Settings '!$B$6,"Risk B","Risk C")),"") | Z60: =IF(Y60="Risk B",1,0) -> 0 | AA60: =IF(J60>='Settings '!$B$10,1,0) -> 0 | AB60: =IF(M60>='Settings '!$B$11,1,0) -> 0 | AC60: =ABS(M60-MIN(1,I60*J60*K60)) -> 0
A61: A | B61: 15 | C61: A-015 | D61: S4 | E61: 4 | F61: T1496.002 | G61: Bandwidth Hijacking | H61: Proxy server OnCloud | I61: 0.18 | J61: 0.28 | K61: 2 | L61: =I61*J61 -> 0.0504 | M61: =MIN(1,I61*J61*K61) -> 0.1008 | N61: =N60*M61 -> 5.6435098e-05 | O61: ='Settings '!$B$8 -> 0.1 | P61: =MIN(1,I61*O61*K61) -> 0.036 | Q61: =Q60*P61 -> 2.0155392e-05 | R61: ='Settings '!$B$9 -> 0.9 | S61: =MIN(1,I61*R61*K61) -> 0.324 | T61: =T60*S61 -> 0.10203667 | U61: =IF(E61=4,N61,"") -> 5.6435098e-05 | V61: =IF(E61=4,Q61,"") -> 2.0155392e-05 | W61: =IF(E61=4,T61,"") -> 0.10203667 | X61: =IF(E61=4,IFERROR((LN(U61)-LN(V61))/(LN(W61)-LN(V61)),0),"") -> 0.12071111 | Y61: =IF(E61=4,IF(X61>='Settings '!$B$7,"Risk A",IF(X61>='Settings '!$B$6,"Risk B","Risk C")),"") -> Risk C | Z61: =IF(Y61="Risk B",1,0) -> 0 | AA61: =IF(J61>='Settings '!$B$10,1,0) -> 1 | AB61: =IF(M61>='Settings '!$B$11,1,0) -> 0 | AC61: =ABS(M61-MIN(1,I61*J61*K61)) -> 0
A62: A | B62: 16 | C62: A-016 | D62: S1 | E62: 1 | F62: T1078.004 | G62: Cloud Accounts | H62: Management Console for Business Server OnCloud | I62: 0.72 | J62: 0.1 | K62: 2 | L62: =I62*J62 -> 0.072 | M62: =MIN(1,I62*J62*K62) -> 0.144 | N62: =M62 -> 0.144 | O62: ='Settings '!$B$8 -> 0.1 | P62: =MIN(1,I62*O62*K62) -> 0.144 | Q62: =P62 -> 0.144 | R62: ='Settings '!$B$9 -> 0.9 | S62: =MIN(1,I62*R62*K62) -> 1 | T62: =S62 -> 1 | U62: =IF(E62=4,N62,"") | V62: =IF(E62=4,Q62,"") | W62: =IF(E62=4,T62,"") | X62: =IF(E62=4,IFERROR((LN(U62)-LN(V62))/(LN(W62)-LN(V62)),0),"") | Y62: =IF(E62=4,IF(X62>='Settings '!$B$7,"Risk A",IF(X62>='Settings '!$B$6,"Risk B","Risk C")),"") | Z62: =IF(Y62="Risk B",1,0) -> 0 | AA62: =IF(J62>='Settings '!$B$10,1,0) -> 0 | AB62: =IF(M62>='Settings '!$B$11,1,0) -> 0 | AC62: =ABS(M62-MIN(1,I62*J62*K62)) -> 0
A63: A | B63: 16 | C63: A-016 | D63: S2 | E63: 2 | F63: T1021.007 | G63: Cloud Services | H63: Update server OnCloud | I63: 0.36 | J63: 0.1 | K63: 1.5 | L63: =I63*J63 -> 0.036 | M63: =MIN(1,I63*J63*K63) -> 0.054 | N63: =N62*M63 -> 0.007776 | O63: ='Settings '!$B$8 -> 0.1 | P63: =MIN(1,I63*O63*K63) -> 0.054 | Q63: =Q62*P63 -> 0.007776 | R63: ='Settings '!$B$9 -> 0.9 | S63: =MIN(1,I63*R63*K63) -> 0.486 | T63: =T62*S63 -> 0.486 | U63: =IF(E63=4,N63,"") | V63: =IF(E63=4,Q63,"") | W63: =IF(E63=4,T63,"") | X63: =IF(E63=4,IFERROR((LN(U63)-LN(V63))/(LN(W63)-LN(V63)),0),"") | Y63: =IF(E63=4,IF(X63>='Settings '!$B$7,"Risk A",IF(X63>='Settings '!$B$6,"Risk B","Risk C")),"") | Z63: =IF(Y63="Risk B",1,0) -> 0 | AA63: =IF(J63>='Settings '!$B$10,1,0) -> 0 | AB63: =IF(M63>='Settings '!$B$11,1,0) -> 0 | AC63: =ABS(M63-MIN(1,I63*J63*K63)) -> 0
A64: A | B64: 16 | C64: A-016 | D64: S3 | E64: 3 | F64: T1555.006 | G64: Cloud Secrets Management Stores | H64: Business Server OnCloud | I64: 0.36 | J64: 0.1 | K64: 2 | L64: =I64*J64 -> 0.036 | M64: =MIN(1,I64*J64*K64) -> 0.072 | N64: =N63*M64 -> 0.000559872 | O64: ='Settings '!$B$8 -> 0.1 | P64: =MIN(1,I64*O64*K64) -> 0.072 | Q64: =Q63*P64 -> 0.000559872 | R64: ='Settings '!$B$9 -> 0.9 | S64: =MIN(1,I64*R64*K64) -> 0.648 | T64: =T63*S64 -> 0.314928 | U64: =IF(E64=4,N64,"") | V64: =IF(E64=4,Q64,"") | W64: =IF(E64=4,T64,"") | X64: =IF(E64=4,IFERROR((LN(U64)-LN(V64))/(LN(W64)-LN(V64)),0),"") | Y64: =IF(E64=4,IF(X64>='Settings '!$B$7,"Risk A",IF(X64>='Settings '!$B$6,"Risk B","Risk C")),"") | Z64: =IF(Y64="Risk B",1,0) -> 0 | AA64: =IF(J64>='Settings '!$B$10,1,0) -> 0 | AB64: =IF(M64>='Settings '!$B$11,1,0) -> 0 | AC64: =ABS(M64-MIN(1,I64*J64*K64)) -> 0
A65: A | B65: 16 | C65: A-016 | D65: S4 | E65: 4 | F65: T1496.004 | G65: Cloud Service Hijacking | H65: Proxy server OnCloud | I65: 0.18 | J65: 0.28 | K65: 2 | L65: =I65*J65 -> 0.0504 | M65: =MIN(1,I65*J65*K65) -> 0.1008 | N65: =N64*M65 -> 5.6435098e-05 | O65: ='Settings '!$B$8 -> 0.1 | P65: =MIN(1,I65*O65*K65) -> 0.036 | Q65: =Q64*P65 -> 2.0155392e-05 | R65: ='Settings '!$B$9 -> 0.9 | S65: =MIN(1,I65*R65*K65) -> 0.324 | T65: =T64*S65 -> 0.10203667 | U65: =IF(E65=4,N65,"") -> 5.6435098e-05 | V65: =IF(E65=4,Q65,"") -> 2.0155392e-05 | W65: =IF(E65=4,T65,"") -> 0.10203667 | X65: =IF(E65=4,IFERROR((LN(U65)-LN(V65))/(LN(W65)-LN(V65)),0),"") -> 0.12071111 | Y65: =IF(E65=4,IF(X65>='Settings '!$B$7,"Risk A",IF(X65>='Settings '!$B$6,"Risk B","Risk C")),"") -> Risk C | Z65: =IF(Y65="Risk B",1,0) -> 0 | AA65: =IF(J65>='Settings '!$B$10,1,0) -> 1 | AB65: =IF(M65>='Settings '!$B$11,1,0) -> 0 | AC65: =ABS(M65-MIN(1,I65*J65*K65)) -> 0
A66: A | B66: 17 | C66: A-017 | D66: S1 | E66: 1 | F66: T1078.004 | G66: Cloud Accounts | H66: Management Console for Business Server OnCloud | I66: 0.72 | J66: 0.1 | K66: 2 | L66: =I66*J66 -> 0.072 | M66: =MIN(1,I66*J66*K66) -> 0.144 | N66: =M66 -> 0.144 | O66: ='Settings '!$B$8 -> 0.1 | P66: =MIN(1,I66*O66*K66) -> 0.144 | Q66: =P66 -> 0.144 | R66: ='Settings '!$B$9 -> 0.9 | S66: =MIN(1,I66*R66*K66) -> 1 | T66: =S66 -> 1 | U66: =IF(E66=4,N66,"") | V66: =IF(E66=4,Q66,"") | W66: =IF(E66=4,T66,"") | X66: =IF(E66=4,IFERROR((LN(U66)-LN(V66))/(LN(W66)-LN(V66)),0),"") | Y66: =IF(E66=4,IF(X66>='Settings '!$B$7,"Risk A",IF(X66>='Settings '!$B$6,"Risk B","Risk C")),"") | Z66: =IF(Y66="Risk B",1,0) -> 0 | AA66: =IF(J66>='Settings '!$B$10,1,0) -> 0 | AB66: =IF(M66>='Settings '!$B$11,1,0) -> 0 | AC66: =ABS(M66-MIN(1,I66*J66*K66)) -> 0
A67: A | B67: 17 | C67: A-017 | D67: S2 | E67: 2 | F67: T1484.002 | G67: Trust Modification | H67: Update server OnCloud | I67: 0.36 | J67: 0.1 | K67: 1.5 | L67: =I67*J67 -> 0.036 | M67: =MIN(1,I67*J67*K67) -> 0.054 | N67: =N66*M67 -> 0.007776 | O67: ='Settings '!$B$8 -> 0.1 | P67: =MIN(1,I67*O67*K67) -> 0.054 | Q67: =Q66*P67 -> 0.007776 | R67: ='Settings '!$B$9 -> 0.9 | S67: =MIN(1,I67*R67*K67) -> 0.486 | T67: =T66*S67 -> 0.486 | U67: =IF(E67=4,N67,"") | V67: =IF(E67=4,Q67,"") | W67: =IF(E67=4,T67,"") | X67: =IF(E67=4,IFERROR((LN(U67)-LN(V67))/(LN(W67)-LN(V67)),0),"") | Y67: =IF(E67=4,IF(X67>='Settings '!$B$7,"Risk A",IF(X67>='Settings '!$B$6,"Risk B","Risk C")),"") | Z67: =IF(Y67="Risk B",1,0) -> 0 | AA67: =IF(J67>='Settings '!$B$10,1,0) -> 0 | AB67: =IF(M67>='Settings '!$B$11,1,0) -> 0 | AC67: =ABS(M67-MIN(1,I67*J67*K67)) -> 0
A68: A | B68: 17 | C68: A-017 | D68: S3 | E68: 3 | F68: T1484.002 | G68: Trust Modification | H68: Business Server OnCloud | I68: 0.36 | J68: 0.1 | K68: 2 | L68: =I68*J68 -> 0.036 | M68: =MIN(1,I68*J68*K68) -> 0.072 | N68: =N67*M68 -> 0.000559872 | O68: ='Settings '!$B$8 -> 0.1 | P68: =MIN(1,I68*O68*K68) -> 0.072 | Q68: =Q67*P68 -> 0.000559872 | R68: ='Settings '!$B$9 -> 0.9 | S68: =MIN(1,I68*R68*K68) -> 0.648 | T68: =T67*S68 -> 0.314928 | U68: =IF(E68=4,N68,"") | V68: =IF(E68=4,Q68,"") | W68: =IF(E68=4,T68,"") | X68: =IF(E68=4,IFERROR((LN(U68)-LN(V68))/(LN(W68)-LN(V68)),0),"") | Y68: =IF(E68=4,IF(X68>='Settings '!$B$7,"Risk A",IF(X68>='Settings '!$B$6,"Risk B","Risk C")),"") | Z68: =IF(Y68="Risk B",1,0) -> 0 | AA68: =IF(J68>='Settings '!$B$10,1,0) -> 0 | AB68: =IF(M68>='Settings '!$B$11,1,0) -> 0 | AC68: =ABS(M68-MIN(1,I68*J68*K68)) -> 0
A69: A | B69: 17 | C69: A-017 | D69: S4 | E69: 4 | F69: T1486 | G69: Data Encrypted for Impact | H69: Proxy server OnCloud | I69: 0.9 | J69: 0.1 | K69: 2 | L69: =I69*J69 -> 0.09 | M69: =MIN(1,I69*J69*K69) -> 0.18 | N69: =N68*M69 -> 0.00010077696 | O69: ='Settings '!$B$8 -> 0.1 | P69: =MIN(1,I69*O69*K69) -> 0.18 | Q69: =Q68*P69 -> 0.00010077696 | R69: ='Settings '!$B$9 -> 0.9 | S69: =MIN(1,I69*R69*K69) -> 1 | T69: =T68*S69 -> 0.314928 | U69: =IF(E69=4,N69,"") -> 0.00010077696 | V69: =IF(E69=4,Q69,"") -> 0.00010077696 | W69: =IF(E69=4,T69,"") -> 0.314928 | X69: =IF(E69=4,IFERROR((LN(U69)-LN(V69))/(LN(W69)-LN(V69)),0),"") -> 0 | Y69: =IF(E69=4,IF(X69>='Settings '!$B$7,"Risk A",IF(X69>='Settings '!$B$6,"Risk B","Risk C")),"") -> Risk C | Z69: =IF(Y69="Risk B",1,0) -> 0 | AA69: =IF(J69>='Settings '!$B$10,1,0) -> 0 | AB69: =IF(M69>='Settings '!$B$11,1,0) -> 0 | AC69: =ABS(M69-MIN(1,I69*J69*K69)) -> 0
A70: A | B70: 18 | C70: A-018 | D70: S1 | E70: 1 | F70: T1078.004 | G70: Cloud Accounts | H70: Management Console for Business Server OnCloud | I70: 0.72 | J70: 0.1 | K70: 2 | L70: =I70*J70 -> 0.072 | M70: =MIN(1,I70*J70*K70) -> 0.144 | N70: =M70 -> 0.144 | O70: ='Settings '!$B$8 -> 0.1 | P70: =MIN(1,I70*O70*K70) -> 0.144 | Q70: =P70 -> 0.144 | R70: ='Settings '!$B$9 -> 0.9 | S70: =MIN(1,I70*R70*K70) -> 1 | T70: =S70 -> 1 | U70: =IF(E70=4,N70,"") | V70: =IF(E70=4,Q70,"") | W70: =IF(E70=4,T70,"") | X70: =IF(E70=4,IFERROR((LN(U70)-LN(V70))/(LN(W70)-LN(V70)),0),"") | Y70: =IF(E70=4,IF(X70>='Settings '!$B$7,"Risk A",IF(X70>='Settings '!$B$6,"Risk B","Risk C")),"") | Z70: =IF(Y70="Risk B",1,0) -> 0 | AA70: =IF(J70>='Settings '!$B$10,1,0) -> 0 | AB70: =IF(M70>='Settings '!$B$11,1,0) -> 0 | AC70: =ABS(M70-MIN(1,I70*J70*K70)) -> 0
A71: A | B71: 18 | C71: A-018 | D71: S2 | E71: 2 | F71: T1484.002 | G71: Trust Modification | H71: Update server OnCloud | I71: 0.36 | J71: 0.1 | K71: 1.5 | L71: =I71*J71 -> 0.036 | M71: =MIN(1,I71*J71*K71) -> 0.054 | N71: =N70*M71 -> 0.007776 | O71: ='Settings '!$B$8 -> 0.1 | P71: =MIN(1,I71*O71*K71) -> 0.054 | Q71: =Q70*P71 -> 0.007776 | R71: ='Settings '!$B$9 -> 0.9 | S71: =MIN(1,I71*R71*K71) -> 0.486 | T71: =T70*S71 -> 0.486 | U71: =IF(E71=4,N71,"") | V71: =IF(E71=4,Q71,"") | W71: =IF(E71=4,T71,"") | X71: =IF(E71=4,IFERROR((LN(U71)-LN(V71))/(LN(W71)-LN(V71)),0),"") | Y71: =IF(E71=4,IF(X71>='Settings '!$B$7,"Risk A",IF(X71>='Settings '!$B$6,"Risk B","Risk C")),"") | Z71: =IF(Y71="Risk B",1,0) -> 0 | AA71: =IF(J71>='Settings '!$B$10,1,0) -> 0 | AB71: =IF(M71>='Settings '!$B$11,1,0) -> 0 | AC71: =ABS(M71-MIN(1,I71*J71*K71)) -> 0
A72: A | B72: 18 | C72: A-018 | D72: S3 | E72: 3 | F72: T1484.002 | G72: Trust Modification | H72: Business Server OnCloud | I72: 0.36 | J72: 0.1 | K72: 2 | L72: =I72*J72 -> 0.036 | M72: =MIN(1,I72*J72*K72) -> 0.072 | N72: =N71*M72 -> 0.000559872 | O72: ='Settings '!$B$8 -> 0.1 | P72: =MIN(1,I72*O72*K72) -> 0.072 | Q72: =Q71*P72 -> 0.000559872 | R72: ='Settings '!$B$9 -> 0.9 | S72: =MIN(1,I72*R72*K72) -> 0.648 | T72: =T71*S72 -> 0.314928 | U72: =IF(E72=4,N72,"") | V72: =IF(E72=4,Q72,"") | W72: =IF(E72=4,T72,"") | X72: =IF(E72=4,IFERROR((LN(U72)-LN(V72))/(LN(W72)-LN(V72)),0),"") | Y72: =IF(E72=4,IF(X72>='Settings '!$B$7,"Risk A",IF(X72>='Settings '!$B$6,"Risk B","Risk C")),"") | Z72: =IF(Y72="Risk B",1,0) -> 0 | AA72: =IF(J72>='Settings '!$B$10,1,0) -> 0 | AB72: =IF(M72>='Settings '!$B$11,1,0) -> 0 | AC72: =ABS(M72-MIN(1,I72*J72*K72)) -> 0
A73: A | B73: 18 | C73: A-018 | D73: S4 | E73: 4 | F73: T1496.001 | G73: Compute Hijacking | H73: Proxy server OnCloud | I73: 0.72 | J73: 0.28 | K73: 2 | L73: =I73*J73 -> 0.2016 | M73: =MIN(1,I73*J73*K73) -> 0.4032 | N73: =N72*M73 -> 0.00022574039 | O73: ='Settings '!$B$8 -> 0.1 | P73: =MIN(1,I73*O73*K73) -> 0.144 | Q73: =Q72*P73 -> 8.0621568e-05 | R73: ='Settings '!$B$9 -> 0.9 | S73: =MIN(1,I73*R73*K73) -> 1 | T73: =T72*S73 -> 0.314928 | U73: =IF(E73=4,N73,"") -> 0.00022574039 | V73: =IF(E73=4,Q73,"") -> 8.0621568e-05 | W73: =IF(E73=4,T73,"") -> 0.314928 | X73: =IF(E73=4,IFERROR((LN(U73)-LN(V73))/(LN(W73)-LN(V73)),0),"") -> 0.12449552 | Y73: =IF(E73=4,IF(X73>='Settings '!$B$7,"Risk A",IF(X73>='Settings '!$B$6,"Risk B","Risk C")),"") -> Risk C | Z73: =IF(Y73="Risk B",1,0) -> 0 | AA73: =IF(J73>='Settings '!$B$10,1,0) -> 1 | AB73: =IF(M73>='Settings '!$B$11,1,0) -> 1 | AC73: =ABS(M73-MIN(1,I73*J73*K73)) -> 0
A74: A | B74: 19 | C74: A-019 | D74: S1 | E74: 1 | F74: T1078.004 | G74: Cloud Accounts | H74: Management Console for Business Server OnCloud | I74: 0.72 | J74: 0.1 | K74: 2 | L74: =I74*J74 -> 0.072 | M74: =MIN(1,I74*J74*K74) -> 0.144 | N74: =M74 -> 0.144 | O74: ='Settings '!$B$8 -> 0.1 | P74: =MIN(1,I74*O74*K74) -> 0.144 | Q74: =P74 -> 0.144 | R74: ='Settings '!$B$9 -> 0.9 | S74: =MIN(1,I74*R74*K74) -> 1 | T74: =S74 -> 1 | U74: =IF(E74=4,N74,"") | V74: =IF(E74=4,Q74,"") | W74: =IF(E74=4,T74,"") | X74: =IF(E74=4,IFERROR((LN(U74)-LN(V74))/(LN(W74)-LN(V74)),0),"") | Y74: =IF(E74=4,IF(X74>='Settings '!$B$7,"Risk A",IF(X74>='Settings '!$B$6,"Risk B","Risk C")),"") | Z74: =IF(Y74="Risk B",1,0) -> 0 | AA74: =IF(J74>='Settings '!$B$10,1,0) -> 0 | AB74: =IF(M74>='Settings '!$B$11,1,0) -> 0 | AC74: =ABS(M74-MIN(1,I74*J74*K74)) -> 0
A75: A | B75: 19 | C75: A-019 | D75: S2 | E75: 2 | F75: T1484.002 | G75: Trust Modification | H75: Update server OnCloud | I75: 0.36 | J75: 0.1 | K75: 1.5 | L75: =I75*J75 -> 0.036 | M75: =MIN(1,I75*J75*K75) -> 0.054 | N75: =N74*M75 -> 0.007776 | O75: ='Settings '!$B$8 -> 0.1 | P75: =MIN(1,I75*O75*K75) -> 0.054 | Q75: =Q74*P75 -> 0.007776 | R75: ='Settings '!$B$9 -> 0.9 | S75: =MIN(1,I75*R75*K75) -> 0.486 | T75: =T74*S75 -> 0.486 | U75: =IF(E75=4,N75,"") | V75: =IF(E75=4,Q75,"") | W75: =IF(E75=4,T75,"") | X75: =IF(E75=4,IFERROR((LN(U75)-LN(V75))/(LN(W75)-LN(V75)),0),"") | Y75: =IF(E75=4,IF(X75>='Settings '!$B$7,"Risk A",IF(X75>='Settings '!$B$6,"Risk B","Risk C")),"") | Z75: =IF(Y75="Risk B",1,0) -> 0 | AA75: =IF(J75>='Settings '!$B$10,1,0) -> 0 | AB75: =IF(M75>='Settings '!$B$11,1,0) -> 0 | AC75: =ABS(M75-MIN(1,I75*J75*K75)) -> 0
A76: A | B76: 19 | C76: A-019 | D76: S3 | E76: 3 | F76: T1484.002 | G76: Trust Modification | H76: Business Server OnCloud | I76: 0.36 | J76: 0.1 | K76: 2 | L76: =I76*J76 -> 0.036 | M76: =MIN(1,I76*J76*K76) -> 0.072 | N76: =N75*M76 -> 0.000559872 | O76: ='Settings '!$B$8 -> 0.1 | P76: =MIN(1,I76*O76*K76) -> 0.072 | Q76: =Q75*P76 -> 0.000559872 | R76: ='Settings '!$B$9 -> 0.9 | S76: =MIN(1,I76*R76*K76) -> 0.648 | T76: =T75*S76 -> 0.314928 | U76: =IF(E76=4,N76,"") | V76: =IF(E76=4,Q76,"") | W76: =IF(E76=4,T76,"") | X76: =IF(E76=4,IFERROR((LN(U76)-LN(V76))/(LN(W76)-LN(V76)),0),"") | Y76: =IF(E76=4,IF(X76>='Settings '!$B$7,"Risk A",IF(X76>='Settings '!$B$6,"Risk B","Risk C")),"") | Z76: =IF(Y76="Risk B",1,0) -> 0 | AA76: =IF(J76>='Settings '!$B$10,1,0) -> 0 | AB76: =IF(M76>='Settings '!$B$11,1,0) -> 0 | AC76: =ABS(M76-MIN(1,I76*J76*K76)) -> 0
A77: A | B77: 19 | C77: A-019 | D77: S4 | E77: 4 | F77: T1496.002 | G77: Bandwidth Hijacking | H77: Proxy server OnCloud | I77: 0.18 | J77: 0.28 | K77: 2 | L77: =I77*J77 -> 0.0504 | M77: =MIN(1,I77*J77*K77) -> 0.1008 | N77: =N76*M77 -> 5.6435098e-05 | O77: ='Settings '!$B$8 -> 0.1 | P77: =MIN(1,I77*O77*K77) -> 0.036 | Q77: =Q76*P77 -> 2.0155392e-05 | R77: ='Settings '!$B$9 -> 0.9 | S77: =MIN(1,I77*R77*K77) -> 0.324 | T77: =T76*S77 -> 0.10203667 | U77: =IF(E77=4,N77,"") -> 5.6435098e-05 | V77: =IF(E77=4,Q77,"") -> 2.0155392e-05 | W77: =IF(E77=4,T77,"") -> 0.10203667 | X77: =IF(E77=4,IFERROR((LN(U77)-LN(V77))/(LN(W77)-LN(V77)),0),"") -> 0.12071111 | Y77: =IF(E77=4,IF(X77>='Settings '!$B$7,"Risk A",IF(X77>='Settings '!$B$6,"Risk B","Risk C")),"") -> Risk C | Z77: =IF(Y77="Risk B",1,0) -> 0 | AA77: =IF(J77>='Settings '!$B$10,1,0) -> 1 | AB77: =IF(M77>='Settings '!$B$11,1,0) -> 0 | AC77: =ABS(M77-MIN(1,I77*J77*K77)) -> 0
A78: A | B78: 20 | C78: A-020 | D78: S1 | E78: 1 | F78: T1078.004 | G78: Cloud Accounts | H78: Management Console for Business Server OnCloud | I78: 0.72 | J78: 0.1 | K78: 2 | L78: =I78*J78 -> 0.072 | M78: =MIN(1,I78*J78*K78) -> 0.144 | N78: =M78 -> 0.144 | O78: ='Settings '!$B$8 -> 0.1 | P78: =MIN(1,I78*O78*K78) -> 0.144 | Q78: =P78 -> 0.144 | R78: ='Settings '!$B$9 -> 0.9 | S78: =MIN(1,I78*R78*K78) -> 1 | T78: =S78 -> 1 | U78: =IF(E78=4,N78,"") | V78: =IF(E78=4,Q78,"") | W78: =IF(E78=4,T78,"") | X78: =IF(E78=4,IFERROR((LN(U78)-LN(V78))/(LN(W78)-LN(V78)),0),"") | Y78: =IF(E78=4,IF(X78>='Settings '!$B$7,"Risk A",IF(X78>='Settings '!$B$6,"Risk B","Risk C")),"") | Z78: =IF(Y78="Risk B",1,0) -> 0 | AA78: =IF(J78>='Settings '!$B$10,1,0) -> 0 | AB78: =IF(M78>='Settings '!$B$11,1,0) -> 0 | AC78: =ABS(M78-MIN(1,I78*J78*K78)) -> 0
A79: A | B79: 20 | C79: A-020 | D79: S2 | E79: 2 | F79: T1484.002 | G79: Trust Modification | H79: Update server OnCloud | I79: 0.36 | J79: 0.1 | K79: 1.5 | L79: =I79*J79 -> 0.036 | M79: =MIN(1,I79*J79*K79) -> 0.054 | N79: =N78*M79 -> 0.007776 | O79: ='Settings '!$B$8 -> 0.1 | P79: =MIN(1,I79*O79*K79) -> 0.054 | Q79: =Q78*P79 -> 0.007776 | R79: ='Settings '!$B$9 -> 0.9 | S79: =MIN(1,I79*R79*K79) -> 0.486 | T79: =T78*S79 -> 0.486 | U79: =IF(E79=4,N79,"") | V79: =IF(E79=4,Q79,"") | W79: =IF(E79=4,T79,"") | X79: =IF(E79=4,IFERROR((LN(U79)-LN(V79))/(LN(W79)-LN(V79)),0),"") | Y79: =IF(E79=4,IF(X79>='Settings '!$B$7,"Risk A",IF(X79>='Settings '!$B$6,"Risk B","Risk C")),"") | Z79: =IF(Y79="Risk B",1,0) -> 0 | AA79: =IF(J79>='Settings '!$B$10,1,0) -> 0 | AB79: =IF(M79>='Settings '!$B$11,1,0) -> 0 | AC79: =ABS(M79-MIN(1,I79*J79*K79)) -> 0
A80: A | B80: 20 | C80: A-020 | D80: S3 | E80: 3 | F80: T1484.002 | G80: Trust Modification | H80: Business Server OnCloud | I80: 0.36 | J80: 0.1 | K80: 2 | L80: =I80*J80 -> 0.036 | M80: =MIN(1,I80*J80*K80) -> 0.072 | N80: =N79*M80 -> 0.000559872 | O80: ='Settings '!$B$8 -> 0.1 | P80: =MIN(1,I80*O80*K80) -> 0.072 | Q80: =Q79*P80 -> 0.000559872 | R80: ='Settings '!$B$9 -> 0.9 | S80: =MIN(1,I80*R80*K80) -> 0.648 | T80: =T79*S80 -> 0.314928 | U80: =IF(E80=4,N80,"") | V80: =IF(E80=4,Q80,"") | W80: =IF(E80=4,T80,"") | X80: =IF(E80=4,IFERROR((LN(U80)-LN(V80))/(LN(W80)-LN(V80)),0),"") | Y80: =IF(E80=4,IF(X80>='Settings '!$B$7,"Risk A",IF(X80>='Settings '!$B$6,"Risk B","Risk C")),"") | Z80: =IF(Y80="Risk B",1,0) -> 0 | AA80: =IF(J80>='Settings '!$B$10,1,0) -> 0 | AB80: =IF(M80>='Settings '!$B$11,1,0) -> 0 | AC80: =ABS(M80-MIN(1,I80*J80*K80)) -> 0
A81: A | B81: 20 | C81: A-020 | D81: S4 | E81: 4 | F81: T1496.004 | G81: Cloud Service Hijacking | H81: Proxy server OnCloud | I81: 0.18 | J81: 0.28 | K81: 2 | L81: =I81*J81 -> 0.0504 | M81: =MIN(1,I81*J81*K81) -> 0.1008 | N81: =N80*M81 -> 5.6435098e-05 | O81: ='Settings '!$B$8 -> 0.1 | P81: =MIN(1,I81*O81*K81) -> 0.036 | Q81: =Q80*P81 -> 2.0155392e-05 | R81: ='Settings '!$B$9 -> 0.9 | S81: =MIN(1,I81*R81*K81) -> 0.324 | T81: =T80*S81 -> 0.10203667 | U81: =IF(E81=4,N81,"") -> 5.6435098e-05 | V81: =IF(E81=4,Q81,"") -> 2.0155392e-05 | W81: =IF(E81=4,T81,"") -> 0.10203667 | X81: =IF(E81=4,IFERROR((LN(U81)-LN(V81))/(LN(W81)-LN(V81)),0),"") -> 0.12071111 | Y81: =IF(E81=4,IF(X81>='Settings '!$B$7,"Risk A",IF(X81>='Settings '!$B$6,"Risk B","Risk C")),"") -> Risk C | Z81: =IF(Y81="Risk B",1,0) -> 0 | AA81: =IF(J81>='Settings '!$B$10,1,0) -> 1 | AB81: =IF(M81>='Settings '!$B$11,1,0) -> 0 | AC81: =ABS(M81-MIN(1,I81*J81*K81)) -> 0
A82: A | B82: 21 | C82: A-021 | D82: S1 | E82: 1 | F82: T1078.004 | G82: Cloud Accounts | H82: Management Console for Business Server OnCloud | I82: 0.72 | J82: 0.1 | K82: 2 | L82: =I82*J82 -> 0.072 | M82: =MIN(1,I82*J82*K82) -> 0.144 | N82: =M82 -> 0.144 | O82: ='Settings '!$B$8 -> 0.1 | P82: =MIN(1,I82*O82*K82) -> 0.144 | Q82: =P82 -> 0.144 | R82: ='Settings '!$B$9 -> 0.9 | S82: =MIN(1,I82*R82*K82) -> 1 | T82: =S82 -> 1 | U82: =IF(E82=4,N82,"") | V82: =IF(E82=4,Q82,"") | W82: =IF(E82=4,T82,"") | X82: =IF(E82=4,IFERROR((LN(U82)-LN(V82))/(LN(W82)-LN(V82)),0),"") | Y82: =IF(E82=4,IF(X82>='Settings '!$B$7,"Risk A",IF(X82>='Settings '!$B$6,"Risk B","Risk C")),"") | Z82: =IF(Y82="Risk B",1,0) -> 0 | AA82: =IF(J82>='Settings '!$B$10,1,0) -> 0 | AB82: =IF(M82>='Settings '!$B$11,1,0) -> 0 | AC82: =ABS(M82-MIN(1,I82*J82*K82)) -> 0
A83: A | B83: 21 | C83: A-021 | D83: S2 | E83: 2 | F83: T1484.002 | G83: Trust Modification | H83: Update server OnCloud | I83: 0.36 | J83: 0.1 | K83: 1.5 | L83: =I83*J83 -> 0.036 | M83: =MIN(1,I83*J83*K83) -> 0.054 | N83: =N82*M83 -> 0.007776 | O83: ='Settings '!$B$8 -> 0.1 | P83: =MIN(1,I83*O83*K83) -> 0.054 | Q83: =Q82*P83 -> 0.007776 | R83: ='Settings '!$B$9 -> 0.9 | S83: =MIN(1,I83*R83*K83) -> 0.486 | T83: =T82*S83 -> 0.486 | U83: =IF(E83=4,N83,"") | V83: =IF(E83=4,Q83,"") | W83: =IF(E83=4,T83,"") | X83: =IF(E83=4,IFERROR((LN(U83)-LN(V83))/(LN(W83)-LN(V83)),0),"") | Y83: =IF(E83=4,IF(X83>='Settings '!$B$7,"Risk A",IF(X83>='Settings '!$B$6,"Risk B","Risk C")),"") | Z83: =IF(Y83="Risk B",1,0) -> 0 | AA83: =IF(J83>='Settings '!$B$10,1,0) -> 0 | AB83: =IF(M83>='Settings '!$B$11,1,0) -> 0 | AC83: =ABS(M83-MIN(1,I83*J83*K83)) -> 0
A84: A | B84: 21 | C84: A-021 | D84: S3 | E84: 3 | F84: T1059.009 | G84: Cloud API | H84: Business Server OnCloud | I84: 0.36 | J84: 0.1 | K84: 2 | L84: =I84*J84 -> 0.036 | M84: =MIN(1,I84*J84*K84) -> 0.072 | N84: =N83*M84 -> 0.000559872 | O84: ='Settings '!$B$8 -> 0.1 | P84: =MIN(1,I84*O84*K84) -> 0.072 | Q84: =Q83*P84 -> 0.000559872 | R84: ='Settings '!$B$9 -> 0.9 | S84: =MIN(1,I84*R84*K84) -> 0.648 | T84: =T83*S84 -> 0.314928 | U84: =IF(E84=4,N84,"") | V84: =IF(E84=4,Q84,"") | W84: =IF(E84=4,T84,"") | X84: =IF(E84=4,IFERROR((LN(U84)-LN(V84))/(LN(W84)-LN(V84)),0),"") | Y84: =IF(E84=4,IF(X84>='Settings '!$B$7,"Risk A",IF(X84>='Settings '!$B$6,"Risk B","Risk C")),"") | Z84: =IF(Y84="Risk B",1,0) -> 0 | AA84: =IF(J84>='Settings '!$B$10,1,0) -> 0 | AB84: =IF(M84>='Settings '!$B$11,1,0) -> 0 | AC84: =ABS(M84-MIN(1,I84*J84*K84)) -> 0
A85: A | B85: 21 | C85: A-021 | D85: S4 | E85: 4 | F85: T1486 | G85: Data Encrypted for Impact | H85: Proxy server OnCloud | I85: 0.9 | J85: 0.1 | K85: 2 | L85: =I85*J85 -> 0.09 | M85: =MIN(1,I85*J85*K85) -> 0.18 | N85: =N84*M85 -> 0.00010077696 | O85: ='Settings '!$B$8 -> 0.1 | P85: =MIN(1,I85*O85*K85) -> 0.18 | Q85: =Q84*P85 -> 0.00010077696 | R85: ='Settings '!$B$9 -> 0.9 | S85: =MIN(1,I85*R85*K85) -> 1 | T85: =T84*S85 -> 0.314928 | U85: =IF(E85=4,N85,"") -> 0.00010077696 | V85: =IF(E85=4,Q85,"") -> 0.00010077696 | W85: =IF(E85=4,T85,"") -> 0.314928 | X85: =IF(E85=4,IFERROR((LN(U85)-LN(V85))/(LN(W85)-LN(V85)),0),"") -> 0 | Y85: =IF(E85=4,IF(X85>='Settings '!$B$7,"Risk A",IF(X85>='Settings '!$B$6,"Risk B","Risk C")),"") -> Risk C | Z85: =IF(Y85="Risk B",1,0) -> 0 | AA85: =IF(J85>='Settings '!$B$10,1,0) -> 0 | AB85: =IF(M85>='Settings '!$B$11,1,0) -> 0 | AC85: =ABS(M85-MIN(1,I85*J85*K85)) -> 0
A86: A | B86: 22 | C86: A-022 | D86: S1 | E86: 1 | F86: T1078.004 | G86: Cloud Accounts | H86: Management Console for Business Server OnCloud | I86: 0.72 | J86: 0.1 | K86: 2 | L86: =I86*J86 -> 0.072 | M86: =MIN(1,I86*J86*K86) -> 0.144 | N86: =M86 -> 0.144 | O86: ='Settings '!$B$8 -> 0.1 | P86: =MIN(1,I86*O86*K86) -> 0.144 | Q86: =P86 -> 0.144 | R86: ='Settings '!$B$9 -> 0.9 | S86: =MIN(1,I86*R86*K86) -> 1 | T86: =S86 -> 1 | U86: =IF(E86=4,N86,"") | V86: =IF(E86=4,Q86,"") | W86: =IF(E86=4,T86,"") | X86: =IF(E86=4,IFERROR((LN(U86)-LN(V86))/(LN(W86)-LN(V86)),0),"") | Y86: =IF(E86=4,IF(X86>='Settings '!$B$7,"Risk A",IF(X86>='Settings '!$B$6,"Risk B","Risk C")),"") | Z86: =IF(Y86="Risk B",1,0) -> 0 | AA86: =IF(J86>='Settings '!$B$10,1,0) -> 0 | AB86: =IF(M86>='Settings '!$B$11,1,0) -> 0 | AC86: =ABS(M86-MIN(1,I86*J86*K86)) -> 0
A87: A | B87: 22 | C87: A-022 | D87: S2 | E87: 2 | F87: T1484.002 | G87: Trust Modification | H87: Update server OnCloud | I87: 0.36 | J87: 0.1 | K87: 1.5 | L87: =I87*J87 -> 0.036 | M87: =MIN(1,I87*J87*K87) -> 0.054 | N87: =N86*M87 -> 0.007776 | O87: ='Settings '!$B$8 -> 0.1 | P87: =MIN(1,I87*O87*K87) -> 0.054 | Q87: =Q86*P87 -> 0.007776 | R87: ='Settings '!$B$9 -> 0.9 | S87: =MIN(1,I87*R87*K87) -> 0.486 | T87: =T86*S87 -> 0.486 | U87: =IF(E87=4,N87,"") | V87: =IF(E87=4,Q87,"") | W87: =IF(E87=4,T87,"") | X87: =IF(E87=4,IFERROR((LN(U87)-LN(V87))/(LN(W87)-LN(V87)),0),"") | Y87: =IF(E87=4,IF(X87>='Settings '!$B$7,"Risk A",IF(X87>='Settings '!$B$6,"Risk B","Risk C")),"") | Z87: =IF(Y87="Risk B",1,0) -> 0 | AA87: =IF(J87>='Settings '!$B$10,1,0) -> 0 | AB87: =IF(M87>='Settings '!$B$11,1,0) -> 0 | AC87: =ABS(M87-MIN(1,I87*J87*K87)) -> 0
A88: A | B88: 22 | C88: A-022 | D88: S3 | E88: 3 | F88: T1059.009 | G88: Cloud API | H88: Business Server OnCloud | I88: 0.36 | J88: 0.1 | K88: 2 | L88: =I88*J88 -> 0.036 | M88: =MIN(1,I88*J88*K88) -> 0.072 | N88: =N87*M88 -> 0.000559872 | O88: ='Settings '!$B$8 -> 0.1 | P88: =MIN(1,I88*O88*K88) -> 0.072 | Q88: =Q87*P88 -> 0.000559872 | R88: ='Settings '!$B$9 -> 0.9 | S88: =MIN(1,I88*R88*K88) -> 0.648 | T88: =T87*S88 -> 0.314928 | U88: =IF(E88=4,N88,"") | V88: =IF(E88=4,Q88,"") | W88: =IF(E88=4,T88,"") | X88: =IF(E88=4,IFERROR((LN(U88)-LN(V88))/(LN(W88)-LN(V88)),0),"") | Y88: =IF(E88=4,IF(X88>='Settings '!$B$7,"Risk A",IF(X88>='Settings '!$B$6,"Risk B","Risk C")),"") | Z88: =IF(Y88="Risk B",1,0) -> 0 | AA88: =IF(J88>='Settings '!$B$10,1,0) -> 0 | AB88: =IF(M88>='Settings '!$B$11,1,0) -> 0 | AC88: =ABS(M88-MIN(1,I88*J88*K88)) -> 0
A89: A | B89: 22 | C89: A-022 | D89: S4 | E89: 4 | F89: T1496.001 | G89: Compute Hijacking | H89: Proxy server OnCloud | I89: 0.72 | J89: 0.28 | K89: 2 | L89: =I89*J89 -> 0.2016 | M89: =MIN(1,I89*J89*K89) -> 0.4032 | N89: =N88*M89 -> 0.00022574039 | O89: ='Settings '!$B$8 -> 0.1 | P89: =MIN(1,I89*O89*K89) -> 0.144 | Q89: =Q88*P89 -> 8.0621568e-05 | R89: ='Settings '!$B$9 -> 0.9 | S89: =MIN(1,I89*R89*K89) -> 1 | T89: =T88*S89 -> 0.314928 | U89: =IF(E89=4,N89,"") -> 0.00022574039 | V89: =IF(E89=4,Q89,"") -> 8.0621568e-05 | W89: =IF(E89=4,T89,"") -> 0.314928 | X89: =IF(E89=4,IFERROR((LN(U89)-LN(V89))/(LN(W89)-LN(V89)),0),"") -> 0.12449552 | Y89: =IF(E89=4,IF(X89>='Settings '!$B$7,"Risk A",IF(X89>='Settings '!$B$6,"Risk B","Risk C")),"") -> Risk C | Z89: =IF(Y89="Risk B",1,0) -> 0 | AA89: =IF(J89>='Settings '!$B$10,1,0) -> 1 | AB89: =IF(M89>='Settings '!$B$11,1,0) -> 1 | AC89: =ABS(M89-MIN(1,I89*J89*K89)) -> 0
A90: A | B90: 23 | C90: A-023 | D90: S1 | E90: 1 | F90: T1078.004 | G90: Cloud Accounts | H90: Management Console for Business Server OnCloud | I90: 0.72 | J90: 0.1 | K90: 2 | L90: =I90*J90 -> 0.072 | M90: =MIN(1,I90*J90*K90) -> 0.144 | N90: =M90 -> 0.144 | O90: ='Settings '!$B$8 -> 0.1 | P90: =MIN(1,I90*O90*K90) -> 0.144 | Q90: =P90 -> 0.144 | R90: ='Settings '!$B$9 -> 0.9 | S90: =MIN(1,I90*R90*K90) -> 1 | T90: =S90 -> 1 | U90: =IF(E90=4,N90,"") | V90: =IF(E90=4,Q90,"") | W90: =IF(E90=4,T90,"") | X90: =IF(E90=4,IFERROR((LN(U90)-LN(V90))/(LN(W90)-LN(V90)),0),"") | Y90: =IF(E90=4,IF(X90>='Settings '!$B$7,"Risk A",IF(X90>='Settings '!$B$6,"Risk B","Risk C")),"") | Z90: =IF(Y90="Risk B",1,0) -> 0 | AA90: =IF(J90>='Settings '!$B$10,1,0) -> 0 | AB90: =IF(M90>='Settings '!$B$11,1,0) -> 0 | AC90: =ABS(M90-MIN(1,I90*J90*K90)) -> 0
A91: A | B91: 23 | C91: A-023 | D91: S2 | E91: 2 | F91: T1484.002 | G91: Trust Modification | H91: Update server OnCloud | I91: 0.36 | J91: 0.1 | K91: 1.5 | L91: =I91*J91 -> 0.036 | M91: =MIN(1,I91*J91*K91) -> 0.054 | N91: =N90*M91 -> 0.007776 | O91: ='Settings '!$B$8 -> 0.1 | P91: =MIN(1,I91*O91*K91) -> 0.054 | Q91: =Q90*P91 -> 0.007776 | R91: ='Settings '!$B$9 -> 0.9 | S91: =MIN(1,I91*R91*K91) -> 0.486 | T91: =T90*S91 -> 0.486 | U91: =IF(E91=4,N91,"") | V91: =IF(E91=4,Q91,"") | W91: =IF(E91=4,T91,"") | X91: =IF(E91=4,IFERROR((LN(U91)-LN(V91))/(LN(W91)-LN(V91)),0),"") | Y91: =IF(E91=4,IF(X91>='Settings '!$B$7,"Risk A",IF(X91>='Settings '!$B$6,"Risk B","Risk C")),"") | Z91: =IF(Y91="Risk B",1,0) -> 0 | AA91: =IF(J91>='Settings '!$B$10,1,0) -> 0 | AB91: =IF(M91>='Settings '!$B$11,1,0) -> 0 | AC91: =ABS(M91-MIN(1,I91*J91*K91)) -> 0
A92: A | B92: 23 | C92: A-023 | D92: S3 | E92: 3 | F92: T1059.009 | G92: Cloud API | H92: Business Server OnCloud | I92: 0.36 | J92: 0.1 | K92: 2 | L92: =I92*J92 -> 0.036 | M92: =MIN(1,I92*J92*K92) -> 0.072 | N92: =N91*M92 -> 0.000559872 | O92: ='Settings '!$B$8 -> 0.1 | P92: =MIN(1,I92*O92*K92) -> 0.072 | Q92: =Q91*P92 -> 0.000559872 | R92: ='Settings '!$B$9 -> 0.9 | S92: =MIN(1,I92*R92*K92) -> 0.648 | T92: =T91*S92 -> 0.314928 | U92: =IF(E92=4,N92,"") | V92: =IF(E92=4,Q92,"") | W92: =IF(E92=4,T92,"") | X92: =IF(E92=4,IFERROR((LN(U92)-LN(V92))/(LN(W92)-LN(V92)),0),"") | Y92: =IF(E92=4,IF(X92>='Settings '!$B$7,"Risk A",IF(X92>='Settings '!$B$6,"Risk B","Risk C")),"") | Z92: =IF(Y92="Risk B",1,0) -> 0 | AA92: =IF(J92>='Settings '!$B$10,1,0) -> 0 | AB92: =IF(M92>='Settings '!$B$11,1,0) -> 0 | AC92: =ABS(M92-MIN(1,I92*J92*K92)) -> 0
A93: A | B93: 23 | C93: A-023 | D93: S4 | E93: 4 | F93: T1496.002 | G93: Bandwidth Hijacking | H93: Proxy server OnCloud | I93: 0.18 | J93: 0.28 | K93: 2 | L93: =I93*J93 -> 0.0504 | M93: =MIN(1,I93*J93*K93) -> 0.1008 | N93: =N92*M93 -> 5.6435098e-05 | O93: ='Settings '!$B$8 -> 0.1 | P93: =MIN(1,I93*O93*K93) -> 0.036 | Q93: =Q92*P93 -> 2.0155392e-05 | R93: ='Settings '!$B$9 -> 0.9 | S93: =MIN(1,I93*R93*K93) -> 0.324 | T93: =T92*S93 -> 0.10203667 | U93: =IF(E93=4,N93,"") -> 5.6435098e-05 | V93: =IF(E93=4,Q93,"") -> 2.0155392e-05 | W93: =IF(E93=4,T93,"") -> 0.10203667 | X93: =IF(E93=4,IFERROR((LN(U93)-LN(V93))/(LN(W93)-LN(V93)),0),"") -> 0.12071111 | Y93: =IF(E93=4,IF(X93>='Settings '!$B$7,"Risk A",IF(X93>='Settings '!$B$6,"Risk B","Risk C")),"") -> Risk C | Z93: =IF(Y93="Risk B",1,0) -> 0 | AA93: =IF(J93>='Settings '!$B$10,1,0) -> 1 | AB93: =IF(M93>='Settings '!$B$11,1,0) -> 0 | AC93: =ABS(M93-MIN(1,I93*J93*K93)) -> 0
A94: A | B94: 24 | C94: A-024 | D94: S1 | E94: 1 | F94: T1078.004 | G94: Cloud Accounts | H94: Management Console for Business Server OnCloud | I94: 0.72 | J94: 0.1 | K94: 2 | L94: =I94*J94 -> 0.072 | M94: =MIN(1,I94*J94*K94) -> 0.144 | N94: =M94 -> 0.144 | O94: ='Settings '!$B$8 -> 0.1 | P94: =MIN(1,I94*O94*K94) -> 0.144 | Q94: =P94 -> 0.144 | R94: ='Settings '!$B$9 -> 0.9 | S94: =MIN(1,I94*R94*K94) -> 1 | T94: =S94 -> 1 | U94: =IF(E94=4,N94,"") | V94: =IF(E94=4,Q94,"") | W94: =IF(E94=4,T94,"") | X94: =IF(E94=4,IFERROR((LN(U94)-LN(V94))/(LN(W94)-LN(V94)),0),"") | Y94: =IF(E94=4,IF(X94>='Settings '!$B$7,"Risk A",IF(X94>='Settings '!$B$6,"Risk B","Risk C")),"") | Z94: =IF(Y94="Risk B",1,0) -> 0 | AA94: =IF(J94>='Settings '!$B$10,1,0) -> 0 | AB94: =IF(M94>='Settings '!$B$11,1,0) -> 0 | AC94: =ABS(M94-MIN(1,I94*J94*K94)) -> 0
A95: A | B95: 24 | C95: A-024 | D95: S2 | E95: 2 | F95: T1484.002 | G95: Trust Modification | H95: Update server OnCloud | I95: 0.36 | J95: 0.1 | K95: 1.5 | L95: =I95*J95 -> 0.036 | M95: =MIN(1,I95*J95*K95) -> 0.054 | N95: =N94*M95 -> 0.007776 | O95: ='Settings '!$B$8 -> 0.1 | P95: =MIN(1,I95*O95*K95) -> 0.054 | Q95: =Q94*P95 -> 0.007776 | R95: ='Settings '!$B$9 -> 0.9 | S95: =MIN(1,I95*R95*K95) -> 0.486 | T95: =T94*S95 -> 0.486 | U95: =IF(E95=4,N95,"") | V95: =IF(E95=4,Q95,"") | W95: =IF(E95=4,T95,"") | X95: =IF(E95=4,IFERROR((LN(U95)-LN(V95))/(LN(W95)-LN(V95)),0),"") | Y95: =IF(E95=4,IF(X95>='Settings '!$B$7,"Risk A",IF(X95>='Settings '!$B$6,"Risk B","Risk C")),"") | Z95: =IF(Y95="Risk B",1,0) -> 0 | AA95: =IF(J95>='Settings '!$B$10,1,0) -> 0 | AB95: =IF(M95>='Settings '!$B$11,1,0) -> 0 | AC95: =ABS(M95-MIN(1,I95*J95*K95)) -> 0
A96: A | B96: 24 | C96: A-024 | D96: S3 | E96: 3 | F96: T1059.009 | G96: Cloud API | H96: Business Server OnCloud | I96: 0.36 | J96: 0.1 | K96: 2 | L96: =I96*J96 -> 0.036 | M96: =MIN(1,I96*J96*K96) -> 0.072 | N96: =N95*M96 -> 0.000559872 | O96: ='Settings '!$B$8 -> 0.1 | P96: =MIN(1,I96*O96*K96) -> 0.072 | Q96: =Q95*P96 -> 0.000559872 | R96: ='Settings '!$B$9 -> 0.9 | S96: =MIN(1,I96*R96*K96) -> 0.648 | T96: =T95*S96 -> 0.314928 | U96: =IF(E96=4,N96,"") | V96: =IF(E96=4,Q96,"") | W96: =IF(E96=4,T96,"") | X96: =IF(E96=4,IFERROR((LN(U96)-LN(V96))/(LN(W96)-LN(V96)),0),"") | Y96: =IF(E96=4,IF(X96>='Settings '!$B$7,"Risk A",IF(X96>='Settings '!$B$6,"Risk B","Risk C")),"") | Z96: =IF(Y96="Risk B",1,0) -> 0 | AA96: =IF(J96>='Settings '!$B$10,1,0) -> 0 | AB96: =IF(M96>='Settings '!$B$11,1,0) -> 0 | AC96: =ABS(M96-MIN(1,I96*J96*K96)) -> 0
A97: A | B97: 24 | C97: A-024 | D97: S4 | E97: 4 | F97: T1496.004 | G97: Cloud Service Hijacking | H97: Proxy server OnCloud | I97: 0.18 | J97: 0.28 | K97: 2 | L97: =I97*J97 -> 0.0504 | M97: =MIN(1,I97*J97*K97) -> 0.1008 | N97: =N96*M97 -> 5.6435098e-05 | O97: ='Settings '!$B$8 -> 0.1 | P97: =MIN(1,I97*O97*K97) -> 0.036 | Q97: =Q96*P97 -> 2.0155392e-05 | R97: ='Settings '!$B$9 -> 0.9 | S97: =MIN(1,I97*R97*K97) -> 0.324 | T97: =T96*S97 -> 0.10203667 | U97: =IF(E97=4,N97,"") -> 5.6435098e-05 | V97: =IF(E97=4,Q97,"") -> 2.0155392e-05 | W97: =IF(E97=4,T97,"") -> 0.10203667 | X97: =IF(E97=4,IFERROR((LN(U97)-LN(V97))/(LN(W97)-LN(V97)),0),"") -> 0.12071111 | Y97: =IF(E97=4,IF(X97>='Settings '!$B$7,"Risk A",IF(X97>='Settings '!$B$6,"Risk B","Risk C")),"") -> Risk C | Z97: =IF(Y97="Risk B",1,0) -> 0 | AA97: =IF(J97>='Settings '!$B$10,1,0) -> 1 | AB97: =IF(M97>='Settings '!$B$11,1,0) -> 0 | AC97: =ABS(M97-MIN(1,I97*J97*K97)) -> 0
A98: A | B98: 25 | C98: A-025 | D98: S1 | E98: 1 | F98: T1078.004 | G98: Cloud Accounts | H98: Management Console for Business Server OnCloud | I98: 0.72 | J98: 0.1 | K98: 2 | L98: =I98*J98 -> 0.072 | M98: =MIN(1,I98*J98*K98) -> 0.144 | N98: =M98 -> 0.144 | O98: ='Settings '!$B$8 -> 0.1 | P98: =MIN(1,I98*O98*K98) -> 0.144 | Q98: =P98 -> 0.144 | R98: ='Settings '!$B$9 -> 0.9 | S98: =MIN(1,I98*R98*K98) -> 1 | T98: =S98 -> 1 | U98: =IF(E98=4,N98,"") | V98: =IF(E98=4,Q98,"") | W98: =IF(E98=4,T98,"") | X98: =IF(E98=4,IFERROR((LN(U98)-LN(V98))/(LN(W98)-LN(V98)),0),"") | Y98: =IF(E98=4,IF(X98>='Settings '!$B$7,"Risk A",IF(X98>='Settings '!$B$6,"Risk B","Risk C")),"") | Z98: =IF(Y98="Risk B",1,0) -> 0 | AA98: =IF(J98>='Settings '!$B$10,1,0) -> 0 | AB98: =IF(M98>='Settings '!$B$11,1,0) -> 0 | AC98: =ABS(M98-MIN(1,I98*J98*K98)) -> 0
A99: A | B99: 25 | C99: A-025 | D99: S2 | E99: 2 | F99: T1484.002 | G99: Trust Modification | H99: Update server OnCloud | I99: 0.36 | J99: 0.1 | K99: 1.5 | L99: =I99*J99 -> 0.036 | M99: =MIN(1,I99*J99*K99) -> 0.054 | N99: =N98*M99 -> 0.007776 | O99: ='Settings '!$B$8 -> 0.1 | P99: =MIN(1,I99*O99*K99) -> 0.054 | Q99: =Q98*P99 -> 0.007776 | R99: ='Settings '!$B$9 -> 0.9 | S99: =MIN(1,I99*R99*K99) -> 0.486 | T99: =T98*S99 -> 0.486 | U99: =IF(E99=4,N99,"") | V99: =IF(E99=4,Q99,"") | W99: =IF(E99=4,T99,"") | X99: =IF(E99=4,IFERROR((LN(U99)-LN(V99))/(LN(W99)-LN(V99)),0),"") | Y99: =IF(E99=4,IF(X99>='Settings '!$B$7,"Risk A",IF(X99>='Settings '!$B$6,"Risk B","Risk C")),"") | Z99: =IF(Y99="Risk B",1,0) -> 0 | AA99: =IF(J99>='Settings '!$B$10,1,0) -> 0 | AB99: =IF(M99>='Settings '!$B$11,1,0) -> 0 | AC99: =ABS(M99-MIN(1,I99*J99*K99)) -> 0
A100: A | B100: 25 | C100: A-025 | D100: S3 | E100: 3 | F100: T1651 | G100: Cloud Administration Command | H100: Business Server OnCloud | I100: 0.36 | J100: 0.1 | K100: 2 | L100: =I100*J100 -> 0.036 | M100: =MIN(1,I100*J100*K100) -> 0.072 | N100: =N99*M100 -> 0.000559872 | O100: ='Settings '!$B$8 -> 0.1 | P100: =MIN(1,I100*O100*K100) -> 0.072 | Q100: =Q99*P100 -> 0.000559872 | R100: ='Settings '!$B$9 -> 0.9 | S100: =MIN(1,I100*R100*K100) -> 0.648 | T100: =T99*S100 -> 0.314928 | U100: =IF(E100=4,N100,"") | V100: =IF(E100=4,Q100,"") | W100: =IF(E100=4,T100,"") | X100: =IF(E100=4,IFERROR((LN(U100)-LN(V100))/(LN(W100)-LN(V100)),0),"") | Y100: =IF(E100=4,IF(X100>='Settings '!$B$7,"Risk A",IF(X100>='Settings '!$B$6,"Risk B","Risk C")),"") | Z100: =IF(Y100="Risk B",1,0) -> 0 | AA100: =IF(J100>='Settings '!$B$10,1,0) -> 0 | AB100: =IF(M100>='Settings '!$B$11,1,0) -> 0 | AC100: =ABS(M100-MIN(1,I100*J100*K100)) -> 0
...

Sheet Tree_Summary
A1: Scenario_ID | B1: AttackTree_ID | C1: AttackTree_Key | D1: Final_Row | E1: Rtree_Current | F1: Rtree_Full | G1: Rtree_Worst | H1: Log_Ratio | I1: Risk_Class | J1: Risk_B_Flag | K1: Path_Techniques | L1: Path_Assets
A2: A | B2: 1 | C2: A-001 | D2: 5 | E2: =LONG!U5 -> 0.00010077696 | F2: =LONG!V5 -> 0.00010077696 | G2: =LONG!W5 -> 0.314928 | H2: =LONG!X5 -> 0 | I2: =LONG!Y5 -> Risk C | J2: =LONG!Z5 -> 0 | K2: S1:T1078.004 Cloud Accounts -> S2:T1021.007 Cloud Services -> S3:T1484.002 Trust Modification -> S4:T1486 Data Encrypted for Impact | L2: S1:Management Console for Business Server OnCloud -> S2:Update server OnCloud -> S3:Business Server OnCloud -> S4:Proxy server OnCloud
A3: A | B3: 2 | C3: A-002 | D3: 9 | E3: =LONG!U9 -> 0.00022574039 | F3: =LONG!V9 -> 8.0621568e-05 | G3: =LONG!W9 -> 0.314928 | H3: =LONG!X9 -> 0.12449552 | I3: =LONG!Y9 -> Risk C | J3: =LONG!Z9 -> 0 | K3: S1:T1078.004 Cloud Accounts -> S2:T1021.007 Cloud Services -> S3:T1484.002 Trust Modification -> S4:T1496.001 Compute Hijacking | L3: S1:Management Console for Business Server OnCloud -> S2:Update server OnCloud -> S3:Business Server OnCloud -> S4:Proxy server OnCloud
A4: A | B4: 3 | C4: A-003 | D4: 13 | E4: =LONG!U13 -> 5.6435098e-05 | F4: =LONG!V13 -> 2.0155392e-05 | G4: =LONG!W13 -> 0.10203667 | H4: =LONG!X13 -> 0.12071111 | I4: =LONG!Y13 -> Risk C | J4: =LONG!Z13 -> 0 | K4: S1:T1078.004 Cloud Accounts -> S2:T1021.007 Cloud Services -> S3:T1484.002 Trust Modification -> S4:T1496.002 Bandwidth Hijacking | L4: S1:Management Console for Business Server OnCloud -> S2:Update server OnCloud -> S3:Business Server OnCloud -> S4:Proxy server OnCloud
A5: A | B5: 4 | C5: A-004 | D5: 17 | E5: =LONG!U17 -> 5.6435098e-05 | F5: =LONG!V17 -> 2.0155392e-05 | G5: =LONG!W17 -> 0.10203667 | H5: =LONG!X17 -> 0.12071111 | I5: =LONG!Y17 -> Risk C | J5: =LONG!Z17 -> 0 | K5: S1:T1078.004 Cloud Accounts -> S2:T1021.007 Cloud Services -> S3:T1484.002 Trust Modification -> S4:T1496.004 Cloud Service Hijacking | L5: S1:Management Console for Business Server OnCloud -> S2:Update server OnCloud -> S3:Business Server OnCloud -> S4:Proxy server OnCloud
A6: A | B6: 5 | C6: A-005 | D6: 21 | E6: =LONG!U21 -> 0.00010077696 | F6: =LONG!V21 -> 0.00010077696 | G6: =LONG!W21 -> 0.314928 | H6: =LONG!X21 -> 0 | I6: =LONG!Y21 -> Risk C | J6: =LONG!Z21 -> 0 | K6: S1:T1078.004 Cloud Accounts -> S2:T1021.007 Cloud Services -> S3:T1059.009 Cloud API -> S4:T1486 Data Encrypted for Impact | L6: S1:Management Console for Business Server OnCloud -> S2:Update server OnCloud -> S3:Business Server OnCloud -> S4:Proxy server OnCloud
A7: A | B7: 6 | C7: A-006 | D7: 25 | E7: =LONG!U25 -> 0.00022574039 | F7: =LONG!V25 -> 8.0621568e-05 | G7: =LONG!W25 -> 0.314928 | H7: =LONG!X25 -> 0.12449552 | I7: =LONG!Y25 -> Risk C | J7: =LONG!Z25 -> 0 | K7: S1:T1078.004 Cloud Accounts -> S2:T1021.007 Cloud Services -> S3:T1059.009 Cloud API -> S4:T1496.001 Compute Hijacking | L7: S1:Management Console for Business Server OnCloud -> S2:Update server OnCloud -> S3:Business Server OnCloud -> S4:Proxy server OnCloud
A8: A | B8: 7 | C8: A-007 | D8: 29 | E8: =LONG!U29 -> 5.6435098e-05 | F8: =LONG!V29 -> 2.0155392e-05 | G8: =LONG!W29 -> 0.10203667 | H8: =LONG!X29 -> 0.12071111 | I8: =LONG!Y29 -> Risk C | J8: =LONG!Z29 -> 0 | K8: S1:T1078.004 Cloud Accounts -> S2:T1021.007 Cloud Services -> S3:T1059.009 Cloud API -> S4:T1496.002 Bandwidth Hijacking | L8: S1:Management Console for Business Server OnCloud -> S2:Update server OnCloud -> S3:Business Server OnCloud -> S4:Proxy server OnCloud
A9: A | B9: 8 | C9: A-008 | D9: 33 | E9: =LONG!U33 -> 5.6435098e-05 | F9: =LONG!V33 -> 2.0155392e-05 | G9: =LONG!W33 -> 0.10203667 | H9: =LONG!X33 -> 0.12071111 | I9: =LONG!Y33 -> Risk C | J9: =LONG!Z33 -> 0 | K9: S1:T1078.004 Cloud Accounts -> S2:T1021.007 Cloud Services -> S3:T1059.009 Cloud API -> S4:T1496.004 Cloud Service Hijacking | L9: S1:Management Console for Business Server OnCloud -> S2:Update server OnCloud -> S3:Business Server OnCloud -> S4:Proxy server OnCloud
A10: A | B10: 9 | C10: A-009 | D10: 37 | E10: =LONG!U37 -> 0.00010077696 | F10: =LONG!V37 -> 0.00010077696 | G10: =LONG!W37 -> 0.314928 | H10: =LONG!X37 -> 0 | I10: =LONG!Y37 -> Risk C | J10: =LONG!Z37 -> 0 | K10: S1:T1078.004 Cloud Accounts -> S2:T1021.007 Cloud Services -> S3:T1651 Cloud Administration Command -> S4:T1486 Data Encrypted for Impact | L10: S1:Management Console for Business Server OnCloud -> S2:Update server OnCloud -> S3:Business Server OnCloud -> S4:Proxy server OnCloud
A11: A | B11: 10 | C11: A-010 | D11: 41 | E11: =LONG!U41 -> 0.00022574039 | F11: =LONG!V41 -> 8.0621568e-05 | G11: =LONG!W41 -> 0.314928 | H11: =LONG!X41 -> 0.12449552 | I11: =LONG!Y41 -> Risk C | J11: =LONG!Z41 -> 0 | K11: S1:T1078.004 Cloud Accounts -> S2:T1021.007 Cloud Services -> S3:T1651 Cloud Administration Command -> S4:T1496.001 Compute Hijacking | L11: S1:Management Console for Business Server OnCloud -> S2:Update server OnCloud -> S3:Business Server OnCloud -> S4:Proxy server OnCloud
A12: A | B12: 11 | C12: A-011 | D12: 45 | E12: =LONG!U45 -> 5.6435098e-05 | F12: =LONG!V45 -> 2.0155392e-05 | G12: =LONG!W45 -> 0.10203667 | H12: =LONG!X45 -> 0.12071111 | I12: =LONG!Y45 -> Risk C | J12: =LONG!Z45 -> 0 | K12: S1:T1078.004 Cloud Accounts -> S2:T1021.007 Cloud Services -> S3:T1651 Cloud Administration Command -> S4:T1496.002 Bandwidth Hijacking | L12: S1:Management Console for Business Server OnCloud -> S2:Update server OnCloud -> S3:Business Server OnCloud -> S4:Proxy server OnCloud
A13: A | B13: 12 | C13: A-012 | D13: 49 | E13: =LONG!U49 -> 5.6435098e-05 | F13: =LONG!V49 -> 2.0155392e-05 | G13: =LONG!W49 -> 0.10203667 | H13: =LONG!X49 -> 0.12071111 | I13: =LONG!Y49 -> Risk C | J13: =LONG!Z49 -> 0 | K13: S1:T1078.004 Cloud Accounts -> S2:T1021.007 Cloud Services -> S3:T1651 Cloud Administration Command -> S4:T1496.004 Cloud Service Hijacking | L13: S1:Management Console for Business Server OnCloud -> S2:Update server OnCloud -> S3:Business Server OnCloud -> S4:Proxy server OnCloud
A14: A | B14: 13 | C14: A-013 | D14: 53 | E14: =LONG!U53 -> 0.00010077696 | F14: =LONG!V53 -> 0.00010077696 | G14: =LONG!W53 -> 0.314928 | H14: =LONG!X53 -> 0 | I14: =LONG!Y53 -> Risk C | J14: =LONG!Z53 -> 0 | K14: S1:T1078.004 Cloud Accounts -> S2:T1021.007 Cloud Services -> S3:T1555.006 Cloud Secrets Management Stores -> S4:T1486 Data Encrypted for Impact | L14: S1:Management Console for Business Server OnCloud -> S2:Update server OnCloud -> S3:Business Server OnCloud -> S4:Proxy server OnCloud
A15: A | B15: 14 | C15: A-014 | D15: 57 | E15: =LONG!U57 -> 0.00022574039 | F15: =LONG!V57 -> 8.0621568e-05 | G15: =LONG!W57 -> 0.314928 | H15: =LONG!X57 -> 0.12449552 | I15: =LONG!Y57 -> Risk C | J15: =LONG!Z57 -> 0 | K15: S1:T1078.004 Cloud Accounts -> S2:T1021.007 Cloud Services -> S3:T1555.006 Cloud Secrets Management Stores -> S4:T1496.001 Compute Hijacking | L15: S1:Management Console for Business Server OnCloud -> S2:Update server OnCloud -> S3:Business Server OnCloud -> S4:Proxy server OnCloud
A16: A | B16: 15 | C16: A-015 | D16: 61 | E16: =LONG!U61 -> 5.6435098e-05 | F16: =LONG!V61 -> 2.0155392e-05 | G16: =LONG!W61 -> 0.10203667 | H16: =LONG!X61 -> 0.12071111 | I16: =LONG!Y61 -> Risk C | J16: =LONG!Z61 -> 0 | K16: S1:T1078.004 Cloud Accounts -> S2:T1021.007 Cloud Services -> S3:T1555.006 Cloud Secrets Management Stores -> S4:T1496.002 Bandwidth Hijacking | L16: S1:Management Console for Business Server OnCloud -> S2:Update server OnCloud -> S3:Business Server OnCloud -> S4:Proxy server OnCloud
A17: A | B17: 16 | C17: A-016 | D17: 65 | E17: =LONG!U65 -> 5.6435098e-05 | F17: =LONG!V65 -> 2.0155392e-05 | G17: =LONG!W65 -> 0.10203667 | H17: =LONG!X65 -> 0.12071111 | I17: =LONG!Y65 -> Risk C | J17: =LONG!Z65 -> 0 | K17: S1:T1078.004 Cloud Accounts -> S2:T1021.007 Cloud Services -> S3:T1555.006 Cloud Secrets Management Stores -> S4:T1496.004 Cloud Service Hijacking | L17: S1:Management Console for Business Server OnCloud -> S2:Update server OnCloud -> S3:Business Server OnCloud -> S4:Proxy server OnCloud
A18: A | B18: 17 | C18: A-017 | D18: 69 | E18: =LONG!U69 -> 0.00010077696 | F18: =LONG!V69 -> 0.00010077696 | G18: =LONG!W69 -> 0.314928 | H18: =LONG!X69 -> 0 | I18: =LONG!Y69 -> Risk C | J18: =LONG!Z69 -> 0 | K18: S1:T1078.004 Cloud Accounts -> S2:T1484.002 Trust Modification -> S3:T1484.002 Trust Modification -> S4:T1486 Data Encrypted for Impact | L18: S1:Management Console for Business Server OnCloud -> S2:Update server OnCloud -> S3:Business Server OnCloud -> S4:Proxy server OnCloud
A19: A | B19: 18 | C19: A-018 | D19: 73 | E19: =LONG!U73 -> 0.00022574039 | F19: =LONG!V73 -> 8.0621568e-05 | G19: =LONG!W73 -> 0.314928 | H19: =LONG!X73 -> 0.12449552 | I19: =LONG!Y73 -> Risk C | J19: =LONG!Z73 -> 0 | K19: S1:T1078.004 Cloud Accounts -> S2:T1484.002 Trust Modification -> S3:T1484.002 Trust Modification -> S4:T1496.001 Compute Hijacking | L19: S1:Management Console for Business Server OnCloud -> S2:Update server OnCloud -> S3:Business Server OnCloud -> S4:Proxy server OnCloud
A20: A | B20: 19 | C20: A-019 | D20: 77 | E20: =LONG!U77 -> 5.6435098e-05 | F20: =LONG!V77 -> 2.0155392e-05 | G20: =LONG!W77 -> 0.10203667 | H20: =LONG!X77 -> 0.12071111 | I20: =LONG!Y77 -> Risk C | J20: =LONG!Z77 -> 0 | K20: S1:T1078.004 Cloud Accounts -> S2:T1484.002 Trust Modification -> S3:T1484.002 Trust Modification -> S4:T1496.002 Bandwidth Hijacking | L20: S1:Management Console for Business Server OnCloud -> S2:Update server OnCloud -> S3:Business Server OnCloud -> S4:Proxy server OnCloud
A21: A | B21: 20 | C21: A-020 | D21: 81 | E21: =LONG!U81 -> 5.6435098e-05 | F21: =LONG!V81 -> 2.0155392e-05 | G21: =LONG!W81 -> 0.10203667 | H21: =LONG!X81 -> 0.12071111 | I21: =LONG!Y81 -> Risk C | J21: =LONG!Z81 -> 0 | K21: S1:T1078.004 Cloud Accounts -> S2:T1484.002 Trust Modification -> S3:T1484.002 Trust Modification -> S4:T1496.004 Cloud Service Hijacking | L21: S1:Management Console for Business Server OnCloud -> S2:Update server OnCloud -> S3:Business Server OnCloud -> S4:Proxy server OnCloud
A22: A | B22: 21 | C22: A-021 | D22: 85 | E22: =LONG!U85 -> 0.00010077696 | F22: =LONG!V85 -> 0.00010077696 | G22: =LONG!W85 -> 0.314928 | H22: =LONG!X85 -> 0 | I22: =LONG!Y85 -> Risk C | J22: =LONG!Z85 -> 0 | K22: S1:T1078.004 Cloud Accounts -> S2:T1484.002 Trust Modification -> S3:T1059.009 Cloud API -> S4:T1486 Data Encrypted for Impact | L22: S1:Management Console for Business Server OnCloud -> S2:Update server OnCloud -> S3:Business Server OnCloud -> S4:Proxy server OnCloud
A23: A | B23: 22 | C23: A-022 | D23: 89 | E23: =LONG!U89 -> 0.00022574039 | F23: =LONG!V89 -> 8.0621568e-05 | G23: =LONG!W89 -> 0.314928 | H23: =LONG!X89 -> 0.12449552 | I23: =LONG!Y89 -> Risk C | J23: =LONG!Z89 -> 0 | K23: S1:T1078.004 Cloud Accounts -> S2:T1484.002 Trust Modification -> S3:T1059.009 Cloud API -> S4:T1496.001 Compute Hijacking | L23: S1:Management Console for Business Server OnCloud -> S2:Update server OnCloud -> S3:Business Server OnCloud -> S4:Proxy server OnCloud
A24: A | B24: 23 | C24: A-023 | D24: 93 | E24: =LONG!U93 -> 5.6435098e-05 | F24: =LONG!V93 -> 2.0155392e-05 | G24: =LONG!W93 -> 0.10203667 | H24: =LONG!X93 -> 0.12071111 | I24: =LONG!Y93 -> Risk C | J24: =LONG!Z93 -> 0 | K24: S1:T1078.004 Cloud Accounts -> S2:T1484.002 Trust Modification -> S3:T1059.009 Cloud API -> S4:T1496.002 Bandwidth Hijacking | L24: S1:Management Console for Business Server OnCloud -> S2:Update server OnCloud -> S3:Business Server OnCloud -> S4:Proxy server OnCloud
A25: A | B25: 24 | C25: A-024 | D25: 97 | E25: =LONG!U97 -> 5.6435098e-05 | F25: =LONG!V97 -> 2.0155392e-05 | G25: =LONG!W97 -> 0.10203667 | H25: =LONG!X97 -> 0.12071111 | I25: =LONG!Y97 -> Risk C | J25: =LONG!Z97 -> 0 | K25: S1:T1078.004 Cloud Accounts -> S2:T1484.002 Trust Modification -> S3:T1059.009 Cloud API -> S4:T1496.004 Cloud Service Hijacking | L25: S1:Management Console for Business Server OnCloud -> S2:Update server OnCloud -> S3:Business Server OnCloud -> S4:Proxy server OnCloud
A26: A | B26: 25 | C26: A-025 | D26: 101 | E26: =LONG!U101 -> 0.00010077696 | F26: =LONG!V101 -> 0.00010077696 | G26: =LONG!W101 -> 0.314928 | H26: =LONG!X101 -> 0 | I26: =LONG!Y101 -> Risk C | J26: =LONG!Z101 -> 0 | K26: S1:T1078.004 Cloud Accounts -> S2:T1484.002 Trust Modification -> S3:T1651 Cloud Administration Command -> S4:T1486 Data Encrypted for Impact | L26: S1:Management Console for Business Server OnCloud -> S2:Update server OnCloud -> S3:Business Server OnCloud -> S4:Proxy server OnCloud
A27: A | B27: 26 | C27: A-026 | D27: 105 | E27: =LONG!U105 -> 0.00022574039 | F27: =LONG!V105 -> 8.0621568e-05 | G27: =LONG!W105 -> 0.314928 | H27: =LONG!X105 -> 0.12449552 | I27: =LONG!Y105 -> Risk C | J27: =LONG!Z105 -> 0 | K27: S1:T1078.004 Cloud Accounts -> S2:T1484.002 Trust Modification -> S3:T1651 Cloud Administration Command -> S4:T1496.001 Compute Hijacking | L27: S1:Management Console for Business Server OnCloud -> S2:Update server OnCloud -> S3:Business Server OnCloud -> S4:Proxy server OnCloud
A28: A | B28: 27 | C28: A-027 | D28: 109 | E28: =LONG!U109 -> 5.6435098e-05 | F28: =LONG!V109 -> 2.0155392e-05 | G28: =LONG!W109 -> 0.10203667 | H28: =LONG!X109 -> 0.12071111 | I28: =LONG!Y109 -> Risk C | J28: =LONG!Z109 -> 0 | K28: S1:T1078.004 Cloud Accounts -> S2:T1484.002 Trust Modification -> S3:T1651 Cloud Administration Command -> S4:T1496.002 Bandwidth Hijacking | L28: S1:Management Console for Business Server OnCloud -> S2:Update server OnCloud -> S3:Business Server OnCloud -> S4:Proxy server OnCloud
A29: A | B29: 28 | C29: A-028 | D29: 113 | E29: =LONG!U113 -> 5.6435098e-05 | F29: =LONG!V113 -> 2.0155392e-05 | G29: =LONG!W113 -> 0.10203667 | H29: =LONG!X113 -> 0.12071111 | I29: =LONG!Y113 -> Risk C | J29: =LONG!Z113 -> 0 | K29: S1:T1078.004 Cloud Accounts -> S2:T1484.002 Trust Modification -> S3:T1651 Cloud Administration Command -> S4:T1496.004 Cloud Service Hijacking | L29: S1:Management Console for Business Server OnCloud -> S2:Update server OnCloud -> S3:Business Server OnCloud -> S4:Proxy server OnCloud
A30: A | B30: 29 | C30: A-029 | D30: 117 | E30: =LONG!U117 -> 0.00010077696 | F30: =LONG!V117 -> 0.00010077696 | G30: =LONG!W117 -> 0.314928 | H30: =LONG!X117 -> 0 | I30: =LONG!Y117 -> Risk C | J30: =LONG!Z117 -> 0 | K30: S1:T1078.004 Cloud Accounts -> S2:T1484.002 Trust Modification -> S3:T1555.006 Cloud Secrets Management Stores -> S4:T1486 Data Encrypted for Impact | L30: S1:Management Console for Business Server OnCloud -> S2:Update server OnCloud -> S3:Business Server OnCloud -> S4:Proxy server OnCloud
A31: A | B31: 30 | C31: A-030 | D31: 121 | E31: =LONG!U121 -> 0.00022574039 | F31: =LONG!V121 -> 8.0621568e-05 | G31: =LONG!W121 -> 0.314928 | H31: =LONG!X121 -> 0.12449552 | I31: =LONG!Y121 -> Risk C | J31: =LONG!Z121 -> 0 | K31: S1:T1078.004 Cloud Accounts -> S2:T1484.002 Trust Modification -> S3:T1555.006 Cloud Secrets Management Stores -> S4:T1496.001 Compute Hijacking | L31: S1:Management Console for Business Server OnCloud -> S2:Update server OnCloud -> S3:Business Server OnCloud -> S4:Proxy server OnCloud
A32: A | B32: 31 | C32: A-031 | D32: 125 | E32: =LONG!U125 -> 5.6435098e-05 | F32: =LONG!V125 -> 2.0155392e-05 | G32: =LONG!W125 -> 0.10203667 | H32: =LONG!X125 -> 0.12071111 | I32: =LONG!Y125 -> Risk C | J32: =LONG!Z125 -> 0 | K32: S1:T1078.004 Cloud Accounts -> S2:T1484.002 Trust Modification -> S3:T1555.006 Cloud Secrets Management Stores -> S4:T1496.002 Bandwidth Hijacking | L32: S1:Management Console for Business Server OnCloud -> S2:Update server OnCloud -> S3:Business Server OnCloud -> S4:Proxy server OnCloud
A33: A | B33: 32 | C33: A-032 | D33: 129 | E33: =LONG!U129 -> 5.6435098e-05 | F33: =LONG!V129 -> 2.0155392e-05 | G33: =LONG!W129 -> 0.10203667 | H33: =LONG!X129 -> 0.12071111 | I33: =LONG!Y129 -> Risk C | J33: =LONG!Z129 -> 0 | K33: S1:T1078.004 Cloud Accounts -> S2:T1484.002 Trust Modification -> S3:T1555.006 Cloud Secrets Management Stores -> S4:T1496.004 Cloud Service Hijacking | L33: S1:Management Console for Business Server OnCloud -> S2:Update server OnCloud -> S3:Business Server OnCloud -> S4:Proxy server OnCloud
A34: A | B34: 33 | C34: A-033 | D34: 133 | E34: =LONG!U133 -> 0.00046357402 | F34: =LONG!V133 -> 0.00010077696 | G34: =LONG!W133 -> 0.314928 | H34: =LONG!X133 -> 0.18963842 | I34: =LONG!Y133 -> Risk C | J34: =LONG!Z133 -> 0 | K34: S1:T1078.004 Cloud Accounts -> S2:T1578.002 Create Cloud Instance -> S3:T1484.002 Trust Modification -> S4:T1486 Data Encrypted for Impact | L34: S1:Management Console for Business Server OnCloud -> S2:Update server OnCloud -> S3:Business Server OnCloud -> S4:Proxy server OnCloud
A35: A | B35: 34 | C35: A-034 | D35: 137 | E35: =LONG!U137 -> 0.0010384058 | F35: =LONG!V137 -> 8.0621568e-05 | G35: =LONG!W137 -> 0.314928 | H35: =LONG!X137 -> 0.30901727 | I35: =LONG!Y137 -> Risk C | J35: =LONG!Z137 -> 0 | K35: S1:T1078.004 Cloud Accounts -> S2:T1578.002 Create Cloud Instance -> S3:T1484.002 Trust Modification -> S4:T1496.001 Compute Hijacking | L35: S1:Management Console for Business Server OnCloud -> S2:Update server OnCloud -> S3:Business Server OnCloud -> S4:Proxy server OnCloud
A36: A | B36: 35 | C36: A-035 | D36: 141 | E36: =LONG!U141 -> 0.00025960145 | F36: =LONG!V141 -> 2.0155392e-05 | G36: =LONG!W141 -> 0.10203667 | H36: =LONG!X141 -> 0.29962378 | I36: =LONG!Y141 -> Risk C | J36: =LONG!Z141 -> 0 | K36: S1:T1078.004 Cloud Accounts -> S2:T1578.002 Create Cloud Instance -> S3:T1484.002 Trust Modification -> S4:T1496.002 Bandwidth Hijacking | L36: S1:Management Console for Business Server OnCloud -> S2:Update server OnCloud -> S3:Business Server OnCloud -> S4:Proxy server OnCloud
A37: A | B37: 36 | C37: A-036 | D37: 145 | E37: =LONG!U145 -> 0.00025960145 | F37: =LONG!V145 -> 2.0155392e-05 | G37: =LONG!W145 -> 0.10203667 | H37: =LONG!X145 -> 0.29962378 | I37: =LONG!Y145 -> Risk C | J37: =LONG!Z145 -> 0 | K37: S1:T1078.004 Cloud Accounts -> S2:T1578.002 Create Cloud Instance -> S3:T1484.002 Trust Modification -> S4:T1496.004 Cloud Service Hijacking | L37: S1:Management Console for Business Server OnCloud -> S2:Update server OnCloud -> S3:Business Server OnCloud -> S4:Proxy server OnCloud
A38: A | B38: 37 | C38: A-037 | D38: 149 | E38: =LONG!U149 -> 0.00046357402 | F38: =LONG!V149 -> 0.00010077696 | G38: =LONG!W149 -> 0.314928 | H38: =LONG!X149 -> 0.18963842 | I38: =LONG!Y149 -> Risk C | J38: =LONG!Z149 -> 0 | K38: S1:T1078.004 Cloud Accounts -> S2:T1578.002 Create Cloud Instance -> S3:T1059.009 Cloud API -> S4:T1486 Data Encrypted for Impact | L38: S1:Management Console for Business Server OnCloud -> S2:Update server OnCloud -> S3:Business Server OnCloud -> S4:Proxy server OnCloud
A39: A | B39: 38 | C39: A-038 | D39: 153 | E39: =LONG!U153 -> 0.0010384058 | F39: =LONG!V153 -> 8.0621568e-05 | G39: =LONG!W153 -> 0.314928 | H39: =LONG!X153 -> 0.30901727 | I39: =LONG!Y153 -> Risk C | J39: =LONG!Z153 -> 0 | K39: S1:T1078.004 Cloud Accounts -> S2:T1578.002 Create Cloud Instance -> S3:T1059.009 Cloud API -> S4:T1496.001 Compute Hijacking | L39: S1:Management Console for Business Server OnCloud -> S2:Update server OnCloud -> S3:Business Server OnCloud -> S4:Proxy server OnCloud
A40: A | B40: 39 | C40: A-039 | D40: 157 | E40: =LONG!U157 -> 0.00025960145 | F40: =LONG!V157 -> 2.0155392e-05 | G40: =LONG!W157 -> 0.10203667 | H40: =LONG!X157 -> 0.29962378 | I40: =LONG!Y157 -> Risk C | J40: =LONG!Z157 -> 0 | K40: S1:T1078.004 Cloud Accounts -> S2:T1578.002 Create Cloud Instance -> S3:T1059.009 Cloud API -> S4:T1496.002 Bandwidth Hijacking | L40: S1:Management Console for Business Server OnCloud -> S2:Update server OnCloud -> S3:Business Server OnCloud -> S4:Proxy server OnCloud
A41: A | B41: 40 | C41: A-040 | D41: 161 | E41: =LONG!U161 -> 0.00025960145 | F41: =LONG!V161 -> 2.0155392e-05 | G41: =LONG!W161 -> 0.10203667 | H41: =LONG!X161 -> 0.29962378 | I41: =LONG!Y161 -> Risk C | J41: =LONG!Z161 -> 0 | K41: S1:T1078.004 Cloud Accounts -> S2:T1578.002 Create Cloud Instance -> S3:T1059.009 Cloud API -> S4:T1496.004 Cloud Service Hijacking | L41: S1:Management Console for Business Server OnCloud -> S2:Update server OnCloud -> S3:Business Server OnCloud -> S4:Proxy server OnCloud
A42: A | B42: 41 | C42: A-041 | D42: 165 | E42: =LONG!U165 -> 0.00046357402 | F42: =LONG!V165 -> 0.00010077696 | G42: =LONG!W165 -> 0.314928 | H42: =LONG!X165 -> 0.18963842 | I42: =LONG!Y165 -> Risk C | J42: =LONG!Z165 -> 0 | K42: S1:T1078.004 Cloud Accounts -> S2:T1578.002 Create Cloud Instance -> S3:T1651 Cloud Administration Command -> S4:T1486 Data Encrypted for Impact | L42: S1:Management Console for Business Server OnCloud -> S2:Update server OnCloud -> S3:Business Server OnCloud -> S4:Proxy server OnCloud
A43: A | B43: 42 | C43: A-042 | D43: 169 | E43: =LONG!U169 -> 0.0010384058 | F43: =LONG!V169 -> 8.0621568e-05 | G43: =LONG!W169 -> 0.314928 | H43: =LONG!X169 -> 0.30901727 | I43: =LONG!Y169 -> Risk C | J43: =LONG!Z169 -> 0 | K43: S1:T1078.004 Cloud Accounts -> S2:T1578.002 Create Cloud Instance -> S3:T1651 Cloud Administration Command -> S4:T1496.001 Compute Hijacking | L43: S1:Management Console for Business Server OnCloud -> S2:Update server OnCloud -> S3:Business Server OnCloud -> S4:Proxy server OnCloud
A44: A | B44: 43 | C44: A-043 | D44: 173 | E44: =LONG!U173 -> 0.00025960145 | F44: =LONG!V173 -> 2.0155392e-05 | G44: =LONG!W173 -> 0.10203667 | H44: =LONG!X173 -> 0.29962378 | I44: =LONG!Y173 -> Risk C | J44: =LONG!Z173 -> 0 | K44: S1:T1078.004 Cloud Accounts -> S2:T1578.002 Create Cloud Instance -> S3:T1651 Cloud Administration Command -> S4:T1496.002 Bandwidth Hijacking | L44: S1:Management Console for Business Server OnCloud -> S2:Update server OnCloud -> S3:Business Server OnCloud -> S4:Proxy server OnCloud
A45: A | B45: 44 | C45: A-044 | D45: 177 | E45: =LONG!U177 -> 0.00025960145 | F45: =LONG!V177 -> 2.0155392e-05 | G45: =LONG!W177 -> 0.10203667 | H45: =LONG!X177 -> 0.29962378 | I45: =LONG!Y177 -> Risk C | J45: =LONG!Z177 -> 0 | K45: S1:T1078.004 Cloud Accounts -> S2:T1578.002 Create Cloud Instance -> S3:T1651 Cloud Administration Command -> S4:T1496.004 Cloud Service Hijacking | L45: S1:Management Console for Business Server OnCloud -> S2:Update server OnCloud -> S3:Business Server OnCloud -> S4:Proxy server OnCloud
A46: A | B46: 45 | C46: A-045 | D46: 181 | E46: =LONG!U181 -> 0.00046357402 | F46: =LONG!V181 -> 0.00010077696 | G46: =LONG!W181 -> 0.314928 | H46: =LONG!X181 -> 0.18963842 | I46: =LONG!Y181 -> Risk C | J46: =LONG!Z181 -> 0 | K46: S1:T1078.004 Cloud Accounts -> S2:T1578.002 Create Cloud Instance -> S3:T1555.006 Cloud Secrets Management Stores -> S4:T1486 Data Encrypted for Impact | L46: S1:Management Console for Business Server OnCloud -> S2:Update server OnCloud -> S3:Business Server OnCloud -> S4:Proxy server OnCloud
A47: A | B47: 46 | C47: A-046 | D47: 185 | E47: =LONG!U185 -> 0.0010384058 | F47: =LONG!V185 -> 8.0621568e-05 | G47: =LONG!W185 -> 0.314928 | H47: =LONG!X185 -> 0.30901727 | I47: =LONG!Y185 -> Risk C | J47: =LONG!Z185 -> 0 | K47: S1:T1078.004 Cloud Accounts -> S2:T1578.002 Create Cloud Instance -> S3:T1555.006 Cloud Secrets Management Stores -> S4:T1496.001 Compute Hijacking | L47: S1:Management Console for Business Server OnCloud -> S2:Update server OnCloud -> S3:Business Server OnCloud -> S4:Proxy server OnCloud
A48: A | B48: 47 | C48: A-047 | D48: 189 | E48: =LONG!U189 -> 0.00025960145 | F48: =LONG!V189 -> 2.0155392e-05 | G48: =LONG!W189 -> 0.10203667 | H48: =LONG!X189 -> 0.29962378 | I48: =LONG!Y189 -> Risk C | J48: =LONG!Z189 -> 0 | K48: S1:T1078.004 Cloud Accounts -> S2:T1578.002 Create Cloud Instance -> S3:T1555.006 Cloud Secrets Management Stores -> S4:T1496.002 Bandwidth Hijacking | L48: S1:Management Console for Business Server OnCloud -> S2:Update server OnCloud -> S3:Business Server OnCloud -> S4:Proxy server OnCloud
A49: A | B49: 48 | C49: A-048 | D49: 193 | E49: =LONG!U193 -> 0.00025960145 | F49: =LONG!V193 -> 2.0155392e-05 | G49: =LONG!W193 -> 0.10203667 | H49: =LONG!X193 -> 0.29962378 | I49: =LONG!Y193 -> Risk C | J49: =LONG!Z193 -> 0 | K49: S1:T1078.004 Cloud Accounts -> S2:T1578.002 Create Cloud Instance -> S3:T1555.006 Cloud Secrets Management Stores -> S4:T1496.004 Cloud Service Hijacking | L49: S1:Management Console for Business Server OnCloud -> S2:Update server OnCloud -> S3:Business Server OnCloud -> S4:Proxy server OnCloud
A50: A | B50: 49 | C50: A-049 | D50: 197 | E50: =LONG!U197 -> 0.00014108774 | F50: =LONG!V197 -> 5.038848e-05 | G50: =LONG!W197 -> 0.157464 | H50: =LONG!X197 -> 0.1279477 | I50: =LONG!Y197 -> Risk C | J50: =LONG!Z197 -> 0 | K50: S1:T1078.004 Cloud Accounts -> S2:T1578.004 Revert Cloud Instance -> S3:T1484.002 Trust Modification -> S4:T1486 Data Encrypted for Impact | L50: S1:Management Console for Business Server OnCloud -> S2:Update server OnCloud -> S3:Business Server OnCloud -> S4:Proxy server OnCloud
A51: A | B51: 50 | C51: A-050 | D51: 201 | E51: =LONG!U201 -> 0.00031603655 | F51: =LONG!V201 -> 4.0310784e-05 | G51: =LONG!W201 -> 0.157464 | H51: =LONG!X201 -> 0.24899104 | I51: =LONG!Y201 -> Risk C | J51: =LONG!Z201 -> 0 | K51: S1:T1078.004 Cloud Accounts -> S2:T1578.004 Revert Cloud Instance -> S3:T1484.002 Trust Modification -> S4:T1496.001 Compute Hijacking | L51: S1:Management Console for Business Server OnCloud -> S2:Update server OnCloud -> S3:Business Server OnCloud -> S4:Proxy server OnCloud
A52: A | B52: 51 | C52: A-051 | D52: 205 | E52: =LONG!U205 -> 7.9009137e-05 | F52: =LONG!V205 -> 1.0077696e-05 | G52: =LONG!W205 -> 0.051018336 | H52: =LONG!X205 -> 0.24142223 | I52: =LONG!Y205 -> Risk C | J52: =LONG!Z205 -> 0 | K52: S1:T1078.004 Cloud Accounts -> S2:T1578.004 Revert Cloud Instance -> S3:T1484.002 Trust Modification -> S4:T1496.002 Bandwidth Hijacking | L52: S1:Management Console for Business Server OnCloud -> S2:Update server OnCloud -> S3:Business Server OnCloud -> S4:Proxy server OnCloud
A53: A | B53: 52 | C53: A-052 | D53: 209 | E53: =LONG!U209 -> 7.9009137e-05 | F53: =LONG!V209 -> 1.0077696e-05 | G53: =LONG!W209 -> 0.051018336 | H53: =LONG!X209 -> 0.24142223 | I53: =LONG!Y209 -> Risk C | J53: =LONG!Z209 -> 0 | K53: S1:T1078.004 Cloud Accounts -> S2:T1578.004 Revert Cloud Instance -> S3:T1484.002 Trust Modification -> S4:T1496.004 Cloud Service Hijacking | L53: S1:Management Console for Business Server OnCloud -> S2:Update server OnCloud -> S3:Business Server OnCloud -> S4:Proxy server OnCloud
A54: A | B54: 53 | C54: A-053 | D54: 213 | E54: =LONG!U213 -> 0.00014108774 | F54: =LONG!V213 -> 5.038848e-05 | G54: =LONG!W213 -> 0.157464 | H54: =LONG!X213 -> 0.1279477 | I54: =LONG!Y213 -> Risk C | J54: =LONG!Z213 -> 0 | K54: S1:T1078.004 Cloud Accounts -> S2:T1578.004 Revert Cloud Instance -> S3:T1059.009 Cloud API -> S4:T1486 Data Encrypted for Impact | L54: S1:Management Console for Business Server OnCloud -> S2:Update server OnCloud -> S3:Business Server OnCloud -> S4:Proxy server OnCloud
A55: A | B55: 54 | C55: A-054 | D55: 217 | E55: =LONG!U217 -> 0.00031603655 | F55: =LONG!V217 -> 4.0310784e-05 | G55: =LONG!W217 -> 0.157464 | H55: =LONG!X217 -> 0.24899104 | I55: =LONG!Y217 -> Risk C | J55: =LONG!Z217 -> 0 | K55: S1:T1078.004 Cloud Accounts -> S2:T1578.004 Revert Cloud Instance -> S3:T1059.009 Cloud API -> S4:T1496.001 Compute Hijacking | L55: S1:Management Console for Business Server OnCloud -> S2:Update server OnCloud -> S3:Business Server OnCloud -> S4:Proxy server OnCloud
A56: A | B56: 55 | C56: A-055 | D56: 221 | E56: =LONG!U221 -> 7.9009137e-05 | F56: =LONG!V221 -> 1.0077696e-05 | G56: =LONG!W221 -> 0.051018336 | H56: =LONG!X221 -> 0.24142223 | I56: =LONG!Y221 -> Risk C | J56: =LONG!Z221 -> 0 | K56: S1:T1078.004 Cloud Accounts -> S2:T1578.004 Revert Cloud Instance -> S3:T1059.009 Cloud API -> S4:T1496.002 Bandwidth Hijacking | L56: S1:Management Console for Business Server OnCloud -> S2:Update server OnCloud -> S3:Business Server OnCloud -> S4:Proxy server OnCloud
A57: A | B57: 56 | C57: A-056 | D57: 225 | E57: =LONG!U225 -> 7.9009137e-05 | F57: =LONG!V225 -> 1.0077696e-05 | G57: =LONG!W225 -> 0.051018336 | H57: =LONG!X225 -> 0.24142223 | I57: =LONG!Y225 -> Risk C | J57: =LONG!Z225 -> 0 | K57: S1:T1078.004 Cloud Accounts -> S2:T1578.004 Revert Cloud Instance -> S3:T1059.009 Cloud API -> S4:T1496.004 Cloud Service Hijacking | L57: S1:Management Console for Business Server OnCloud -> S2:Update server OnCloud -> S3:Business Server OnCloud -> S4:Proxy server OnCloud
A58: A | B58: 57 | C58: A-057 | D58: 229 | E58: =LONG!U229 -> 0.00014108774 | F58: =LONG!V229 -> 5.038848e-05 | G58: =LONG!W229 -> 0.157464 | H58: =LONG!X229 -> 0.1279477 | I58: =LONG!Y229 -> Risk C | J58: =LONG!Z229 -> 0 | K58: S1:T1078.004 Cloud Accounts -> S2:T1578.004 Revert Cloud Instance -> S3:T1651 Cloud Administration Command -> S4:T1486 Data Encrypted for Impact | L58: S1:Management Console for Business Server OnCloud -> S2:Update server OnCloud -> S3:Business Server OnCloud -> S4:Proxy server OnCloud
A59: A | B59: 58 | C59: A-058 | D59: 233 | E59: =LONG!U233 -> 0.00031603655 | F59: =LONG!V233 -> 4.0310784e-05 | G59: =LONG!W233 -> 0.157464 | H59: =LONG!X233 -> 0.24899104 | I59: =LONG!Y233 -> Risk C | J59: =LONG!Z233 -> 0 | K59: S1:T1078.004 Cloud Accounts -> S2:T1578.004 Revert Cloud Instance -> S3:T1651 Cloud Administration Command -> S4:T1496.001 Compute Hijacking | L59: S1:Management Console for Business Server OnCloud -> S2:Update server OnCloud -> S3:Business Server OnCloud -> S4:Proxy server OnCloud
A60: A | B60: 59 | C60: A-059 | D60: 237 | E60: =LONG!U237 -> 7.9009137e-05 | F60: =LONG!V237 -> 1.0077696e-05 | G60: =LONG!W237 -> 0.051018336 | H60: =LONG!X237 -> 0.24142223 | I60: =LONG!Y237 -> Risk C | J60: =LONG!Z237 -> 0 | K60: S1:T1078.004 Cloud Accounts -> S2:T1578.004 Revert Cloud Instance -> S3:T1651 Cloud Administration Command -> S4:T1496.002 Bandwidth Hijacking | L60: S1:Management Console for Business Server OnCloud -> S2:Update server OnCloud -> S3:Business Server OnCloud -> S4:Proxy server OnCloud
A61: A | B61: 60 | C61: A-060 | D61: 241 | E61: =LONG!U241 -> 7.9009137e-05 | F61: =LONG!V241 -> 1.0077696e-05 | G61: =LONG!W241 -> 0.051018336 | H61: =LONG!X241 -> 0.24142223 | I61: =LONG!Y241 -> Risk C | J61: =LONG!Z241 -> 0 | K61: S1:T1078.004 Cloud Accounts -> S2:T1578.004 Revert Cloud Instance -> S3:T1651 Cloud Administration Command -> S4:T1496.004 Cloud Service Hijacking | L61: S1:Management Console for Business Server OnCloud -> S2:Update server OnCloud -> S3:Business Server OnCloud -> S4:Proxy server OnCloud
A62: A | B62: 61 | C62: A-061 | D62: 245 | E62: =LONG!U245 -> 0.00014108774 | F62: =LONG!V245 -> 5.038848e-05 | G62: =LONG!W245 -> 0.157464 | H62: =LONG!X245 -> 0.1279477 | I62: =LONG!Y245 -> Risk C | J62: =LONG!Z245 -> 0 | K62: S1:T1078.004 Cloud Accounts -> S2:T1578.004 Revert Cloud Instance -> S3:T1555.006 Cloud Secrets Management Stores -> S4:T1486 Data Encrypted for Impact | L62: S1:Management Console for Business Server OnCloud -> S2:Update server OnCloud -> S3:Business Server OnCloud -> S4:Proxy server OnCloud
A63: A | B63: 62 | C63: A-062 | D63: 249 | E63: =LONG!U249 -> 0.00031603655 | F63: =LONG!V249 -> 4.0310784e-05 | G63: =LONG!W249 -> 0.157464 | H63: =LONG!X249 -> 0.24899104 | I63: =LONG!Y249 -> Risk C | J63: =LONG!Z249 -> 0 | K63: S1:T1078.004 Cloud Accounts -> S2:T1578.004 Revert Cloud Instance -> S3:T1555.006 Cloud Secrets Management Stores -> S4:T1496.001 Compute Hijacking | L63: S1:Management Console for Business Server OnCloud -> S2:Update server OnCloud -> S3:Business Server OnCloud -> S4:Proxy server OnCloud
A64: A | B64: 63 | C64: A-063 | D64: 253 | E64: =LONG!U253 -> 7.9009137e-05 | F64: =LONG!V253 -> 1.0077696e-05 | G64: =LONG!W253 -> 0.051018336 | H64: =LONG!X253 -> 0.24142223 | I64: =LONG!Y253 -> Risk C | J64: =LONG!Z253 -> 0 | K64: S1:T1078.004 Cloud Accounts -> S2:T1578.004 Revert Cloud Instance -> S3:T1555.006 Cloud Secrets Management Stores -> S4:T1496.002 Bandwidth Hijacking | L64: S1:Management Console for Business Server OnCloud -> S2:Update server OnCloud -> S3:Business Server OnCloud -> S4:Proxy server OnCloud
A65: A | B65: 64 | C65: A-064 | D65: 257 | E65: =LONG!U257 -> 7.9009137e-05 | F65: =LONG!V257 -> 1.0077696e-05 | G65: =LONG!W257 -> 0.051018336 | H65: =LONG!X257 -> 0.24142223 | I65: =LONG!Y257 -> Risk C | J65: =LONG!Z257 -> 0 | K65: S1:T1078.004 Cloud Accounts -> S2:T1578.004 Revert Cloud Instance -> S3:T1555.006 Cloud Secrets Management Stores -> S4:T1496.004 Cloud Service Hijacking | L65: S1:Management Console for Business Server OnCloud -> S2:Update server OnCloud -> S3:Business Server OnCloud -> S4:Proxy server OnCloud

Sheet Risk_Summary
A1: Scenario_ID | B1: A
A2: Total attack trees | B2: =COUNTA(Tree_Summary!C2:C65) -> 64
A3: Risk A count | B3: =COUNTIF(Tree_Summary!I2:I65,"Risk A") -> 0
A4: Risk B count | B4: =COUNTIF(Tree_Summary!I2:I65,"Risk B") -> 0
A5: Risk C count | B5: =COUNTIF(Tree_Summary!I2:I65,"Risk C") -> 64
A6: Risk B ratio | B6: =IF(B2=0,0,B4/B2) -> 0
A7: Max Rtree Current | B7: =MAX(Tree_Summary!E2:E65) -> 0.0010384058
A8: Top Risk Tree | B8: =INDEX(Tree_Summary!C2:C65,MATCH(B7,Tree_Summary!E2:E65,0)) -> A-034
A9: Average Rtree Current | B9: =AVERAGE(Tree_Summary!E2:E65) -> 0.00021969377

Sheet Settings 
A1: Workbook | B1: SPRV_LG_LONG_scenarioA
A2: Scenario | B2: Management console privilege abuse on GovCloud and CIA impact on resident information
A3: Formula for Qi | B3: Qi = Pi × Mi
A4: Formula for Qhat_i | B4: Qhat_i = MIN(1, Pi × Mi × Ci)
A5: Formula for Ri | B5: Ri_i = Ri_(i-1) × Qhat_i ; Ri_1 = Qhat_1
A6: Risk B threshold (Log_Ratio) | B6: 0.33333333
A7: Risk A threshold (Log_Ratio) | B7: 0.66666667
A8: Full mitigation Mi | B8: 0.1
A9: Worst case Mi | B9: 0.9
A10: High Mi flag threshold | B10: 0.28
A11: High Qhat flag threshold | B11: 0.4
A13: Ci conversion table
A14: Level | B14: Ci coefficient | C14: Influence | D14: Condition
A15: 1 | B15: 1 | C15: No influence | D15: Previous step does not affect the next step
A16: 2 | B16: 1.2 | C16: Minor influence | D16: Information acquisition slightly increases next-step success
A17: 3 | B17: 1.35 | C17: Moderate influence | D17: Acquired credentials/privileges can be reused in the next step
A18: 4 | B18: 1.5 | C18: Strong influence | D18: Credential/privilege/admin acquisition greatly increases next-step success
A19: 5 | B19: 2 | C19: Maximum influence | D19: Admin/cloud-control rights are almost fully obtained before the next step

Sheet Data_Dictionary
A1: Column | B1: Definition
A2: Pi | B2: Attack reproducibility rate based on MITRE frequency scoring.
A3: Mi_Current | B3: Defense failure rate under the guideline-compliant condition.
A4: Ci | B4: Propagation influence coefficient converted from the 5-level influence table.
A5: Qi_Current | B5: Pi × Mi_Current.
A6: Qhat_i_Current | B6: MIN(1, Pi × Mi_Current × Ci).
A7: Ri_Current | B7: Cumulative attack path reachability under guideline-compliant condition.
A8: Rtree_Current | B8: Final-step Ri_Current for the attack tree.
A9: Rtree_Full | B9: Final-step Ri under full mitigation reference condition, Mi=0.1.
A10: Rtree_Worst | B10: Final-step Ri under no mitigation reference condition, Mi=0.9.
A11: Log_Ratio | B11: Relative position of current Rtree between full mitigation and worst-case references.
A12: Risk_Class | B12: Risk A/B/C classification based on Log_Ratio thresholds.
