Workbook

Sheet ScenarioB_Attack_Paths_IPA_2025
A1: No | B1: Step1_TechniqueID | C1: Step1_TargetAsset | D1: description | E1: Business Impact | F1: Threat | G1: Mitigation | H1: Vulnerability | I1: Risk Score | J1: 対策根拠（既知脆弱性） | K1: Step2_TechniqueID | L1: Step2_TargetAsset | M1: description | N1: Business Impact | O1: Threat | P1: Mitigation | Q1: Vulnerability | R1: Risk Score | S1: 対策根拠 | T1: Step3_TechniqueID | U1: Step3_TargetAsset | V1: description | W1: Business Impact | X1: Threat | Y1: Mitigation | Z1: Vulnerability | AA1: Risk Score | AB1: 対策根拠 | AC1: Step4_TechniqueID | AD1: Step4_TargetAsset | AE1: description | AF1: Business Impact | AG1: Threat | AH1: Mitigation | AI1: Vulnerability | AJ1: Risk Score | AK1: 対策根拠 | AL1: Business Impact | AM1: Threat | AN1: Mitigation | AO1: Vulnerability | AP1: Risk Score | AQ1: 判定根拠
A2: 1 | B2: =SPRV_Source_For_Formulas!D2 | C2: VDI Auth server | D2: 外出先からSASE経由でVDI Auth Serverにアクセスする職員の通信を狙い、Citrix Gatewayの既知の脆弱性（例：CVE-2019-19781 など）を悪用して認証バイパスを実行。正規ユーザになりすまし、庁内ネットワークへの初期侵入に成功。 | E2: 3 | F2: 2 | G2: =IF(SPRV_Source_For_Formulas!G2<=0.2,3,IF(SPRV_Source_For_Formulas!G2<=0.5,2,1)) | H2: =4-G2 | I2: =IF(AND(E2=3,F2*H2>=6),"A",IF(AND(E2=3,F2*H2>=3),"B",IF(AND(E2=3,F2*H2>=1),"C",""))) | J2: 根拠（既知脆弱性への限定対応とβ’モデル基準）： 既知脆弱性に対する対策は技術・運用の両面で確立可能 総務省β’モデル「3.2.3 脆弱性管理」では、重大脆弱性に対し「48時間以内にパッチ適用」などのSLAを定めることが推奨されている。 さらに、「脆弱性の収集 → 影響評価 → 優先順位付け → 修正 → 再確認」の脆弱性管理ライフサイクルが整備されていれば、CVE-2019-19781のような既知の脆弱性はカバー可能。 SASE＋WAF＋ZTNAによる多層防御が機能すれば、侵入リスクは大幅に軽減 WAFにおける既知の攻撃シグネチャ対応は一般的であり、IDS/IPSやEDRとの組み合わせで侵入前に阻止できる。 SASEにおけるZTNAの導入により、「未認証端末からの直接到達不可」「職員IDベースの接続制御」「MDMによる端末衛生チェック」が可能。 構成管理や攻撃面最小化（attack surface reduction）も含めた対応が前提 公開Webアプリに対する構成管理（例：DMZ分離、最小限ポート公開、不要機能無効化等）が実施されていれば、既知脆弱性を突かれる余地は少ない。 | K2: =SPRV_Source_For_Formulas!D3 | L2: VDI Auth server | M2: 不正クラウドインスタンスを生成 し、VDI環境全体の制御奪取や横展開を図る | N2: 3 | O2: 2 | P2: =IF(SPRV_Source_For_Formulas!G3<=0.2,3,IF(SPRV_Source_For_Formulas!G3<=0.5,2,1)) | Q2: =4-P2 | R2: =IF(AND(N2=3,O2*Q2>=6),"A",IF(AND(N2=3,O2*Q2>=3),"B",IF(AND(N2=3,O2*Q2>=1),"C",""))) | S2: | 評価観点 | 状況・施策内容 | 評価 | | -------------- | -------------------------------------------- | ------ | | 認証管理（MFA, STS） | Step1対策としてMFA・ZTNA導入済。管理コンソールへの操作は多要素認証必須。 | ★★★（3） | | 権限管理（IAM） | VDI AuthサーバにEC2生成権限は原則付与されていない。ただし一部例外運用が残存。 | ★★☆（2） | | インスタンス作成監視 | CloudTrailでAPI呼び出し監視有効。SIEMと連携し異常通知あり。 | ★★★（3） | | ガードレール制御 | 承認フローは未整備。Terraform/IaCでの標準化はあるが手動例外ルールあり。 | ★★☆（2） | | 構成ミス検出自動化 | CSPM導入済。SSPMは試験導入段階で一部検知カバー不足。 | ★★☆（2） | | 監査と事後対応 | 月次監査と外部監査あり。監査範囲はアカウント・IAM主体でリソース生成は網羅性に欠ける。 | ★★☆（2） |→ 総合評価：2.3 → 切り下げて「レベル2」 | T2: =SPRV_Source_For_Formulas!D4 | U2: VDI server | V2: Step1で VDI Auth Serverを突破 し、Step2で 不正クラウドインスタンス生成（T1578.002） に成功した攻撃者は、VDI環境全体を制御するために クラウド管理コマンドを直接行使 。 想定される操作例は以下の通り： クラウド管理API/CLIを使用してVDI Serverの設定変更を実行 仮想NIC設定を変更してC2通信を許可 ストレージスナップショットを外部リージョンへ転送 認証関連構成を改変 VDIログオンポリシーを緩和 管理者アカウントの権限を昇格 痕跡隠蔽 監査ログを削除または外部に退避し検知回避 VDI Serverの構成を一時的に復旧させ、運用担当者に異常を気づかせない → 攻撃の本質は、クラウド環境の“正規管理操作”を不正に実行してVDI基盤を乗っ取る点にあり、検知困難性が非常に高いのが特徴 | W2: 3 | X2: 2 | Y2: =IF(SPRV_Source_For_Formulas!G4<=0.2,3,IF(SPRV_Source_For_Formulas!G4<=0.5,2,1)) | Z2: =4-Y2 | AA2: =IF(AND(W2=3,X2*Z2>=6),"A",IF(AND(W2=3,X2*Z2>=3),"B",IF(AND(W2=3,X2*Z2>=1),"C",""))) | AB2: | 評価観点 | 状況・施策内容 | 評価 | | -------------- | ------------------------------------------------ | ------ | | 認証管理（MFA, STS） | 管理操作にMFA必須、STSトークン利用。攻撃者が認証を突破した場合は正規操作に見える点が残る。 | ★★★（3） | | ログ監査・改ざん防止 | CloudTrail＋WORMで保存されているが、リアルタイム監視が不完全。 | ★★☆（2） | | 管理コマンドの承認フロー | 一部は二重承認あり。ただし運用効率優先で例外許可が散見。 | ★★☆（2） | | IaCによる設定固定 | Terraform導入済だが、一部手動操作が許容されている。 | ★★☆（2） | | SSPM・逸脱検知 | CSPM導入済、SSPMは未導入。異常なAPI操作の自動検知は一部不足。 | ★★☆（2） | | 監査と外部確認 | 月次の内部監査あり。外部監査は年1回。管理コマンドの網羅的確認までは実施されていない。 | ★★☆（2） |→ 総合評価：2.1 → 切り下げて「レベル2」 | AC2: =SPRV_Source_For_Formulas!D5 | AD2: My Number Administrative System on GovCloud | AE2: クラウド上の権限昇格・API権限を濫用し、コンピューティングリソース（仮想マシンやPaaS）を乗っ取って暗号資産マイニングやDDoSリレーに悪用。 | AF2: 3 | AG2: 2 | AH2: =IF(SPRV_Source_For_Formulas!G5<=0.2,3,IF(SPRV_Source_For_Formulas!G5<=0.5,2,1)) | AI2: =4-AH2 | AJ2: =IF(AND(AF2=3,AG2*AI2>=6),"A",IF(AND(AF2=3,AG2*AI2>=3),"B",IF(AND(AF2=3,AG2*AI2>=1),"C",""))) | AK2: β’モデル＋ガバメントクラウド資料にてIAM最小権限、API監査、CSPM運用が整備されていれば、有効性は高い。ただし初期検知遅延やアラート無視等には注意が必要。 | AL2: =MAX(E2,N2,W2,AF2) | AM2: 2 | AN2: =MAX(G2,P2,Y2,AH2) | AO2: =4-AN2 | AP2: =IF(AND(AL2=3,AM2*AO2>=6),"A",IF(AND(AL2=3,AM2*AO2>=3),"B",IF(AND(AL2=3,AM2*AO2>=1),"C",""))) | AQ2: ="Scenario-level Threat=2; Step1="&I2&" Step2="&R2&" Step3="&AA2&" Step4="&AJ2&" ; Overall Threat fixed=2, Max Mitigation="&AN2&" => Overall="&AP2
A3: 2 | B3: =SPRV_Source_For_Formulas!D6 | C3: VDI Auth server | D3: 外出先からSASE経由でVDI Auth Serverにアクセスする職員の通信を狙い、Citrix Gatewayの既知の脆弱性（例：CVE-2019-19781 など）を悪用して認証バイパスを実行。正規ユーザになりすまし、庁内ネットワークへの初期侵入に成功。 | E3: 3 | F3: 2 | G3: =IF(SPRV_Source_For_Formulas!G6<=0.2,3,IF(SPRV_Source_For_Formulas!G6<=0.5,2,1)) | H3: =4-G3 | I3: =IF(AND(E3=3,F3*H3>=6),"A",IF(AND(E3=3,F3*H3>=3),"B",IF(AND(E3=3,F3*H3>=1),"C",""))) | J3: 根拠（既知脆弱性への限定対応とβ’モデル基準）： 既知脆弱性に対する対策は技術・運用の両面で確立可能 総務省β’モデル「3.2.3 脆弱性管理」では、重大脆弱性に対し「48時間以内にパッチ適用」などのSLAを定めることが推奨されている。 さらに、「脆弱性の収集 → 影響評価 → 優先順位付け → 修正 → 再確認」の脆弱性管理ライフサイクルが整備されていれば、CVE-2019-19781のような既知の脆弱性はカバー可能。 SASE＋WAF＋ZTNAによる多層防御が機能すれば、侵入リスクは大幅に軽減 WAFにおける既知の攻撃シグネチャ対応は一般的であり、IDS/IPSやEDRとの組み合わせで侵入前に阻止できる。 SASEにおけるZTNAの導入により、「未認証端末からの直接到達不可」「職員IDベースの接続制御」「MDMによる端末衛生チェック」が可能。 構成管理や攻撃面最小化（attack surface reduction）も含めた対応が前提 公開Webアプリに対する構成管理（例：DMZ分離、最小限ポート公開、不要機能無効化等）が実施されていれば、既知脆弱性を突かれる余地は少ない。 | K3: =SPRV_Source_For_Formulas!D7 | L3: VDI Auth server | M3: 不正クラウドインスタンスを生成 し、VDI環境全体の制御奪取や横展開を図る | N3: 3 | O3: 2 | P3: =IF(SPRV_Source_For_Formulas!G7<=0.2,3,IF(SPRV_Source_For_Formulas!G7<=0.5,2,1)) | Q3: =4-P3 | R3: =IF(AND(N3=3,O3*Q3>=6),"A",IF(AND(N3=3,O3*Q3>=3),"B",IF(AND(N3=3,O3*Q3>=1),"C",""))) | S3: | 評価観点 | 状況・施策内容 | 評価 | | -------------- | -------------------------------------------- | ------ | | 認証管理（MFA, STS） | Step1対策としてMFA・ZTNA導入済。管理コンソールへの操作は多要素認証必須。 | ★★★（3） | | 権限管理（IAM） | VDI AuthサーバにEC2生成権限は原則付与されていない。ただし一部例外運用が残存。 | ★★☆（2） | | インスタンス作成監視 | CloudTrailでAPI呼び出し監視有効。SIEMと連携し異常通知あり。 | ★★★（3） | | ガードレール制御 | 承認フローは未整備。Terraform/IaCでの標準化はあるが手動例外ルールあり。 | ★★☆（2） | | 構成ミス検出自動化 | CSPM導入済。SSPMは試験導入段階で一部検知カバー不足。 | ★★☆（2） | | 監査と事後対応 | 月次監査と外部監査あり。監査範囲はアカウント・IAM主体でリソース生成は網羅性に欠ける。 | ★★☆（2） |→ 総合評価：2.3 → 切り下げて「レベル2」 | T3: =SPRV_Source_For_Formulas!D8 | U3: VDI server | V3: Step1で VDI Auth Serverを突破 し、Step2で 不正クラウドインスタンス生成（T1578.002） に成功した攻撃者は、VDI環境全体を制御するために クラウド管理コマンドを直接行使 。 想定される操作例は以下の通り： クラウド管理API/CLIを使用してVDI Serverの設定変更を実行 仮想NIC設定を変更してC2通信を許可 ストレージスナップショットを外部リージョンへ転送 認証関連構成を改変 VDIログオンポリシーを緩和 管理者アカウントの権限を昇格 痕跡隠蔽 監査ログを削除または外部に退避し検知回避 VDI Serverの構成を一時的に復旧させ、運用担当者に異常を気づかせない → 攻撃の本質は、クラウド環境の“正規管理操作”を不正に実行してVDI基盤を乗っ取る点にあり、検知困難性が非常に高いのが特徴 | W3: 3 | X3: 2 | Y3: =IF(SPRV_Source_For_Formulas!G8<=0.2,3,IF(SPRV_Source_For_Formulas!G8<=0.5,2,1)) | Z3: =4-Y3 | AA3: =IF(AND(W3=3,X3*Z3>=6),"A",IF(AND(W3=3,X3*Z3>=3),"B",IF(AND(W3=3,X3*Z3>=1),"C",""))) | AB3: | 評価観点 | 状況・施策内容 | 評価 | | -------------- | ------------------------------------------------ | ------ | | 認証管理（MFA, STS） | 管理操作にMFA必須、STSトークン利用。攻撃者が認証を突破した場合は正規操作に見える点が残る。 | ★★★（3） | | ログ監査・改ざん防止 | CloudTrail＋WORMで保存されているが、リアルタイム監視が不完全。 | ★★☆（2） | | 管理コマンドの承認フロー | 一部は二重承認あり。ただし運用効率優先で例外許可が散見。 | ★★☆（2） | | IaCによる設定固定 | Terraform導入済だが、一部手動操作が許容されている。 | ★★☆（2） | | SSPM・逸脱検知 | CSPM導入済、SSPMは未導入。異常なAPI操作の自動検知は一部不足。 | ★★☆（2） | | 監査と外部確認 | 月次の内部監査あり。外部監査は年1回。管理コマンドの網羅的確認までは実施されていない。 | ★★☆（2） |→ 総合評価：2.1 → 切り下げて「レベル2」 | AC3: =SPRV_Source_For_Formulas!D9 | AD3: My Number Administrative System on GovCloud | AE3: 仮想マシンに対するアクセス権を不正取得し、演算リソースを密かに使用して不正目的（例：マイニング、リバースシェル）に利用。 | AF3: 3 | AG3: 2 | AH3: =IF(SPRV_Source_For_Formulas!G9<=0.2,3,IF(SPRV_Source_For_Formulas!G9<=0.5,2,1)) | AI3: =4-AH3 | AJ3: =IF(AND(AF3=3,AG3*AI3>=6),"A",IF(AND(AF3=3,AG3*AI3>=3),"B",IF(AND(AF3=3,AG3*AI3>=1),"C",""))) | AK3: 仮想マシンに対するネットワーク分離、IAM制御、ログ監視により不正操作の抑止・検知が可能。推奨対策と合致。 | AL3: =MAX(E3,N3,W3,AF3) | AM3: 2 | AN3: =MAX(G3,P3,Y3,AH3) | AO3: =4-AN3 | AP3: =IF(AND(AL3=3,AM3*AO3>=6),"A",IF(AND(AL3=3,AM3*AO3>=3),"B",IF(AND(AL3=3,AM3*AO3>=1),"C",""))) | AQ3: ="Scenario-level Threat=2; Step1="&I3&" Step2="&R3&" Step3="&AA3&" Step4="&AJ3&" ; Overall Threat fixed=2, Max Mitigation="&AN3&" => Overall="&AP3
A4: 3 | B4: =SPRV_Source_For_Formulas!D10 | C4: VDI Auth server | D4: 外出先からSASE経由でVDI Auth Serverにアクセスする職員の通信を狙い、Citrix Gatewayの既知の脆弱性（例：CVE-2019-19781 など）を悪用して認証バイパスを実行。正規ユーザになりすまし、庁内ネットワークへの初期侵入に成功。 | E4: 3 | F4: 2 | G4: =IF(SPRV_Source_For_Formulas!G10<=0.2,3,IF(SPRV_Source_For_Formulas!G10<=0.5,2,1)) | H4: =4-G4 | I4: =IF(AND(E4=3,F4*H4>=6),"A",IF(AND(E4=3,F4*H4>=3),"B",IF(AND(E4=3,F4*H4>=1),"C",""))) | J4: 根拠（既知脆弱性への限定対応とβ’モデル基準）： 既知脆弱性に対する対策は技術・運用の両面で確立可能 総務省β’モデル「3.2.3 脆弱性管理」では、重大脆弱性に対し「48時間以内にパッチ適用」などのSLAを定めることが推奨されている。 さらに、「脆弱性の収集 → 影響評価 → 優先順位付け → 修正 → 再確認」の脆弱性管理ライフサイクルが整備されていれば、CVE-2019-19781のような既知の脆弱性はカバー可能。 SASE＋WAF＋ZTNAによる多層防御が機能すれば、侵入リスクは大幅に軽減 WAFにおける既知の攻撃シグネチャ対応は一般的であり、IDS/IPSやEDRとの組み合わせで侵入前に阻止できる。 SASEにおけるZTNAの導入により、「未認証端末からの直接到達不可」「職員IDベースの接続制御」「MDMによる端末衛生チェック」が可能。 構成管理や攻撃面最小化（attack surface reduction）も含めた対応が前提 公開Webアプリに対する構成管理（例：DMZ分離、最小限ポート公開、不要機能無効化等）が実施されていれば、既知脆弱性を突かれる余地は少ない。 | K4: =SPRV_Source_For_Formulas!D11 | L4: VDI Auth server | M4: 不正クラウドインスタンスを生成 し、VDI環境全体の制御奪取や横展開を図る | N4: 3 | O4: 2 | P4: =IF(SPRV_Source_For_Formulas!G11<=0.2,3,IF(SPRV_Source_For_Formulas!G11<=0.5,2,1)) | Q4: =4-P4 | R4: =IF(AND(N4=3,O4*Q4>=6),"A",IF(AND(N4=3,O4*Q4>=3),"B",IF(AND(N4=3,O4*Q4>=1),"C",""))) | S4: | 評価観点 | 状況・施策内容 | 評価 | | -------------- | -------------------------------------------- | ------ | | 認証管理（MFA, STS） | Step1対策としてMFA・ZTNA導入済。管理コンソールへの操作は多要素認証必須。 | ★★★（3） | | 権限管理（IAM） | VDI AuthサーバにEC2生成権限は原則付与されていない。ただし一部例外運用が残存。 | ★★☆（2） | | インスタンス作成監視 | CloudTrailでAPI呼び出し監視有効。SIEMと連携し異常通知あり。 | ★★★（3） | | ガードレール制御 | 承認フローは未整備。Terraform/IaCでの標準化はあるが手動例外ルールあり。 | ★★☆（2） | | 構成ミス検出自動化 | CSPM導入済。SSPMは試験導入段階で一部検知カバー不足。 | ★★☆（2） | | 監査と事後対応 | 月次監査と外部監査あり。監査範囲はアカウント・IAM主体でリソース生成は網羅性に欠ける。 | ★★☆（2） |→ 総合評価：2.3 → 切り下げて「レベル2」 | T4: =SPRV_Source_For_Formulas!D12 | U4: VDI server | V4: Step1で VDI Auth Serverを突破 し、Step2で 不正クラウドインスタンス生成（T1578.002） に成功した攻撃者は、VDI環境全体を制御するために クラウド管理コマンドを直接行使 。 想定される操作例は以下の通り： クラウド管理API/CLIを使用してVDI Serverの設定変更を実行 仮想NIC設定を変更してC2通信を許可 ストレージスナップショットを外部リージョンへ転送 認証関連構成を改変 VDIログオンポリシーを緩和 管理者アカウントの権限を昇格 痕跡隠蔽 監査ログを削除または外部に退避し検知回避 VDI Serverの構成を一時的に復旧させ、運用担当者に異常を気づかせない → 攻撃の本質は、クラウド環境の“正規管理操作”を不正に実行してVDI基盤を乗っ取る点にあり、検知困難性が非常に高いのが特徴 | W4: 3 | X4: 2 | Y4: =IF(SPRV_Source_For_Formulas!G12<=0.2,3,IF(SPRV_Source_For_Formulas!G12<=0.5,2,1)) | Z4: =4-Y4 | AA4: =IF(AND(W4=3,X4*Z4>=6),"A",IF(AND(W4=3,X4*Z4>=3),"B",IF(AND(W4=3,X4*Z4>=1),"C",""))) | AB4: | 評価観点 | 状況・施策内容 | 評価 | | -------------- | ------------------------------------------------ | ------ | | 認証管理（MFA, STS） | 管理操作にMFA必須、STSトークン利用。攻撃者が認証を突破した場合は正規操作に見える点が残る。 | ★★★（3） | | ログ監査・改ざん防止 | CloudTrail＋WORMで保存されているが、リアルタイム監視が不完全。 | ★★☆（2） | | 管理コマンドの承認フロー | 一部は二重承認あり。ただし運用効率優先で例外許可が散見。 | ★★☆（2） | | IaCによる設定固定 | Terraform導入済だが、一部手動操作が許容されている。 | ★★☆（2） | | SSPM・逸脱検知 | CSPM導入済、SSPMは未導入。異常なAPI操作の自動検知は一部不足。 | ★★☆（2） | | 監査と外部確認 | 月次の内部監査あり。外部監査は年1回。管理コマンドの網羅的確認までは実施されていない。 | ★★☆（2） |→ 総合評価：2.1 → 切り下げて「レベル2」 | AC4: =SPRV_Source_For_Formulas!D13 | AD4: My Number Administrative System on GovCloud | AE4: 攻撃手法の具体化 Step1〜Step3を経て攻撃者は VDI Auth → VDI Serverを経由し、クラウド管理権限を取得済み。 この状態で、攻撃者は My Number System上の業務データを暗号化し、業務停止やデータロックアウトを引き起こす。 想定される攻撃シナリオは以下： クラウド管理API／CLIを利用して、DBボリュームやストレージ（EBS, Blob, RDS等）を強制暗号化。 新しいKMSキーを攻撃者側で生成・割当し、既存キーを削除または無効化。 OSレベルでスクリプトを投入し、ファイルシステム全体を暗号化（Linux LUKS, Windows BitLocker等）。 Cloud Snapshotやバックアップを削除／無効化し、復旧不能状態に誘導。 結果として、マイナンバー業務全体が停止し、行政サービスに甚大な影響が発生する。 | AF4: 3 | AG4: 2 | AH4: =IF(SPRV_Source_For_Formulas!G13<=0.2,3,IF(SPRV_Source_For_Formulas!G13<=0.5,2,1)) | AI4: =4-AH4 | AJ4: =IF(AND(AF4=3,AG4*AI4>=6),"A",IF(AND(AF4=3,AG4*AI4>=3),"B",IF(AND(AF4=3,AG4*AI4>=1),"C",""))) | AK4: | 評価観点 | 状況・施策内容 | 評価 | | ----------------- | ------------------------------------------------------------ | ------ | | データ暗号化制御 | KMSによる暗号化・権限分離は導入済。ただし攻撃者が管理者権限を奪取した場合、正規の暗号化APIを利用され迂回可能。 | ★★☆（2） | | バックアップとリストア体制 | バックアップは定期取得されているが、スナップショット削除防止機能（Vault Lock等）は未導入で、削除耐性に弱点。 | ★★☆（2） | | API監視・検知 | CloudTrail＋SIEMで監査は有効。しかし暗号化コマンドやスナップショット削除のリアルタイム検知ルールは不完全。 | ★★☆（2） | | 承認フロー | 通常業務での暗号化設定変更は承認必須だが、緊急対応・管理者例外が存在し、悪用される可能性を残している。 | ★★☆（2） | | **CSPM／CIEM逸脱検知** | CSPMは導入済。だが暗号化操作やバックアップ削除の挙動検知は限定的。CIEMによる権限逸脱検知も一部のみ適用。 | ★★☆（2） |→総合評価：２ | AL4: =MAX(E4,N4,W4,AF4) | AM4: 2 | AN4: =MAX(G4,P4,Y4,AH4) | AO4: =4-AN4 | AP4: =IF(AND(AL4=3,AM4*AO4>=6),"A",IF(AND(AL4=3,AM4*AO4>=3),"B",IF(AND(AL4=3,AM4*AO4>=1),"C",""))) | AQ4: ="Scenario-level Threat=2; Step1="&I4&" Step2="&R4&" Step3="&AA4&" Step4="&AJ4&" ; Overall Threat fixed=2, Max Mitigation="&AN4&" => Overall="&AP4
A5: 4 | B5: =SPRV_Source_For_Formulas!D14 | C5: VDI Auth server | D5: 外出先からSASE経由でVDI Auth Serverにアクセスする職員の通信を狙い、Citrix Gatewayの既知の脆弱性（例：CVE-2019-19781 など）を悪用して認証バイパスを実行。正規ユーザになりすまし、庁内ネットワークへの初期侵入に成功。 | E5: 3 | F5: 2 | G5: =IF(SPRV_Source_For_Formulas!G14<=0.2,3,IF(SPRV_Source_For_Formulas!G14<=0.5,2,1)) | H5: =4-G5 | I5: =IF(AND(E5=3,F5*H5>=6),"A",IF(AND(E5=3,F5*H5>=3),"B",IF(AND(E5=3,F5*H5>=1),"C",""))) | J5: 根拠（既知脆弱性への限定対応とβ’モデル基準）： 既知脆弱性に対する対策は技術・運用の両面で確立可能 総務省β’モデル「3.2.3 脆弱性管理」では、重大脆弱性に対し「48時間以内にパッチ適用」などのSLAを定めることが推奨されている。 さらに、「脆弱性の収集 → 影響評価 → 優先順位付け → 修正 → 再確認」の脆弱性管理ライフサイクルが整備されていれば、CVE-2019-19781のような既知の脆弱性はカバー可能。 SASE＋WAF＋ZTNAによる多層防御が機能すれば、侵入リスクは大幅に軽減 WAFにおける既知の攻撃シグネチャ対応は一般的であり、IDS/IPSやEDRとの組み合わせで侵入前に阻止できる。 SASEにおけるZTNAの導入により、「未認証端末からの直接到達不可」「職員IDベースの接続制御」「MDMによる端末衛生チェック」が可能。 構成管理や攻撃面最小化（attack surface reduction）も含めた対応が前提 公開Webアプリに対する構成管理（例：DMZ分離、最小限ポート公開、不要機能無効化等）が実施されていれば、既知脆弱性を突かれる余地は少ない。 | K5: =SPRV_Source_For_Formulas!D15 | L5: VDI Auth server | M5: 不正クラウドインスタンスを生成 し、VDI環境全体の制御奪取や横展開を図る | N5: 3 | O5: 2 | P5: =IF(SPRV_Source_For_Formulas!G15<=0.2,3,IF(SPRV_Source_For_Formulas!G15<=0.5,2,1)) | Q5: =4-P5 | R5: =IF(AND(N5=3,O5*Q5>=6),"A",IF(AND(N5=3,O5*Q5>=3),"B",IF(AND(N5=3,O5*Q5>=1),"C",""))) | S5: | 評価観点 | 状況・施策内容 | 評価 | | -------------- | -------------------------------------------- | ------ | | 認証管理（MFA, STS） | Step1対策としてMFA・ZTNA導入済。管理コンソールへの操作は多要素認証必須。 | ★★★（3） | | 権限管理（IAM） | VDI AuthサーバにEC2生成権限は原則付与されていない。ただし一部例外運用が残存。 | ★★☆（2） | | インスタンス作成監視 | CloudTrailでAPI呼び出し監視有効。SIEMと連携し異常通知あり。 | ★★★（3） | | ガードレール制御 | 承認フローは未整備。Terraform/IaCでの標準化はあるが手動例外ルールあり。 | ★★☆（2） | | 構成ミス検出自動化 | CSPM導入済。SSPMは試験導入段階で一部検知カバー不足。 | ★★☆（2） | | 監査と事後対応 | 月次監査と外部監査あり。監査範囲はアカウント・IAM主体でリソース生成は網羅性に欠ける。 | ★★☆（2） |→ 総合評価：2.3 → 切り下げて「レベル2」 | T5: =SPRV_Source_For_Formulas!D16 | U5: VDI server | V5: Step1で VDI Auth Serverを突破 し、Step2で 不正クラウドインスタンス生成（T1578.002） に成功した攻撃者は、VDI環境全体を制御するために クラウド管理コマンドを直接行使 。 想定される操作例は以下の通り： クラウド管理API/CLIを使用してVDI Serverの設定変更を実行 仮想NIC設定を変更してC2通信を許可 ストレージスナップショットを外部リージョンへ転送 認証関連構成を改変 VDIログオンポリシーを緩和 管理者アカウントの権限を昇格 痕跡隠蔽 監査ログを削除または外部に退避し検知回避 VDI Serverの構成を一時的に復旧させ、運用担当者に異常を気づかせない → 攻撃の本質は、クラウド環境の“正規管理操作”を不正に実行してVDI基盤を乗っ取る点にあり、検知困難性が非常に高いのが特徴 | W5: 3 | X5: 2 | Y5: =IF(SPRV_Source_For_Formulas!G16<=0.2,3,IF(SPRV_Source_For_Formulas!G16<=0.5,2,1)) | Z5: =4-Y5 | AA5: =IF(AND(W5=3,X5*Z5>=6),"A",IF(AND(W5=3,X5*Z5>=3),"B",IF(AND(W5=3,X5*Z5>=1),"C",""))) | AB5: | 評価観点 | 状況・施策内容 | 評価 | | -------------- | ------------------------------------------------ | ------ | | 認証管理（MFA, STS） | 管理操作にMFA必須、STSトークン利用。攻撃者が認証を突破した場合は正規操作に見える点が残る。 | ★★★（3） | | ログ監査・改ざん防止 | CloudTrail＋WORMで保存されているが、リアルタイム監視が不完全。 | ★★☆（2） | | 管理コマンドの承認フロー | 一部は二重承認あり。ただし運用効率優先で例外許可が散見。 | ★★☆（2） | | IaCによる設定固定 | Terraform導入済だが、一部手動操作が許容されている。 | ★★☆（2） | | SSPM・逸脱検知 | CSPM導入済、SSPMは未導入。異常なAPI操作の自動検知は一部不足。 | ★★☆（2） | | 監査と外部確認 | 月次の内部監査あり。外部監査は年1回。管理コマンドの網羅的確認までは実施されていない。 | ★★☆（2） |→ 総合評価：2.1 → 切り下げて「レベル2」 | AC5: =SPRV_Source_For_Formulas!D17 | AD5: My Number Administrative System on GovCloud | AE5: 攻撃手法の具体化 Step1〜Step3で VDI Auth Server → VDI Server に侵入済みの攻撃者は、最終段階として マイナンバー事務系システムのリソース（特に帯域幅）を不正利用 。 攻撃の具体例： マイナンバーシステム上で稼働する VM／コンテナに不正ソフトを導入し、外部DDoS攻撃の踏み台として帯域を消費。 内部帯域を過剰利用し、正規業務処理の遅延や停止を誘発。 帯域消費によりクラウド課金を膨張させ、経済的損害を与える。 通信トラフィックに混在させて、C2通信やデータ流出を隠蔽。 → この攻撃は 「可用性の破壊」と「リソース濫用」 の両面を狙っており、暗号化攻撃（T1486）と比べても検知が難しい特徴がある。 | AF5: 3 | AG5: 2 | AH5: =IF(SPRV_Source_For_Formulas!G17<=0.2,3,IF(SPRV_Source_For_Formulas!G17<=0.5,2,1)) | AI5: =4-AH5 | AJ5: =IF(AND(AF5=3,AG5*AI5>=6),"A",IF(AND(AF5=3,AG5*AI5>=3),"B",IF(AND(AF5=3,AG5*AI5>=1),"C",""))) | AK5: | 評価観点 | 状況・施策内容 | 評価 | | -------------- | ---------------------------------------------------- | ------ | | 帯域使用監視・検知 | CloudWatch／Monitor等で帯域監視は実施。ただしリアルタイム異常検知ルールは一部未整備。 | ★★☆（2） | | DDoS対策 | 一般的なDDoS対策サービスは契約済。ただし全トラフィック網羅ではなく、業務系ネットワークの一部対象外。 | ★★☆（2） | | 出口通信制御 | Proxy・FWルールで外部接続制御済。ただしVDI経由トラフィックは例外許容ケースあり。 | ★★☆（2） | | CSPM／CIEMによる検知 | 過剰権限は定期監査されるが、自動検知ルールは不十分。帯域逸脱の直接検知機能は限定的。 | ★★☆（2） | | 監査と課金異常モニタリング | 月次監査とクラウド課金監視あり。ただし異常利用を即座にアラート化する仕組みは未導入。 | ★★☆（2） |→ 総合評価：2.0 → レベル2 | AL5: =MAX(E5,N5,W5,AF5) | AM5: 2 | AN5: =MAX(G5,P5,Y5,AH5) | AO5: =4-AN5 | AP5: =IF(AND(AL5=3,AM5*AO5>=6),"A",IF(AND(AL5=3,AM5*AO5>=3),"B",IF(AND(AL5=3,AM5*AO5>=1),"C",""))) | AQ5: ="Scenario-level Threat=2; Step1="&I5&" Step2="&R5&" Step3="&AA5&" Step4="&AJ5&" ; Overall Threat fixed=2, Max Mitigation="&AN5&" => Overall="&AP5
A6: 5 | B6: =SPRV_Source_For_Formulas!D18 | C6: VDI Auth server | D6: 外出先からSASE経由でVDI Auth Serverにアクセスする職員の通信を狙い、Citrix Gatewayの既知の脆弱性（例：CVE-2019-19781 など）を悪用して認証バイパスを実行。正規ユーザになりすまし、庁内ネットワークへの初期侵入に成功。 | E6: 3 | F6: 2 | G6: =IF(SPRV_Source_For_Formulas!G18<=0.2,3,IF(SPRV_Source_For_Formulas!G18<=0.5,2,1)) | H6: =4-G6 | I6: =IF(AND(E6=3,F6*H6>=6),"A",IF(AND(E6=3,F6*H6>=3),"B",IF(AND(E6=3,F6*H6>=1),"C",""))) | J6: 根拠（既知脆弱性への限定対応とβ’モデル基準）： 既知脆弱性に対する対策は技術・運用の両面で確立可能 総務省β’モデル「3.2.3 脆弱性管理」では、重大脆弱性に対し「48時間以内にパッチ適用」などのSLAを定めることが推奨されている。 さらに、「脆弱性の収集 → 影響評価 → 優先順位付け → 修正 → 再確認」の脆弱性管理ライフサイクルが整備されていれば、CVE-2019-19781のような既知の脆弱性はカバー可能。 SASE＋WAF＋ZTNAによる多層防御が機能すれば、侵入リスクは大幅に軽減 WAFにおける既知の攻撃シグネチャ対応は一般的であり、IDS/IPSやEDRとの組み合わせで侵入前に阻止できる。 SASEにおけるZTNAの導入により、「未認証端末からの直接到達不可」「職員IDベースの接続制御」「MDMによる端末衛生チェック」が可能。 構成管理や攻撃面最小化（attack surface reduction）も含めた対応が前提 公開Webアプリに対する構成管理（例：DMZ分離、最小限ポート公開、不要機能無効化等）が実施されていれば、既知脆弱性を突かれる余地は少ない。 | K6: =SPRV_Source_For_Formulas!D19 | L6: VDI Auth server | M6: 不正クラウドインスタンスを生成 し、VDI環境全体の制御奪取や横展開を図る | N6: 3 | O6: 2 | P6: =IF(SPRV_Source_For_Formulas!G19<=0.2,3,IF(SPRV_Source_For_Formulas!G19<=0.5,2,1)) | Q6: =4-P6 | R6: =IF(AND(N6=3,O6*Q6>=6),"A",IF(AND(N6=3,O6*Q6>=3),"B",IF(AND(N6=3,O6*Q6>=1),"C",""))) | S6: | 評価観点 | 状況・施策内容 | 評価 | | -------------- | -------------------------------------------- | ------ | | 認証管理（MFA, STS） | Step1対策としてMFA・ZTNA導入済。管理コンソールへの操作は多要素認証必須。 | ★★★（3） | | 権限管理（IAM） | VDI AuthサーバにEC2生成権限は原則付与されていない。ただし一部例外運用が残存。 | ★★☆（2） | | インスタンス作成監視 | CloudTrailでAPI呼び出し監視有効。SIEMと連携し異常通知あり。 | ★★★（3） | | ガードレール制御 | 承認フローは未整備。Terraform/IaCでの標準化はあるが手動例外ルールあり。 | ★★☆（2） | | 構成ミス検出自動化 | CSPM導入済。SSPMは試験導入段階で一部検知カバー不足。 | ★★☆（2） | | 監査と事後対応 | 月次監査と外部監査あり。監査範囲はアカウント・IAM主体でリソース生成は網羅性に欠ける。 | ★★☆（2） |→ 総合評価：2.3 → 切り下げて「レベル2」 | T6: =SPRV_Source_For_Formulas!D20 | U6: VDI server | V6: 攻撃者は Step1・Step2 で VDI Auth Serverに侵入 → 不正クラウドインスタンス作成 に成功。次のStep3では、VDI Serverに保存されているクラウドシークレット管理ストアへのアクセスを悪用します。 具体的な攻撃手法は以下： VDI Serverや関連アプリが利用する Secrets Manager／Key Vault／環境変数ストア を探索。 APIキー、VDI管理者アカウントのパスワード、DB認証情報、トークン等を抽出。 これらのSecretsを用いて、VDI管理コンソールや下位システムへ追加侵入。 認証情報を悪用して横展開や持続的アクセスを確立。 → 特にVDIサーバは「認証の中枢」であるため、Secretsが奪取されると他の全職員アカウントへの侵入ルートに直結するリスクがあります。 | W6: 3 | X6: 2 | Y6: =IF(SPRV_Source_For_Formulas!G20<=0.2,3,IF(SPRV_Source_For_Formulas!G20<=0.5,2,1)) | Z6: =4-Y6 | AA6: =IF(AND(W6=3,X6*Z6>=6),"A",IF(AND(W6=3,X6*Z6>=3),"B",IF(AND(W6=3,X6*Z6>=1),"C",""))) | AB6: | 評価観点 | 状況・施策内容 | 評価 | | ---------------- | ----------------------------------------------- | ------ | | Secretsアクセス制御 | IAMで細粒度制御は導入済。ただし一部広範囲ロールが残存。 | ★★☆（2） | | 暗号化とKMSキー管理 | KMSで暗号化され、鍵は別IAMで管理。 | ★★★（3） | | アクセス監査と検知 | CloudTrail＋SIEMで監査可能だが、Secrets読み取りアラートが遅延検知ベース。 | ★★☆（2） | | Secretsローテーション運用 | 一部自動化済み（APIキー等）、DB認証情報は手動更新が残る。 | ★★☆（2） | | SSPM・逸脱検知 | CSPM導入済、SSPMは未導入で逸脱検知は限定的。 | ★★☆（2） | | 承認フロー・監査 | 外部委託者操作は承認必須。内部管理者操作は承認不要ケースあり。 | ★★☆（2） |→ 総合評価：2.2 → 切り下げて「レベル2」 | AC6: =SPRV_Source_For_Formulas!D21 | AD6: My Number Administrative System on GovCloud | AE6: クラウドサービス全体の乗っ取り。 | AF6: 3 | AG6: 2 | AH6: =IF(SPRV_Source_For_Formulas!G21<=0.2,3,IF(SPRV_Source_For_Formulas!G21<=0.5,2,1)) | AI6: =4-AH6 | AJ6: =IF(AND(AF6=3,AG6*AI6>=6),"A",IF(AND(AF6=3,AG6*AI6>=3),"B",IF(AND(AF6=3,AG6*AI6>=1),"C",""))) | AK6: β’モデル＋ガバメントクラウド資料にてIAM最小権限、API監査、CSPM運用が整備されていれば、有効性は高い。ただし初期検知遅延やアラート無視等には注意が必要。 | AL6: =MAX(E6,N6,W6,AF6) | AM6: 2 | AN6: =MAX(G6,P6,Y6,AH6) | AO6: =4-AN6 | AP6: =IF(AND(AL6=3,AM6*AO6>=6),"A",IF(AND(AL6=3,AM6*AO6>=3),"B",IF(AND(AL6=3,AM6*AO6>=1),"C",""))) | AQ6: ="Scenario-level Threat=2; Step1="&I6&" Step2="&R6&" Step3="&AA6&" Step4="&AJ6&" ; Overall Threat fixed=2, Max Mitigation="&AN6&" => Overall="&AP6
A7: 6 | B7: =SPRV_Source_For_Formulas!D22 | C7: VDI Auth server | D7: 外出先からSASE経由でVDI Auth Serverにアクセスする職員の通信を狙い、Citrix Gatewayの既知の脆弱性（例：CVE-2019-19781 など）を悪用して認証バイパスを実行。正規ユーザになりすまし、庁内ネットワークへの初期侵入に成功。 | E7: 3 | F7: 2 | G7: =IF(SPRV_Source_For_Formulas!G22<=0.2,3,IF(SPRV_Source_For_Formulas!G22<=0.5,2,1)) | H7: =4-G7 | I7: =IF(AND(E7=3,F7*H7>=6),"A",IF(AND(E7=3,F7*H7>=3),"B",IF(AND(E7=3,F7*H7>=1),"C",""))) | J7: 根拠（既知脆弱性への限定対応とβ’モデル基準）： 既知脆弱性に対する対策は技術・運用の両面で確立可能 総務省β’モデル「3.2.3 脆弱性管理」では、重大脆弱性に対し「48時間以内にパッチ適用」などのSLAを定めることが推奨されている。 さらに、「脆弱性の収集 → 影響評価 → 優先順位付け → 修正 → 再確認」の脆弱性管理ライフサイクルが整備されていれば、CVE-2019-19781のような既知の脆弱性はカバー可能。 SASE＋WAF＋ZTNAによる多層防御が機能すれば、侵入リスクは大幅に軽減 WAFにおける既知の攻撃シグネチャ対応は一般的であり、IDS/IPSやEDRとの組み合わせで侵入前に阻止できる。 SASEにおけるZTNAの導入により、「未認証端末からの直接到達不可」「職員IDベースの接続制御」「MDMによる端末衛生チェック」が可能。 構成管理や攻撃面最小化（attack surface reduction）も含めた対応が前提 公開Webアプリに対する構成管理（例：DMZ分離、最小限ポート公開、不要機能無効化等）が実施されていれば、既知脆弱性を突かれる余地は少ない。 | K7: =SPRV_Source_For_Formulas!D23 | L7: VDI Auth server | M7: 不正クラウドインスタンスを生成 し、VDI環境全体の制御奪取や横展開を図る | N7: 3 | O7: 2 | P7: =IF(SPRV_Source_For_Formulas!G23<=0.2,3,IF(SPRV_Source_For_Formulas!G23<=0.5,2,1)) | Q7: =4-P7 | R7: =IF(AND(N7=3,O7*Q7>=6),"A",IF(AND(N7=3,O7*Q7>=3),"B",IF(AND(N7=3,O7*Q7>=1),"C",""))) | S7: | 評価観点 | 状況・施策内容 | 評価 | | -------------- | -------------------------------------------- | ------ | | 認証管理（MFA, STS） | Step1対策としてMFA・ZTNA導入済。管理コンソールへの操作は多要素認証必須。 | ★★★（3） | | 権限管理（IAM） | VDI AuthサーバにEC2生成権限は原則付与されていない。ただし一部例外運用が残存。 | ★★☆（2） | | インスタンス作成監視 | CloudTrailでAPI呼び出し監視有効。SIEMと連携し異常通知あり。 | ★★★（3） | | ガードレール制御 | 承認フローは未整備。Terraform/IaCでの標準化はあるが手動例外ルールあり。 | ★★☆（2） | | 構成ミス検出自動化 | CSPM導入済。SSPMは試験導入段階で一部検知カバー不足。 | ★★☆（2） | | 監査と事後対応 | 月次監査と外部監査あり。監査範囲はアカウント・IAM主体でリソース生成は網羅性に欠ける。 | ★★☆（2） |→ 総合評価：2.3 → 切り下げて「レベル2」 | T7: =SPRV_Source_For_Formulas!D24 | U7: VDI server | V7: 攻撃者は Step1・Step2 で VDI Auth Serverに侵入 → 不正クラウドインスタンス作成 に成功。次のStep3では、VDI Serverに保存されているクラウドシークレット管理ストアへのアクセスを悪用します。 具体的な攻撃手法は以下： VDI Serverや関連アプリが利用する Secrets Manager／Key Vault／環境変数ストア を探索。 APIキー、VDI管理者アカウントのパスワード、DB認証情報、トークン等を抽出。 これらのSecretsを用いて、VDI管理コンソールや下位システムへ追加侵入。 認証情報を悪用して横展開や持続的アクセスを確立。 → 特にVDIサーバは「認証の中枢」であるため、Secretsが奪取されると他の全職員アカウントへの侵入ルートに直結するリスクがあります。 | W7: 3 | X7: 2 | Y7: =IF(SPRV_Source_For_Formulas!G24<=0.2,3,IF(SPRV_Source_For_Formulas!G24<=0.5,2,1)) | Z7: =4-Y7 | AA7: =IF(AND(W7=3,X7*Z7>=6),"A",IF(AND(W7=3,X7*Z7>=3),"B",IF(AND(W7=3,X7*Z7>=1),"C",""))) | AB7: | 評価観点 | 状況・施策内容 | 評価 | | ---------------- | ----------------------------------------------- | ------ | | Secretsアクセス制御 | IAMで細粒度制御は導入済。ただし一部広範囲ロールが残存。 | ★★☆（2） | | 暗号化とKMSキー管理 | KMSで暗号化され、鍵は別IAMで管理。 | ★★★（3） | | アクセス監査と検知 | CloudTrail＋SIEMで監査可能だが、Secrets読み取りアラートが遅延検知ベース。 | ★★☆（2） | | Secretsローテーション運用 | 一部自動化済み（APIキー等）、DB認証情報は手動更新が残る。 | ★★☆（2） | | SSPM・逸脱検知 | CSPM導入済、SSPMは未導入で逸脱検知は限定的。 | ★★☆（2） | | 承認フロー・監査 | 外部委託者操作は承認必須。内部管理者操作は承認不要ケースあり。 | ★★☆（2） |→ 総合評価：2.2 → 切り下げて「レベル2」 | AC7: =SPRV_Source_For_Formulas!D25 | AD7: My Number Administrative System on GovCloud | AE7: 漏洩した認証情報や横展開で取得した権限を用いて、GovCloud上の仮想マシンを不正利用（例：暗号資産マイニング）。 | AF7: 3 | AG7: 2 | AH7: =IF(SPRV_Source_For_Formulas!G25<=0.2,3,IF(SPRV_Source_For_Formulas!G25<=0.5,2,1)) | AI7: =4-AH7 | AJ7: =IF(AND(AF7=3,AG7*AI7>=6),"A",IF(AND(AF7=3,AG7*AI7>=3),"B",IF(AND(AF7=3,AG7*AI7>=1),"C",""))) | AK7: 仮想マシンに対するネットワーク分離、IAM制御、ログ監視により不正操作の抑止・検知が可能。推奨対策と合致。 | AL7: =MAX(E7,N7,W7,AF7) | AM7: 2 | AN7: =MAX(G7,P7,Y7,AH7) | AO7: =4-AN7 | AP7: =IF(AND(AL7=3,AM7*AO7>=6),"A",IF(AND(AL7=3,AM7*AO7>=3),"B",IF(AND(AL7=3,AM7*AO7>=1),"C",""))) | AQ7: ="Scenario-level Threat=2; Step1="&I7&" Step2="&R7&" Step3="&AA7&" Step4="&AJ7&" ; Overall Threat fixed=2, Max Mitigation="&AN7&" => Overall="&AP7
A8: 7 | B8: =SPRV_Source_For_Formulas!D26 | C8: VDI Auth server | D8: 外出先からSASE経由でVDI Auth Serverにアクセスする職員の通信を狙い、Citrix Gatewayの既知の脆弱性（例：CVE-2019-19781 など）を悪用して認証バイパスを実行。正規ユーザになりすまし、庁内ネットワークへの初期侵入に成功。 | E8: 3 | F8: 2 | G8: =IF(SPRV_Source_For_Formulas!G26<=0.2,3,IF(SPRV_Source_For_Formulas!G26<=0.5,2,1)) | H8: =4-G8 | I8: =IF(AND(E8=3,F8*H8>=6),"A",IF(AND(E8=3,F8*H8>=3),"B",IF(AND(E8=3,F8*H8>=1),"C",""))) | J8: 根拠（既知脆弱性への限定対応とβ’モデル基準）： 既知脆弱性に対する対策は技術・運用の両面で確立可能 総務省β’モデル「3.2.3 脆弱性管理」では、重大脆弱性に対し「48時間以内にパッチ適用」などのSLAを定めることが推奨されている。 さらに、「脆弱性の収集 → 影響評価 → 優先順位付け → 修正 → 再確認」の脆弱性管理ライフサイクルが整備されていれば、CVE-2019-19781のような既知の脆弱性はカバー可能。 SASE＋WAF＋ZTNAによる多層防御が機能すれば、侵入リスクは大幅に軽減 WAFにおける既知の攻撃シグネチャ対応は一般的であり、IDS/IPSやEDRとの組み合わせで侵入前に阻止できる。 SASEにおけるZTNAの導入により、「未認証端末からの直接到達不可」「職員IDベースの接続制御」「MDMによる端末衛生チェック」が可能。 構成管理や攻撃面最小化（attack surface reduction）も含めた対応が前提 公開Webアプリに対する構成管理（例：DMZ分離、最小限ポート公開、不要機能無効化等）が実施されていれば、既知脆弱性を突かれる余地は少ない。 | K8: =SPRV_Source_For_Formulas!D27 | L8: VDI Auth server | M8: 不正クラウドインスタンスを生成 し、VDI環境全体の制御奪取や横展開を図る | N8: 3 | O8: 2 | P8: =IF(SPRV_Source_For_Formulas!G27<=0.2,3,IF(SPRV_Source_For_Formulas!G27<=0.5,2,1)) | Q8: =4-P8 | R8: =IF(AND(N8=3,O8*Q8>=6),"A",IF(AND(N8=3,O8*Q8>=3),"B",IF(AND(N8=3,O8*Q8>=1),"C",""))) | S8: | 評価観点 | 状況・施策内容 | 評価 | | -------------- | -------------------------------------------- | ------ | | 認証管理（MFA, STS） | Step1対策としてMFA・ZTNA導入済。管理コンソールへの操作は多要素認証必須。 | ★★★（3） | | 権限管理（IAM） | VDI AuthサーバにEC2生成権限は原則付与されていない。ただし一部例外運用が残存。 | ★★☆（2） | | インスタンス作成監視 | CloudTrailでAPI呼び出し監視有効。SIEMと連携し異常通知あり。 | ★★★（3） | | ガードレール制御 | 承認フローは未整備。Terraform/IaCでの標準化はあるが手動例外ルールあり。 | ★★☆（2） | | 構成ミス検出自動化 | CSPM導入済。SSPMは試験導入段階で一部検知カバー不足。 | ★★☆（2） | | 監査と事後対応 | 月次監査と外部監査あり。監査範囲はアカウント・IAM主体でリソース生成は網羅性に欠ける。 | ★★☆（2） |→ 総合評価：2.3 → 切り下げて「レベル2」 | T8: =SPRV_Source_For_Formulas!D28 | U8: VDI server | V8: 攻撃者は Step1・Step2 で VDI Auth Serverに侵入 → 不正クラウドインスタンス作成 に成功。次のStep3では、VDI Serverに保存されているクラウドシークレット管理ストアへのアクセスを悪用します。 具体的な攻撃手法は以下： VDI Serverや関連アプリが利用する Secrets Manager／Key Vault／環境変数ストア を探索。 APIキー、VDI管理者アカウントのパスワード、DB認証情報、トークン等を抽出。 これらのSecretsを用いて、VDI管理コンソールや下位システムへ追加侵入。 認証情報を悪用して横展開や持続的アクセスを確立。 → 特にVDIサーバは「認証の中枢」であるため、Secretsが奪取されると他の全職員アカウントへの侵入ルートに直結するリスクがあります。 | W8: 3 | X8: 2 | Y8: =IF(SPRV_Source_For_Formulas!G28<=0.2,3,IF(SPRV_Source_For_Formulas!G28<=0.5,2,1)) | Z8: =4-Y8 | AA8: =IF(AND(W8=3,X8*Z8>=6),"A",IF(AND(W8=3,X8*Z8>=3),"B",IF(AND(W8=3,X8*Z8>=1),"C",""))) | AB8: | 評価観点 | 状況・施策内容 | 評価 | | ---------------- | ----------------------------------------------- | ------ | | Secretsアクセス制御 | IAMで細粒度制御は導入済。ただし一部広範囲ロールが残存。 | ★★☆（2） | | 暗号化とKMSキー管理 | KMSで暗号化され、鍵は別IAMで管理。 | ★★★（3） | | アクセス監査と検知 | CloudTrail＋SIEMで監査可能だが、Secrets読み取りアラートが遅延検知ベース。 | ★★☆（2） | | Secretsローテーション運用 | 一部自動化済み（APIキー等）、DB認証情報は手動更新が残る。 | ★★☆（2） | | SSPM・逸脱検知 | CSPM導入済、SSPMは未導入で逸脱検知は限定的。 | ★★☆（2） | | 承認フロー・監査 | 外部委託者操作は承認必須。内部管理者操作は承認不要ケースあり。 | ★★☆（2） |→ 総合評価：2.2 → 切り下げて「レベル2」 | AC8: =SPRV_Source_For_Formulas!D29 | AD8: My Number Administrative System on GovCloud | AE8: 攻撃手法の具体化 Step1〜Step3を経て攻撃者は VDI Auth → VDI Serverを経由し、クラウド管理権限を取得済み。 この状態で、攻撃者は My Number System上の業務データを暗号化し、業務停止やデータロックアウトを引き起こす。 想定される攻撃シナリオは以下： クラウド管理API／CLIを利用して、DBボリュームやストレージ（EBS, Blob, RDS等）を強制暗号化。 新しいKMSキーを攻撃者側で生成・割当し、既存キーを削除または無効化。 OSレベルでスクリプトを投入し、ファイルシステム全体を暗号化（Linux LUKS, Windows BitLocker等）。 Cloud Snapshotやバックアップを削除／無効化し、復旧不能状態に誘導。 結果として、マイナンバー業務全体が停止し、行政サービスに甚大な影響が発生する。 | AF8: 3 | AG8: 2 | AH8: =IF(SPRV_Source_For_Formulas!G29<=0.2,3,IF(SPRV_Source_For_Formulas!G29<=0.5,2,1)) | AI8: =4-AH8 | AJ8: =IF(AND(AF8=3,AG8*AI8>=6),"A",IF(AND(AF8=3,AG8*AI8>=3),"B",IF(AND(AF8=3,AG8*AI8>=1),"C",""))) | AK8: | 評価観点 | 状況・施策内容 | 評価 | | ----------------- | ------------------------------------------------------------ | ------ | | データ暗号化制御 | KMSによる暗号化・権限分離は導入済。ただし攻撃者が管理者権限を奪取した場合、正規の暗号化APIを利用され迂回可能。 | ★★☆（2） | | バックアップとリストア体制 | バックアップは定期取得されているが、スナップショット削除防止機能（Vault Lock等）は未導入で、削除耐性に弱点。 | ★★☆（2） | | API監視・検知 | CloudTrail＋SIEMで監査は有効。しかし暗号化コマンドやスナップショット削除のリアルタイム検知ルールは不完全。 | ★★☆（2） | | 承認フロー | 通常業務での暗号化設定変更は承認必須だが、緊急対応・管理者例外が存在し、悪用される可能性を残している。 | ★★☆（2） | | **CSPM／CIEM逸脱検知** | CSPMは導入済。だが暗号化操作やバックアップ削除の挙動検知は限定的。CIEMによる権限逸脱検知も一部のみ適用。 | ★★☆（2） |→総合評価：２ | AL8: =MAX(E8,N8,W8,AF8) | AM8: 2 | AN8: =MAX(G8,P8,Y8,AH8) | AO8: =4-AN8 | AP8: =IF(AND(AL8=3,AM8*AO8>=6),"A",IF(AND(AL8=3,AM8*AO8>=3),"B",IF(AND(AL8=3,AM8*AO8>=1),"C",""))) | AQ8: ="Scenario-level Threat=2; Step1="&I8&" Step2="&R8&" Step3="&AA8&" Step4="&AJ8&" ; Overall Threat fixed=2, Max Mitigation="&AN8&" => Overall="&AP8
A9: 8 | B9: =SPRV_Source_For_Formulas!D30 | C9: VDI Auth server | D9: 外出先からSASE経由でVDI Auth Serverにアクセスする職員の通信を狙い、Citrix Gatewayの既知の脆弱性（例：CVE-2019-19781 など）を悪用して認証バイパスを実行。正規ユーザになりすまし、庁内ネットワークへの初期侵入に成功。 | E9: 3 | F9: 2 | G9: =IF(SPRV_Source_For_Formulas!G30<=0.2,3,IF(SPRV_Source_For_Formulas!G30<=0.5,2,1)) | H9: =4-G9 | I9: =IF(AND(E9=3,F9*H9>=6),"A",IF(AND(E9=3,F9*H9>=3),"B",IF(AND(E9=3,F9*H9>=1),"C",""))) | J9: 根拠（既知脆弱性への限定対応とβ’モデル基準）： 既知脆弱性に対する対策は技術・運用の両面で確立可能 総務省β’モデル「3.2.3 脆弱性管理」では、重大脆弱性に対し「48時間以内にパッチ適用」などのSLAを定めることが推奨されている。 さらに、「脆弱性の収集 → 影響評価 → 優先順位付け → 修正 → 再確認」の脆弱性管理ライフサイクルが整備されていれば、CVE-2019-19781のような既知の脆弱性はカバー可能。 SASE＋WAF＋ZTNAによる多層防御が機能すれば、侵入リスクは大幅に軽減 WAFにおける既知の攻撃シグネチャ対応は一般的であり、IDS/IPSやEDRとの組み合わせで侵入前に阻止できる。 SASEにおけるZTNAの導入により、「未認証端末からの直接到達不可」「職員IDベースの接続制御」「MDMによる端末衛生チェック」が可能。 構成管理や攻撃面最小化（attack surface reduction）も含めた対応が前提 公開Webアプリに対する構成管理（例：DMZ分離、最小限ポート公開、不要機能無効化等）が実施されていれば、既知脆弱性を突かれる余地は少ない。 | K9: =SPRV_Source_For_Formulas!D31 | L9: VDI Auth server | M9: 不正クラウドインスタンスを生成 し、VDI環境全体の制御奪取や横展開を図る | N9: 3 | O9: 2 | P9: =IF(SPRV_Source_For_Formulas!G31<=0.2,3,IF(SPRV_Source_For_Formulas!G31<=0.5,2,1)) | Q9: =4-P9 | R9: =IF(AND(N9=3,O9*Q9>=6),"A",IF(AND(N9=3,O9*Q9>=3),"B",IF(AND(N9=3,O9*Q9>=1),"C",""))) | S9: | 評価観点 | 状況・施策内容 | 評価 | | -------------- | -------------------------------------------- | ------ | | 認証管理（MFA, STS） | Step1対策としてMFA・ZTNA導入済。管理コンソールへの操作は多要素認証必須。 | ★★★（3） | | 権限管理（IAM） | VDI AuthサーバにEC2生成権限は原則付与されていない。ただし一部例外運用が残存。 | ★★☆（2） | | インスタンス作成監視 | CloudTrailでAPI呼び出し監視有効。SIEMと連携し異常通知あり。 | ★★★（3） | | ガードレール制御 | 承認フローは未整備。Terraform/IaCでの標準化はあるが手動例外ルールあり。 | ★★☆（2） | | 構成ミス検出自動化 | CSPM導入済。SSPMは試験導入段階で一部検知カバー不足。 | ★★☆（2） | | 監査と事後対応 | 月次監査と外部監査あり。監査範囲はアカウント・IAM主体でリソース生成は網羅性に欠ける。 | ★★☆（2） |→ 総合評価：2.3 → 切り下げて「レベル2」 | T9: =SPRV_Source_For_Formulas!D32 | U9: VDI server | V9: 攻撃者は Step1・Step2 で VDI Auth Serverに侵入 → 不正クラウドインスタンス作成 に成功。次のStep3では、VDI Serverに保存されているクラウドシークレット管理ストアへのアクセスを悪用します。 具体的な攻撃手法は以下： VDI Serverや関連アプリが利用する Secrets Manager／Key Vault／環境変数ストア を探索。 APIキー、VDI管理者アカウントのパスワード、DB認証情報、トークン等を抽出。 これらのSecretsを用いて、VDI管理コンソールや下位システムへ追加侵入。 認証情報を悪用して横展開や持続的アクセスを確立。 → 特にVDIサーバは「認証の中枢」であるため、Secretsが奪取されると他の全職員アカウントへの侵入ルートに直結するリスクがあります。 | W9: 3 | X9: 2 | Y9: =IF(SPRV_Source_For_Formulas!G32<=0.2,3,IF(SPRV_Source_For_Formulas!G32<=0.5,2,1)) | Z9: =4-Y9 | AA9: =IF(AND(W9=3,X9*Z9>=6),"A",IF(AND(W9=3,X9*Z9>=3),"B",IF(AND(W9=3,X9*Z9>=1),"C",""))) | AB9: | 評価観点 | 状況・施策内容 | 評価 | | ---------------- | ----------------------------------------------- | ------ | | Secretsアクセス制御 | IAMで細粒度制御は導入済。ただし一部広範囲ロールが残存。 | ★★☆（2） | | 暗号化とKMSキー管理 | KMSで暗号化され、鍵は別IAMで管理。 | ★★★（3） | | アクセス監査と検知 | CloudTrail＋SIEMで監査可能だが、Secrets読み取りアラートが遅延検知ベース。 | ★★☆（2） | | Secretsローテーション運用 | 一部自動化済み（APIキー等）、DB認証情報は手動更新が残る。 | ★★☆（2） | | SSPM・逸脱検知 | CSPM導入済、SSPMは未導入で逸脱検知は限定的。 | ★★☆（2） | | 承認フロー・監査 | 外部委託者操作は承認必須。内部管理者操作は承認不要ケースあり。 | ★★☆（2） |→ 総合評価：2.2 → 切り下げて「レベル2」 | AC9: =SPRV_Source_For_Formulas!D33 | AD9: My Number Administrative System on GovCloud | AE9: 攻撃手法の具体化 Step1〜Step3で VDI Auth Server → VDI Server に侵入済みの攻撃者は、最終段階として マイナンバー事務系システムのリソース（特に帯域幅）を不正利用 。 攻撃の具体例： マイナンバーシステム上で稼働する VM／コンテナに不正ソフトを導入し、外部DDoS攻撃の踏み台として帯域を消費。 内部帯域を過剰利用し、正規業務処理の遅延や停止を誘発。 帯域消費によりクラウド課金を膨張させ、経済的損害を与える。 通信トラフィックに混在させて、C2通信やデータ流出を隠蔽。 → この攻撃は 「可用性の破壊」と「リソース濫用」 の両面を狙っており、暗号化攻撃（T1486）と比べても検知が難しい特徴がある。 | AF9: 3 | AG9: 2 | AH9: =IF(SPRV_Source_For_Formulas!G33<=0.2,3,IF(SPRV_Source_For_Formulas!G33<=0.5,2,1)) | AI9: =4-AH9 | AJ9: =IF(AND(AF9=3,AG9*AI9>=6),"A",IF(AND(AF9=3,AG9*AI9>=3),"B",IF(AND(AF9=3,AG9*AI9>=1),"C",""))) | AK9: | 評価観点 | 状況・施策内容 | 評価 | | -------------- | ---------------------------------------------------- | ------ | | 帯域使用監視・検知 | CloudWatch／Monitor等で帯域監視は実施。ただしリアルタイム異常検知ルールは一部未整備。 | ★★☆（2） | | DDoS対策 | 一般的なDDoS対策サービスは契約済。ただし全トラフィック網羅ではなく、業務系ネットワークの一部対象外。 | ★★☆（2） | | 出口通信制御 | Proxy・FWルールで外部接続制御済。ただしVDI経由トラフィックは例外許容ケースあり。 | ★★☆（2） | | CSPM／CIEMによる検知 | 過剰権限は定期監査されるが、自動検知ルールは不十分。帯域逸脱の直接検知機能は限定的。 | ★★☆（2） | | 監査と課金異常モニタリング | 月次監査とクラウド課金監視あり。ただし異常利用を即座にアラート化する仕組みは未導入。 | ★★☆（2） |→ 総合評価：2.0 → レベル2 | AL9: =MAX(E9,N9,W9,AF9) | AM9: 2 | AN9: =MAX(G9,P9,Y9,AH9) | AO9: =4-AN9 | AP9: =IF(AND(AL9=3,AM9*AO9>=6),"A",IF(AND(AL9=3,AM9*AO9>=3),"B",IF(AND(AL9=3,AM9*AO9>=1),"C",""))) | AQ9: ="Scenario-level Threat=2; Step1="&I9&" Step2="&R9&" Step3="&AA9&" Step4="&AJ9&" ; Overall Threat fixed=2, Max Mitigation="&AN9&" => Overall="&AP9
A10: 9 | B10: =SPRV_Source_For_Formulas!D34 | C10: VDI Auth server | D10: 外出先からSASE経由でVDI Auth Serverにアクセスする職員の通信を狙い、Citrix Gatewayの既知の脆弱性（例：CVE-2019-19781 など）を悪用して認証バイパスを実行。正規ユーザになりすまし、庁内ネットワークへの初期侵入に成功。 | E10: 3 | F10: 2 | G10: =IF(SPRV_Source_For_Formulas!G34<=0.2,3,IF(SPRV_Source_For_Formulas!G34<=0.5,2,1)) | H10: =4-G10 | I10: =IF(AND(E10=3,F10*H10>=6),"A",IF(AND(E10=3,F10*H10>=3),"B",IF(AND(E10=3,F10*H10>=1),"C",""))) | J10: 根拠（既知脆弱性への限定対応とβ’モデル基準）： 既知脆弱性に対する対策は技術・運用の両面で確立可能 総務省β’モデル「3.2.3 脆弱性管理」では、重大脆弱性に対し「48時間以内にパッチ適用」などのSLAを定めることが推奨されている。 さらに、「脆弱性の収集 → 影響評価 → 優先順位付け → 修正 → 再確認」の脆弱性管理ライフサイクルが整備されていれば、CVE-2019-19781のような既知の脆弱性はカバー可能。 SASE＋WAF＋ZTNAによる多層防御が機能すれば、侵入リスクは大幅に軽減 WAFにおける既知の攻撃シグネチャ対応は一般的であり、IDS/IPSやEDRとの組み合わせで侵入前に阻止できる。 SASEにおけるZTNAの導入により、「未認証端末からの直接到達不可」「職員IDベースの接続制御」「MDMによる端末衛生チェック」が可能。 構成管理や攻撃面最小化（attack surface reduction）も含めた対応が前提 公開Webアプリに対する構成管理（例：DMZ分離、最小限ポート公開、不要機能無効化等）が実施されていれば、既知脆弱性を突かれる余地は少ない。 | K10: =SPRV_Source_For_Formulas!D35 | L10: VDI Auth server | M10: 不正クラウドインスタンスを生成 し、VDI環境全体の制御奪取や横展開を図る | N10: 3 | O10: 2 | P10: =IF(SPRV_Source_For_Formulas!G35<=0.2,3,IF(SPRV_Source_For_Formulas!G35<=0.5,2,1)) | Q10: =4-P10 | R10: =IF(AND(N10=3,O10*Q10>=6),"A",IF(AND(N10=3,O10*Q10>=3),"B",IF(AND(N10=3,O10*Q10>=1),"C",""))) | S10: | 評価観点 | 状況・施策内容 | 評価 | | -------------- | -------------------------------------------- | ------ | | 認証管理（MFA, STS） | Step1対策としてMFA・ZTNA導入済。管理コンソールへの操作は多要素認証必須。 | ★★★（3） | | 権限管理（IAM） | VDI AuthサーバにEC2生成権限は原則付与されていない。ただし一部例外運用が残存。 | ★★☆（2） | | インスタンス作成監視 | CloudTrailでAPI呼び出し監視有効。SIEMと連携し異常通知あり。 | ★★★（3） | | ガードレール制御 | 承認フローは未整備。Terraform/IaCでの標準化はあるが手動例外ルールあり。 | ★★☆（2） | | 構成ミス検出自動化 | CSPM導入済。SSPMは試験導入段階で一部検知カバー不足。 | ★★☆（2） | | 監査と事後対応 | 月次監査と外部監査あり。監査範囲はアカウント・IAM主体でリソース生成は網羅性に欠ける。 | ★★☆（2） |→ 総合評価：2.3 → 切り下げて「レベル2」 | T10: =SPRV_Source_For_Formulas!D36 | U10: VDI server | V10: クラウドAPI（AWS CLI等）を悪用し、スクリプトでクラウド環境へ不正指令を自動送信。 | W10: 3 | X10: 2 | Y10: =IF(SPRV_Source_For_Formulas!G36<=0.2,3,IF(SPRV_Source_For_Formulas!G36<=0.5,2,1)) | Z10: =4-Y10 | AA10: =IF(AND(W10=3,X10*Z10>=6),"A",IF(AND(W10=3,X10*Z10>=3),"B",IF(AND(W10=3,X10*Z10>=1),"C",""))) | AB10: β’モデル「3.3.6 コマンド実行制御」や「3.2.3 脆弱性管理」、Cloud API利用は正規用途でもあり、異常操作の見分けが困難、CSPMやSIEMによる振る舞い監視が必要だが完全ではない | AC10: =SPRV_Source_For_Formulas!D37 | AD10: My Number Administrative System on GovCloud | AE10: 不正スクリプトによって、複数のクラウドサービスインスタンスを乗っ取り、他攻撃の踏み台や外部攻撃に悪用。 | AF10: 3 | AG10: 2 | AH10: =IF(SPRV_Source_For_Formulas!G37<=0.2,3,IF(SPRV_Source_For_Formulas!G37<=0.5,2,1)) | AI10: =4-AH10 | AJ10: =IF(AND(AF10=3,AG10*AI10>=6),"A",IF(AND(AF10=3,AG10*AI10>=3),"B",IF(AND(AF10=3,AG10*AI10>=1),"C",""))) | AK10: β’モデル＋ガバメントクラウド資料にてIAM最小権限、API監査、CSPM運用が整備されていれば、有効性は高い。ただし初期検知遅延やアラート無視等には注意が必要。 | AL10: =MAX(E10,N10,W10,AF10) | AM10: 2 | AN10: =MAX(G10,P10,Y10,AH10) | AO10: =4-AN10 | AP10: =IF(AND(AL10=3,AM10*AO10>=6),"A",IF(AND(AL10=3,AM10*AO10>=3),"B",IF(AND(AL10=3,AM10*AO10>=1),"C",""))) | AQ10: ="Scenario-level Threat=2; Step1="&I10&" Step2="&R10&" Step3="&AA10&" Step4="&AJ10&" ; Overall Threat fixed=2, Max Mitigation="&AN10&" => Overall="&AP10
A11: 10 | B11: =SPRV_Source_For_Formulas!D38 | C11: VDI Auth server | D11: 外出先からSASE経由でVDI Auth Serverにアクセスする職員の通信を狙い、Citrix Gatewayの既知の脆弱性（例：CVE-2019-19781 など）を悪用して認証バイパスを実行。正規ユーザになりすまし、庁内ネットワークへの初期侵入に成功。 | E11: 3 | F11: 2 | G11: =IF(SPRV_Source_For_Formulas!G38<=0.2,3,IF(SPRV_Source_For_Formulas!G38<=0.5,2,1)) | H11: =4-G11 | I11: =IF(AND(E11=3,F11*H11>=6),"A",IF(AND(E11=3,F11*H11>=3),"B",IF(AND(E11=3,F11*H11>=1),"C",""))) | J11: 根拠（既知脆弱性への限定対応とβ’モデル基準）： 既知脆弱性に対する対策は技術・運用の両面で確立可能 総務省β’モデル「3.2.3 脆弱性管理」では、重大脆弱性に対し「48時間以内にパッチ適用」などのSLAを定めることが推奨されている。 さらに、「脆弱性の収集 → 影響評価 → 優先順位付け → 修正 → 再確認」の脆弱性管理ライフサイクルが整備されていれば、CVE-2019-19781のような既知の脆弱性はカバー可能。 SASE＋WAF＋ZTNAによる多層防御が機能すれば、侵入リスクは大幅に軽減 WAFにおける既知の攻撃シグネチャ対応は一般的であり、IDS/IPSやEDRとの組み合わせで侵入前に阻止できる。 SASEにおけるZTNAの導入により、「未認証端末からの直接到達不可」「職員IDベースの接続制御」「MDMによる端末衛生チェック」が可能。 構成管理や攻撃面最小化（attack surface reduction）も含めた対応が前提 公開Webアプリに対する構成管理（例：DMZ分離、最小限ポート公開、不要機能無効化等）が実施されていれば、既知脆弱性を突かれる余地は少ない。 | K11: =SPRV_Source_For_Formulas!D39 | L11: VDI Auth server | M11: 不正クラウドインスタンスを生成 し、VDI環境全体の制御奪取や横展開を図る | N11: 3 | O11: 2 | P11: =IF(SPRV_Source_For_Formulas!G39<=0.2,3,IF(SPRV_Source_For_Formulas!G39<=0.5,2,1)) | Q11: =4-P11 | R11: =IF(AND(N11=3,O11*Q11>=6),"A",IF(AND(N11=3,O11*Q11>=3),"B",IF(AND(N11=3,O11*Q11>=1),"C",""))) | S11: | 評価観点 | 状況・施策内容 | 評価 | | -------------- | -------------------------------------------- | ------ | | 認証管理（MFA, STS） | Step1対策としてMFA・ZTNA導入済。管理コンソールへの操作は多要素認証必須。 | ★★★（3） | | 権限管理（IAM） | VDI AuthサーバにEC2生成権限は原則付与されていない。ただし一部例外運用が残存。 | ★★☆（2） | | インスタンス作成監視 | CloudTrailでAPI呼び出し監視有効。SIEMと連携し異常通知あり。 | ★★★（3） | | ガードレール制御 | 承認フローは未整備。Terraform/IaCでの標準化はあるが手動例外ルールあり。 | ★★☆（2） | | 構成ミス検出自動化 | CSPM導入済。SSPMは試験導入段階で一部検知カバー不足。 | ★★☆（2） | | 監査と事後対応 | 月次監査と外部監査あり。監査範囲はアカウント・IAM主体でリソース生成は網羅性に欠ける。 | ★★☆（2） |→ 総合評価：2.3 → 切り下げて「レベル2」 | T11: =SPRV_Source_For_Formulas!D40 | U11: VDI server | V11: クラウドAPI（AWS CLI等）を悪用し、スクリプトでクラウド環境へ不正指令を自動送信。 | W11: 3 | X11: 2 | Y11: =IF(SPRV_Source_For_Formulas!G40<=0.2,3,IF(SPRV_Source_For_Formulas!G40<=0.5,2,1)) | Z11: =4-Y11 | AA11: =IF(AND(W11=3,X11*Z11>=6),"A",IF(AND(W11=3,X11*Z11>=3),"B",IF(AND(W11=3,X11*Z11>=1),"C",""))) | AB11: β’モデル「3.3.6 コマンド実行制御」や「3.2.3 脆弱性管理」、Cloud API利用は正規用途でもあり、異常操作の見分けが困難、CSPMやSIEMによる振る舞い監視が必要だが完全ではない | AC11: =SPRV_Source_For_Formulas!D41 | AD11: My Number Administrative System on GovCloud | AE11: スクリプト経由で取得したクラウドリソースを、計算資源として不正使用。DDoS用のC2インフラ構築に用いる例もあり。 | AF11: 3 | AG11: 2 | AH11: =IF(SPRV_Source_For_Formulas!G41<=0.2,3,IF(SPRV_Source_For_Formulas!G41<=0.5,2,1)) | AI11: =4-AH11 | AJ11: =IF(AND(AF11=3,AG11*AI11>=6),"A",IF(AND(AF11=3,AG11*AI11>=3),"B",IF(AND(AF11=3,AG11*AI11>=1),"C",""))) | AK11: 仮想マシンに対するネットワーク分離、IAM制御、ログ監視により不正操作の抑止・検知が可能。推奨対策と合致。 | AL11: =MAX(E11,N11,W11,AF11) | AM11: 2 | AN11: =MAX(G11,P11,Y11,AH11) | AO11: =4-AN11 | AP11: =IF(AND(AL11=3,AM11*AO11>=6),"A",IF(AND(AL11=3,AM11*AO11>=3),"B",IF(AND(AL11=3,AM11*AO11>=1),"C",""))) | AQ11: ="Scenario-level Threat=2; Step1="&I11&" Step2="&R11&" Step3="&AA11&" Step4="&AJ11&" ; Overall Threat fixed=2, Max Mitigation="&AN11&" => Overall="&AP11
A12: 11 | B12: =SPRV_Source_For_Formulas!D42 | C12: VDI Auth server | D12: 外出先からSASE経由でVDI Auth Serverにアクセスする職員の通信を狙い、Citrix Gatewayの既知の脆弱性（例：CVE-2019-19781 など）を悪用して認証バイパスを実行。正規ユーザになりすまし、庁内ネットワークへの初期侵入に成功。 | E12: 3 | F12: 2 | G12: =IF(SPRV_Source_For_Formulas!G42<=0.2,3,IF(SPRV_Source_For_Formulas!G42<=0.5,2,1)) | H12: =4-G12 | I12: =IF(AND(E12=3,F12*H12>=6),"A",IF(AND(E12=3,F12*H12>=3),"B",IF(AND(E12=3,F12*H12>=1),"C",""))) | J12: 根拠（既知脆弱性への限定対応とβ’モデル基準）： 既知脆弱性に対する対策は技術・運用の両面で確立可能 総務省β’モデル「3.2.3 脆弱性管理」では、重大脆弱性に対し「48時間以内にパッチ適用」などのSLAを定めることが推奨されている。 さらに、「脆弱性の収集 → 影響評価 → 優先順位付け → 修正 → 再確認」の脆弱性管理ライフサイクルが整備されていれば、CVE-2019-19781のような既知の脆弱性はカバー可能。 SASE＋WAF＋ZTNAによる多層防御が機能すれば、侵入リスクは大幅に軽減 WAFにおける既知の攻撃シグネチャ対応は一般的であり、IDS/IPSやEDRとの組み合わせで侵入前に阻止できる。 SASEにおけるZTNAの導入により、「未認証端末からの直接到達不可」「職員IDベースの接続制御」「MDMによる端末衛生チェック」が可能。 構成管理や攻撃面最小化（attack surface reduction）も含めた対応が前提 公開Webアプリに対する構成管理（例：DMZ分離、最小限ポート公開、不要機能無効化等）が実施されていれば、既知脆弱性を突かれる余地は少ない。 | K12: =SPRV_Source_For_Formulas!D43 | L12: VDI Auth server | M12: 不正クラウドインスタンスを生成 し、VDI環境全体の制御奪取や横展開を図る | N12: 3 | O12: 2 | P12: =IF(SPRV_Source_For_Formulas!G43<=0.2,3,IF(SPRV_Source_For_Formulas!G43<=0.5,2,1)) | Q12: =4-P12 | R12: =IF(AND(N12=3,O12*Q12>=6),"A",IF(AND(N12=3,O12*Q12>=3),"B",IF(AND(N12=3,O12*Q12>=1),"C",""))) | S12: | 評価観点 | 状況・施策内容 | 評価 | | -------------- | -------------------------------------------- | ------ | | 認証管理（MFA, STS） | Step1対策としてMFA・ZTNA導入済。管理コンソールへの操作は多要素認証必須。 | ★★★（3） | | 権限管理（IAM） | VDI AuthサーバにEC2生成権限は原則付与されていない。ただし一部例外運用が残存。 | ★★☆（2） | | インスタンス作成監視 | CloudTrailでAPI呼び出し監視有効。SIEMと連携し異常通知あり。 | ★★★（3） | | ガードレール制御 | 承認フローは未整備。Terraform/IaCでの標準化はあるが手動例外ルールあり。 | ★★☆（2） | | 構成ミス検出自動化 | CSPM導入済。SSPMは試験導入段階で一部検知カバー不足。 | ★★☆（2） | | 監査と事後対応 | 月次監査と外部監査あり。監査範囲はアカウント・IAM主体でリソース生成は網羅性に欠ける。 | ★★☆（2） |→ 総合評価：2.3 → 切り下げて「レベル2」 | T12: =SPRV_Source_For_Formulas!D44 | U12: VDI server | V12: クラウドAPI（AWS CLI等）を悪用し、スクリプトでクラウド環境へ不正指令を自動送信。 | W12: 3 | X12: 2 | Y12: =IF(SPRV_Source_For_Formulas!G44<=0.2,3,IF(SPRV_Source_For_Formulas!G44<=0.5,2,1)) | Z12: =4-Y12 | AA12: =IF(AND(W12=3,X12*Z12>=6),"A",IF(AND(W12=3,X12*Z12>=3),"B",IF(AND(W12=3,X12*Z12>=1),"C",""))) | AB12: β’モデル「3.3.6 コマンド実行制御」や「3.2.3 脆弱性管理」、Cloud API利用は正規用途でもあり、異常操作の見分けが困難、CSPMやSIEMによる振る舞い監視が必要だが完全ではない | AC12: =SPRV_Source_For_Formulas!D45 | AD12: My Number Administrative System on GovCloud | AE12: 攻撃手法の具体化 Step1〜Step3を経て攻撃者は VDI Auth → VDI Serverを経由し、クラウド管理権限を取得済み。 この状態で、攻撃者は My Number System上の業務データを暗号化し、業務停止やデータロックアウトを引き起こす。 想定される攻撃シナリオは以下： クラウド管理API／CLIを利用して、DBボリュームやストレージ（EBS, Blob, RDS等）を強制暗号化。 新しいKMSキーを攻撃者側で生成・割当し、既存キーを削除または無効化。 OSレベルでスクリプトを投入し、ファイルシステム全体を暗号化（Linux LUKS, Windows BitLocker等）。 Cloud Snapshotやバックアップを削除／無効化し、復旧不能状態に誘導。 結果として、マイナンバー業務全体が停止し、行政サービスに甚大な影響が発生する。 | AF12: 3 | AG12: 2 | AH12: =IF(SPRV_Source_For_Formulas!G45<=0.2,3,IF(SPRV_Source_For_Formulas!G45<=0.5,2,1)) | AI12: =4-AH12 | AJ12: =IF(AND(AF12=3,AG12*AI12>=6),"A",IF(AND(AF12=3,AG12*AI12>=3),"B",IF(AND(AF12=3,AG12*AI12>=1),"C",""))) | AK12: | 評価観点 | 状況・施策内容 | 評価 | | ----------------- | ------------------------------------------------------------ | ------ | | データ暗号化制御 | KMSによる暗号化・権限分離は導入済。ただし攻撃者が管理者権限を奪取した場合、正規の暗号化APIを利用され迂回可能。 | ★★☆（2） | | バックアップとリストア体制 | バックアップは定期取得されているが、スナップショット削除防止機能（Vault Lock等）は未導入で、削除耐性に弱点。 | ★★☆（2） | | API監視・検知 | CloudTrail＋SIEMで監査は有効。しかし暗号化コマンドやスナップショット削除のリアルタイム検知ルールは不完全。 | ★★☆（2） | | 承認フロー | 通常業務での暗号化設定変更は承認必須だが、緊急対応・管理者例外が存在し、悪用される可能性を残している。 | ★★☆（2） | | **CSPM／CIEM逸脱検知** | CSPMは導入済。だが暗号化操作やバックアップ削除の挙動検知は限定的。CIEMによる権限逸脱検知も一部のみ適用。 | ★★☆（2） |→総合評価：２ | AL12: =MAX(E12,N12,W12,AF12) | AM12: 2 | AN12: =MAX(G12,P12,Y12,AH12) | AO12: =4-AN12 | AP12: =IF(AND(AL12=3,AM12*AO12>=6),"A",IF(AND(AL12=3,AM12*AO12>=3),"B",IF(AND(AL12=3,AM12*AO12>=1),"C",""))) | AQ12: ="Scenario-level Threat=2; Step1="&I12&" Step2="&R12&" Step3="&AA12&" Step4="&AJ12&" ; Overall Threat fixed=2, Max Mitigation="&AN12&" => Overall="&AP12
A13: 12 | B13: =SPRV_Source_For_Formulas!D46 | C13: VDI Auth server | D13: 外出先からSASE経由でVDI Auth Serverにアクセスする職員の通信を狙い、Citrix Gatewayの既知の脆弱性（例：CVE-2019-19781 など）を悪用して認証バイパスを実行。正規ユーザになりすまし、庁内ネットワークへの初期侵入に成功。 | E13: 3 | F13: 2 | G13: =IF(SPRV_Source_For_Formulas!G46<=0.2,3,IF(SPRV_Source_For_Formulas!G46<=0.5,2,1)) | H13: =4-G13 | I13: =IF(AND(E13=3,F13*H13>=6),"A",IF(AND(E13=3,F13*H13>=3),"B",IF(AND(E13=3,F13*H13>=1),"C",""))) | J13: 根拠（既知脆弱性への限定対応とβ’モデル基準）： 既知脆弱性に対する対策は技術・運用の両面で確立可能 総務省β’モデル「3.2.3 脆弱性管理」では、重大脆弱性に対し「48時間以内にパッチ適用」などのSLAを定めることが推奨されている。 さらに、「脆弱性の収集 → 影響評価 → 優先順位付け → 修正 → 再確認」の脆弱性管理ライフサイクルが整備されていれば、CVE-2019-19781のような既知の脆弱性はカバー可能。 SASE＋WAF＋ZTNAによる多層防御が機能すれば、侵入リスクは大幅に軽減 WAFにおける既知の攻撃シグネチャ対応は一般的であり、IDS/IPSやEDRとの組み合わせで侵入前に阻止できる。 SASEにおけるZTNAの導入により、「未認証端末からの直接到達不可」「職員IDベースの接続制御」「MDMによる端末衛生チェック」が可能。 構成管理や攻撃面最小化（attack surface reduction）も含めた対応が前提 公開Webアプリに対する構成管理（例：DMZ分離、最小限ポート公開、不要機能無効化等）が実施されていれば、既知脆弱性を突かれる余地は少ない。 | K13: =SPRV_Source_For_Formulas!D47 | L13: VDI Auth server | M13: 不正クラウドインスタンスを生成 し、VDI環境全体の制御奪取や横展開を図る | N13: 3 | O13: 2 | P13: =IF(SPRV_Source_For_Formulas!G47<=0.2,3,IF(SPRV_Source_For_Formulas!G47<=0.5,2,1)) | Q13: =4-P13 | R13: =IF(AND(N13=3,O13*Q13>=6),"A",IF(AND(N13=3,O13*Q13>=3),"B",IF(AND(N13=3,O13*Q13>=1),"C",""))) | S13: | 評価観点 | 状況・施策内容 | 評価 | | -------------- | -------------------------------------------- | ------ | | 認証管理（MFA, STS） | Step1対策としてMFA・ZTNA導入済。管理コンソールへの操作は多要素認証必須。 | ★★★（3） | | 権限管理（IAM） | VDI AuthサーバにEC2生成権限は原則付与されていない。ただし一部例外運用が残存。 | ★★☆（2） | | インスタンス作成監視 | CloudTrailでAPI呼び出し監視有効。SIEMと連携し異常通知あり。 | ★★★（3） | | ガードレール制御 | 承認フローは未整備。Terraform/IaCでの標準化はあるが手動例外ルールあり。 | ★★☆（2） | | 構成ミス検出自動化 | CSPM導入済。SSPMは試験導入段階で一部検知カバー不足。 | ★★☆（2） | | 監査と事後対応 | 月次監査と外部監査あり。監査範囲はアカウント・IAM主体でリソース生成は網羅性に欠ける。 | ★★☆（2） |→ 総合評価：2.3 → 切り下げて「レベル2」 | T13: =SPRV_Source_For_Formulas!D48 | U13: VDI server | V13: クラウドAPI（AWS CLI等）を悪用し、スクリプトでクラウド環境へ不正指令を自動送信。 | W13: 3 | X13: 2 | Y13: =IF(SPRV_Source_For_Formulas!G48<=0.2,3,IF(SPRV_Source_For_Formulas!G48<=0.5,2,1)) | Z13: =4-Y13 | AA13: =IF(AND(W13=3,X13*Z13>=6),"A",IF(AND(W13=3,X13*Z13>=3),"B",IF(AND(W13=3,X13*Z13>=1),"C",""))) | AB13: β’モデル「3.3.6 コマンド実行制御」や「3.2.3 脆弱性管理」、Cloud API利用は正規用途でもあり、異常操作の見分けが困難、CSPMやSIEMによる振る舞い監視が必要だが完全ではない | AC13: =SPRV_Source_For_Formulas!D49 | AD13: My Number Administrative System on GovCloud | AE13: 攻撃手法の具体化 Step1〜Step3で VDI Auth Server → VDI Server に侵入済みの攻撃者は、最終段階として マイナンバー事務系システムのリソース（特に帯域幅）を不正利用 。 攻撃の具体例： マイナンバーシステム上で稼働する VM／コンテナに不正ソフトを導入し、外部DDoS攻撃の踏み台として帯域を消費。 内部帯域を過剰利用し、正規業務処理の遅延や停止を誘発。 帯域消費によりクラウド課金を膨張させ、経済的損害を与える。 通信トラフィックに混在させて、C2通信やデータ流出を隠蔽。 → この攻撃は 「可用性の破壊」と「リソース濫用」 の両面を狙っており、暗号化攻撃（T1486）と比べても検知が難しい特徴がある。 | AF13: 3 | AG13: 2 | AH13: =IF(SPRV_Source_For_Formulas!G49<=0.2,3,IF(SPRV_Source_For_Formulas!G49<=0.5,2,1)) | AI13: =4-AH13 | AJ13: =IF(AND(AF13=3,AG13*AI13>=6),"A",IF(AND(AF13=3,AG13*AI13>=3),"B",IF(AND(AF13=3,AG13*AI13>=1),"C",""))) | AK13: | 評価観点 | 状況・施策内容 | 評価 | | -------------- | ---------------------------------------------------- | ------ | | 帯域使用監視・検知 | CloudWatch／Monitor等で帯域監視は実施。ただしリアルタイム異常検知ルールは一部未整備。 | ★★☆（2） | | DDoS対策 | 一般的なDDoS対策サービスは契約済。ただし全トラフィック網羅ではなく、業務系ネットワークの一部対象外。 | ★★☆（2） | | 出口通信制御 | Proxy・FWルールで外部接続制御済。ただしVDI経由トラフィックは例外許容ケースあり。 | ★★☆（2） | | CSPM／CIEMによる検知 | 過剰権限は定期監査されるが、自動検知ルールは不十分。帯域逸脱の直接検知機能は限定的。 | ★★☆（2） | | 監査と課金異常モニタリング | 月次監査とクラウド課金監視あり。ただし異常利用を即座にアラート化する仕組みは未導入。 | ★★☆（2） |→ 総合評価：2.0 → レベル2 | AL13: =MAX(E13,N13,W13,AF13) | AM13: 2 | AN13: =MAX(G13,P13,Y13,AH13) | AO13: =4-AN13 | AP13: =IF(AND(AL13=3,AM13*AO13>=6),"A",IF(AND(AL13=3,AM13*AO13>=3),"B",IF(AND(AL13=3,AM13*AO13>=1),"C",""))) | AQ13: ="Scenario-level Threat=2; Step1="&I13&" Step2="&R13&" Step3="&AA13&" Step4="&AJ13&" ; Overall Threat fixed=2, Max Mitigation="&AN13&" => Overall="&AP13
A14: 13 | B14: =SPRV_Source_For_Formulas!D50 | C14: VDI Auth server | D14: 外出先からSASE経由でVDI Auth Serverにアクセスする職員の通信を狙い、Citrix Gatewayの既知の脆弱性（例：CVE-2019-19781 など）を悪用して認証バイパスを実行。正規ユーザになりすまし、庁内ネットワークへの初期侵入に成功。 | E14: 3 | F14: 2 | G14: =IF(SPRV_Source_For_Formulas!G50<=0.2,3,IF(SPRV_Source_For_Formulas!G50<=0.5,2,1)) | H14: =4-G14 | I14: =IF(AND(E14=3,F14*H14>=6),"A",IF(AND(E14=3,F14*H14>=3),"B",IF(AND(E14=3,F14*H14>=1),"C",""))) | J14: 根拠（既知脆弱性への限定対応とβ’モデル基準）： 既知脆弱性に対する対策は技術・運用の両面で確立可能 総務省β’モデル「3.2.3 脆弱性管理」では、重大脆弱性に対し「48時間以内にパッチ適用」などのSLAを定めることが推奨されている。 さらに、「脆弱性の収集 → 影響評価 → 優先順位付け → 修正 → 再確認」の脆弱性管理ライフサイクルが整備されていれば、CVE-2019-19781のような既知の脆弱性はカバー可能。 SASE＋WAF＋ZTNAによる多層防御が機能すれば、侵入リスクは大幅に軽減 WAFにおける既知の攻撃シグネチャ対応は一般的であり、IDS/IPSやEDRとの組み合わせで侵入前に阻止できる。 SASEにおけるZTNAの導入により、「未認証端末からの直接到達不可」「職員IDベースの接続制御」「MDMによる端末衛生チェック」が可能。 構成管理や攻撃面最小化（attack surface reduction）も含めた対応が前提 公開Webアプリに対する構成管理（例：DMZ分離、最小限ポート公開、不要機能無効化等）が実施されていれば、既知脆弱性を突かれる余地は少ない。 | K14: =SPRV_Source_For_Formulas!D51 | L14: VDI Auth server | M14: 不正クラウドインスタンスを生成 し、VDI環境全体の制御奪取や横展開を図る | N14: 3 | O14: 2 | P14: =IF(SPRV_Source_For_Formulas!G51<=0.2,3,IF(SPRV_Source_For_Formulas!G51<=0.5,2,1)) | Q14: =4-P14 | R14: =IF(AND(N14=3,O14*Q14>=6),"A",IF(AND(N14=3,O14*Q14>=3),"B",IF(AND(N14=3,O14*Q14>=1),"C",""))) | S14: | 評価観点 | 状況・施策内容 | 評価 | | -------------- | -------------------------------------------- | ------ | | 認証管理（MFA, STS） | Step1対策としてMFA・ZTNA導入済。管理コンソールへの操作は多要素認証必須。 | ★★★（3） | | 権限管理（IAM） | VDI AuthサーバにEC2生成権限は原則付与されていない。ただし一部例外運用が残存。 | ★★☆（2） | | インスタンス作成監視 | CloudTrailでAPI呼び出し監視有効。SIEMと連携し異常通知あり。 | ★★★（3） | | ガードレール制御 | 承認フローは未整備。Terraform/IaCでの標準化はあるが手動例外ルールあり。 | ★★☆（2） | | 構成ミス検出自動化 | CSPM導入済。SSPMは試験導入段階で一部検知カバー不足。 | ★★☆（2） | | 監査と事後対応 | 月次監査と外部監査あり。監査範囲はアカウント・IAM主体でリソース生成は網羅性に欠ける。 | ★★☆（2） |→ 総合評価：2.3 → 切り下げて「レベル2」 | T14: =SPRV_Source_For_Formulas!D52 | U14: VDI server | V14: Azure ADやIAMの信頼関係ポリシーを改変し、他テナントや管理者権限への横展開を狙う。 | W14: 3 | X14: 2 | Y14: =IF(SPRV_Source_For_Formulas!G52<=0.2,3,IF(SPRV_Source_For_Formulas!G52<=0.5,2,1)) | Z14: =4-Y14 | AA14: =IF(AND(W14=3,X14*Z14>=6),"A",IF(AND(W14=3,X14*Z14>=3),"B",IF(AND(W14=3,X14*Z14>=1),"C",""))) | AB14: β’モデル： 「3.3.1 権限管理」「3.3.5 設定変更検知」「3.4.1 操作記録」等。 補足評価：GPO改変は一度権限を奪取された後に、正規操作として行われる可能性が高く、検知・阻止が難しい。 特にVDI環境などでは検知の即時性に限界があるため、評価「2（低）」は妥当。 | AC14: =SPRV_Source_For_Formulas!D53 | AD14: My Number Administrative System on GovCloud | AE14: 信頼関係改変で取得したクラウド権限を用い、複数クラウドサービスを乗っ取り攻撃基盤化。 | AF14: 3 | AG14: 2 | AH14: =IF(SPRV_Source_For_Formulas!G53<=0.2,3,IF(SPRV_Source_For_Formulas!G53<=0.5,2,1)) | AI14: =4-AH14 | AJ14: =IF(AND(AF14=3,AG14*AI14>=6),"A",IF(AND(AF14=3,AG14*AI14>=3),"B",IF(AND(AF14=3,AG14*AI14>=1),"C",""))) | AK14: β’モデル＋ガバメントクラウド資料にてIAM最小権限、API監査、CSPM運用が整備されていれば、有効性は高い。ただし初期検知遅延やアラート無視等には注意が必要。 | AL14: =MAX(E14,N14,W14,AF14) | AM14: 2 | AN14: =MAX(G14,P14,Y14,AH14) | AO14: =4-AN14 | AP14: =IF(AND(AL14=3,AM14*AO14>=6),"A",IF(AND(AL14=3,AM14*AO14>=3),"B",IF(AND(AL14=3,AM14*AO14>=1),"C",""))) | AQ14: ="Scenario-level Threat=2; Step1="&I14&" Step2="&R14&" Step3="&AA14&" Step4="&AJ14&" ; Overall Threat fixed=2, Max Mitigation="&AN14&" => Overall="&AP14
A15: 14 | B15: =SPRV_Source_For_Formulas!D54 | C15: VDI Auth server | D15: 外出先からSASE経由でVDI Auth Serverにアクセスする職員の通信を狙い、Citrix Gatewayの既知の脆弱性（例：CVE-2019-19781 など）を悪用して認証バイパスを実行。正規ユーザになりすまし、庁内ネットワークへの初期侵入に成功。 | E15: 3 | F15: 2 | G15: =IF(SPRV_Source_For_Formulas!G54<=0.2,3,IF(SPRV_Source_For_Formulas!G54<=0.5,2,1)) | H15: =4-G15 | I15: =IF(AND(E15=3,F15*H15>=6),"A",IF(AND(E15=3,F15*H15>=3),"B",IF(AND(E15=3,F15*H15>=1),"C",""))) | J15: 根拠（既知脆弱性への限定対応とβ’モデル基準）： 既知脆弱性に対する対策は技術・運用の両面で確立可能 総務省β’モデル「3.2.3 脆弱性管理」では、重大脆弱性に対し「48時間以内にパッチ適用」などのSLAを定めることが推奨されている。 さらに、「脆弱性の収集 → 影響評価 → 優先順位付け → 修正 → 再確認」の脆弱性管理ライフサイクルが整備されていれば、CVE-2019-19781のような既知の脆弱性はカバー可能。 SASE＋WAF＋ZTNAによる多層防御が機能すれば、侵入リスクは大幅に軽減 WAFにおける既知の攻撃シグネチャ対応は一般的であり、IDS/IPSやEDRとの組み合わせで侵入前に阻止できる。 SASEにおけるZTNAの導入により、「未認証端末からの直接到達不可」「職員IDベースの接続制御」「MDMによる端末衛生チェック」が可能。 構成管理や攻撃面最小化（attack surface reduction）も含めた対応が前提 公開Webアプリに対する構成管理（例：DMZ分離、最小限ポート公開、不要機能無効化等）が実施されていれば、既知脆弱性を突かれる余地は少ない。 | K15: =SPRV_Source_For_Formulas!D55 | L15: VDI Auth server | M15: 不正クラウドインスタンスを生成 し、VDI環境全体の制御奪取や横展開を図る | N15: 3 | O15: 2 | P15: =IF(SPRV_Source_For_Formulas!G55<=0.2,3,IF(SPRV_Source_For_Formulas!G55<=0.5,2,1)) | Q15: =4-P15 | R15: =IF(AND(N15=3,O15*Q15>=6),"A",IF(AND(N15=3,O15*Q15>=3),"B",IF(AND(N15=3,O15*Q15>=1),"C",""))) | S15: | 評価観点 | 状況・施策内容 | 評価 | | -------------- | -------------------------------------------- | ------ | | 認証管理（MFA, STS） | Step1対策としてMFA・ZTNA導入済。管理コンソールへの操作は多要素認証必須。 | ★★★（3） | | 権限管理（IAM） | VDI AuthサーバにEC2生成権限は原則付与されていない。ただし一部例外運用が残存。 | ★★☆（2） | | インスタンス作成監視 | CloudTrailでAPI呼び出し監視有効。SIEMと連携し異常通知あり。 | ★★★（3） | | ガードレール制御 | 承認フローは未整備。Terraform/IaCでの標準化はあるが手動例外ルールあり。 | ★★☆（2） | | 構成ミス検出自動化 | CSPM導入済。SSPMは試験導入段階で一部検知カバー不足。 | ★★☆（2） | | 監査と事後対応 | 月次監査と外部監査あり。監査範囲はアカウント・IAM主体でリソース生成は網羅性に欠ける。 | ★★☆（2） |→ 総合評価：2.3 → 切り下げて「レベル2」 | T15: =SPRV_Source_For_Formulas!D56 | U15: VDI server | V15: Azure ADやIAMの信頼関係ポリシーを改変し、他テナントや管理者権限への横展開を狙う。 | W15: 3 | X15: 2 | Y15: =IF(SPRV_Source_For_Formulas!G56<=0.2,3,IF(SPRV_Source_For_Formulas!G56<=0.5,2,1)) | Z15: =4-Y15 | AA15: =IF(AND(W15=3,X15*Z15>=6),"A",IF(AND(W15=3,X15*Z15>=3),"B",IF(AND(W15=3,X15*Z15>=1),"C",""))) | AB15: β’モデル：「3.3.1 権限管理」「3.3.5 設定変更検知」「3.4.1 操作記録」等。 補足評価：GPO改変は一度権限を奪取された後に、正規操作として行われる可能性が高く、検知・阻止が難しい。 特にVDI環境などでは検知の即時性に限界があるため、対策有効率評価「1（低）」は妥当。 | AC15: =SPRV_Source_For_Formulas!D57 | AD15: My Number Administrative System on GovCloud | AE15: クラウドインスタンスにマルウェアを展開し、計算リソースを違法マイニングや外部DDoSに悪用。 | AF15: 3 | AG15: 2 | AH15: =IF(SPRV_Source_For_Formulas!G57<=0.2,3,IF(SPRV_Source_For_Formulas!G57<=0.5,2,1)) | AI15: =4-AH15 | AJ15: =IF(AND(AF15=3,AG15*AI15>=6),"A",IF(AND(AF15=3,AG15*AI15>=3),"B",IF(AND(AF15=3,AG15*AI15>=1),"C",""))) | AK15: 仮想マシンに対するネットワーク分離、IAM制御、ログ監視により不正操作の抑止・検知が可能。推奨対策と合致。 | AL15: =MAX(E15,N15,W15,AF15) | AM15: 2 | AN15: =MAX(G15,P15,Y15,AH15) | AO15: =4-AN15 | AP15: =IF(AND(AL15=3,AM15*AO15>=6),"A",IF(AND(AL15=3,AM15*AO15>=3),"B",IF(AND(AL15=3,AM15*AO15>=1),"C",""))) | AQ15: ="Scenario-level Threat=2; Step1="&I15&" Step2="&R15&" Step3="&AA15&" Step4="&AJ15&" ; Overall Threat fixed=2, Max Mitigation="&AN15&" => Overall="&AP15
A16: 15 | B16: =SPRV_Source_For_Formulas!D58 | C16: VDI Auth server | D16: 外出先からSASE経由でVDI Auth Serverにアクセスする職員の通信を狙い、Citrix Gatewayの既知の脆弱性（例：CVE-2019-19781 など）を悪用して認証バイパスを実行。正規ユーザになりすまし、庁内ネットワークへの初期侵入に成功。 | E16: 3 | F16: 2 | G16: =IF(SPRV_Source_For_Formulas!G58<=0.2,3,IF(SPRV_Source_For_Formulas!G58<=0.5,2,1)) | H16: =4-G16 | I16: =IF(AND(E16=3,F16*H16>=6),"A",IF(AND(E16=3,F16*H16>=3),"B",IF(AND(E16=3,F16*H16>=1),"C",""))) | J16: 根拠（既知脆弱性への限定対応とβ’モデル基準）： 既知脆弱性に対する対策は技術・運用の両面で確立可能 総務省β’モデル「3.2.3 脆弱性管理」では、重大脆弱性に対し「48時間以内にパッチ適用」などのSLAを定めることが推奨されている。 さらに、「脆弱性の収集 → 影響評価 → 優先順位付け → 修正 → 再確認」の脆弱性管理ライフサイクルが整備されていれば、CVE-2019-19781のような既知の脆弱性はカバー可能。 SASE＋WAF＋ZTNAによる多層防御が機能すれば、侵入リスクは大幅に軽減 WAFにおける既知の攻撃シグネチャ対応は一般的であり、IDS/IPSやEDRとの組み合わせで侵入前に阻止できる。 SASEにおけるZTNAの導入により、「未認証端末からの直接到達不可」「職員IDベースの接続制御」「MDMによる端末衛生チェック」が可能。 構成管理や攻撃面最小化（attack surface reduction）も含めた対応が前提 公開Webアプリに対する構成管理（例：DMZ分離、最小限ポート公開、不要機能無効化等）が実施されていれば、既知脆弱性を突かれる余地は少ない。 | K16: =SPRV_Source_For_Formulas!D59 | L16: VDI Auth server | M16: 不正クラウドインスタンスを生成 し、VDI環境全体の制御奪取や横展開を図る | N16: 3 | O16: 2 | P16: =IF(SPRV_Source_For_Formulas!G59<=0.2,3,IF(SPRV_Source_For_Formulas!G59<=0.5,2,1)) | Q16: =4-P16 | R16: =IF(AND(N16=3,O16*Q16>=6),"A",IF(AND(N16=3,O16*Q16>=3),"B",IF(AND(N16=3,O16*Q16>=1),"C",""))) | S16: | 評価観点 | 状況・施策内容 | 評価 | | -------------- | -------------------------------------------- | ------ | | 認証管理（MFA, STS） | Step1対策としてMFA・ZTNA導入済。管理コンソールへの操作は多要素認証必須。 | ★★★（3） | | 権限管理（IAM） | VDI AuthサーバにEC2生成権限は原則付与されていない。ただし一部例外運用が残存。 | ★★☆（2） | | インスタンス作成監視 | CloudTrailでAPI呼び出し監視有効。SIEMと連携し異常通知あり。 | ★★★（3） | | ガードレール制御 | 承認フローは未整備。Terraform/IaCでの標準化はあるが手動例外ルールあり。 | ★★☆（2） | | 構成ミス検出自動化 | CSPM導入済。SSPMは試験導入段階で一部検知カバー不足。 | ★★☆（2） | | 監査と事後対応 | 月次監査と外部監査あり。監査範囲はアカウント・IAM主体でリソース生成は網羅性に欠ける。 | ★★☆（2） |→ 総合評価：2.3 → 切り下げて「レベル2」 | T16: =SPRV_Source_For_Formulas!D60 | U16: VDI server | V16: Azure ADやIAMの信頼関係ポリシーを改変し、他テナントや管理者権限への横展開を狙う。 | W16: 3 | X16: 2 | Y16: =IF(SPRV_Source_For_Formulas!G60<=0.2,3,IF(SPRV_Source_For_Formulas!G60<=0.5,2,1)) | Z16: =4-Y16 | AA16: =IF(AND(W16=3,X16*Z16>=6),"A",IF(AND(W16=3,X16*Z16>=3),"B",IF(AND(W16=3,X16*Z16>=1),"C",""))) | AB16: β’モデル： 「3.3.1 権限管理」「3.3.5 設定変更検知」「3.4.1 操作記録」等。 補足評価： GPO改変は一度権限を奪取された後に、正規操作として行われる可能性が高く、検知・阻止が難しい。 特にVDI環境などでは検知の即時性に限界があるため、評価「2（低）」は妥当。 | AC16: =SPRV_Source_For_Formulas!D61 | AD16: My Number Administrative System on GovCloud | AE16: 攻撃手法の具体化 Step1〜Step3を経て攻撃者は VDI Auth → VDI Serverを経由し、クラウド管理権限を取得済み。 この状態で、攻撃者は My Number System上の業務データを暗号化し、業務停止やデータロックアウトを引き起こす。 想定される攻撃シナリオは以下： クラウド管理API／CLIを利用して、DBボリュームやストレージ（EBS, Blob, RDS等）を強制暗号化。 新しいKMSキーを攻撃者側で生成・割当し、既存キーを削除または無効化。 OSレベルでスクリプトを投入し、ファイルシステム全体を暗号化（Linux LUKS, Windows BitLocker等）。 Cloud Snapshotやバックアップを削除／無効化し、復旧不能状態に誘導。 結果として、マイナンバー業務全体が停止し、行政サービスに甚大な影響が発生する。 | AF16: 3 | AG16: 2 | AH16: =IF(SPRV_Source_For_Formulas!G61<=0.2,3,IF(SPRV_Source_For_Formulas!G61<=0.5,2,1)) | AI16: =4-AH16 | AJ16: =IF(AND(AF16=3,AG16*AI16>=6),"A",IF(AND(AF16=3,AG16*AI16>=3),"B",IF(AND(AF16=3,AG16*AI16>=1),"C",""))) | AK16: | 評価観点 | 状況・施策内容 | 評価 | | ----------------- | ------------------------------------------------------------ | ------ | | データ暗号化制御 | KMSによる暗号化・権限分離は導入済。ただし攻撃者が管理者権限を奪取した場合、正規の暗号化APIを利用され迂回可能。 | ★★☆（2） | | バックアップとリストア体制 | バックアップは定期取得されているが、スナップショット削除防止機能（Vault Lock等）は未導入で、削除耐性に弱点。 | ★★☆（2） | | API監視・検知 | CloudTrail＋SIEMで監査は有効。しかし暗号化コマンドやスナップショット削除のリアルタイム検知ルールは不完全。 | ★★☆（2） | | 承認フロー | 通常業務での暗号化設定変更は承認必須だが、緊急対応・管理者例外が存在し、悪用される可能性を残している。 | ★★☆（2） | | **CSPM／CIEM逸脱検知** | CSPMは導入済。だが暗号化操作やバックアップ削除の挙動検知は限定的。CIEMによる権限逸脱検知も一部のみ適用。 | ★★☆（2） |→総合評価：２ | AL16: =MAX(E16,N16,W16,AF16) | AM16: 2 | AN16: =MAX(G16,P16,Y16,AH16) | AO16: =4-AN16 | AP16: =IF(AND(AL16=3,AM16*AO16>=6),"A",IF(AND(AL16=3,AM16*AO16>=3),"B",IF(AND(AL16=3,AM16*AO16>=1),"C",""))) | AQ16: ="Scenario-level Threat=2; Step1="&I16&" Step2="&R16&" Step3="&AA16&" Step4="&AJ16&" ; Overall Threat fixed=2, Max Mitigation="&AN16&" => Overall="&AP16
A17: 16 | B17: =SPRV_Source_For_Formulas!D62 | C17: VDI Auth server | D17: 外出先からSASE経由でVDI Auth Serverにアクセスする職員の通信を狙い、Citrix Gatewayの既知の脆弱性（例：CVE-2019-19781 など）を悪用して認証バイパスを実行。正規ユーザになりすまし、庁内ネットワークへの初期侵入に成功。 | E17: 3 | F17: 2 | G17: =IF(SPRV_Source_For_Formulas!G62<=0.2,3,IF(SPRV_Source_For_Formulas!G62<=0.5,2,1)) | H17: =4-G17 | I17: =IF(AND(E17=3,F17*H17>=6),"A",IF(AND(E17=3,F17*H17>=3),"B",IF(AND(E17=3,F17*H17>=1),"C",""))) | J17: 根拠（既知脆弱性への限定対応とβ’モデル基準）： 既知脆弱性に対する対策は技術・運用の両面で確立可能 総務省β’モデル「3.2.3 脆弱性管理」では、重大脆弱性に対し「48時間以内にパッチ適用」などのSLAを定めることが推奨されている。 さらに、「脆弱性の収集 → 影響評価 → 優先順位付け → 修正 → 再確認」の脆弱性管理ライフサイクルが整備されていれば、CVE-2019-19781のような既知の脆弱性はカバー可能。 SASE＋WAF＋ZTNAによる多層防御が機能すれば、侵入リスクは大幅に軽減 WAFにおける既知の攻撃シグネチャ対応は一般的であり、IDS/IPSやEDRとの組み合わせで侵入前に阻止できる。 SASEにおけるZTNAの導入により、「未認証端末からの直接到達不可」「職員IDベースの接続制御」「MDMによる端末衛生チェック」が可能。 構成管理や攻撃面最小化（attack surface reduction）も含めた対応が前提 公開Webアプリに対する構成管理（例：DMZ分離、最小限ポート公開、不要機能無効化等）が実施されていれば、既知脆弱性を突かれる余地は少ない。 | K17: =SPRV_Source_For_Formulas!D63 | L17: VDI Auth server | M17: 不正クラウドインスタンスを生成 し、VDI環境全体の制御奪取や横展開を図る | N17: 3 | O17: 2 | P17: =IF(SPRV_Source_For_Formulas!G63<=0.2,3,IF(SPRV_Source_For_Formulas!G63<=0.5,2,1)) | Q17: =4-P17 | R17: =IF(AND(N17=3,O17*Q17>=6),"A",IF(AND(N17=3,O17*Q17>=3),"B",IF(AND(N17=3,O17*Q17>=1),"C",""))) | S17: | 評価観点 | 状況・施策内容 | 評価 | | -------------- | -------------------------------------------- | ------ | | 認証管理（MFA, STS） | Step1対策としてMFA・ZTNA導入済。管理コンソールへの操作は多要素認証必須。 | ★★★（3） | | 権限管理（IAM） | VDI AuthサーバにEC2生成権限は原則付与されていない。ただし一部例外運用が残存。 | ★★☆（2） | | インスタンス作成監視 | CloudTrailでAPI呼び出し監視有効。SIEMと連携し異常通知あり。 | ★★★（3） | | ガードレール制御 | 承認フローは未整備。Terraform/IaCでの標準化はあるが手動例外ルールあり。 | ★★☆（2） | | 構成ミス検出自動化 | CSPM導入済。SSPMは試験導入段階で一部検知カバー不足。 | ★★☆（2） | | 監査と事後対応 | 月次監査と外部監査あり。監査範囲はアカウント・IAM主体でリソース生成は網羅性に欠ける。 | ★★☆（2） |→ 総合評価：2.3 → 切り下げて「レベル2」 | T17: =SPRV_Source_For_Formulas!D64 | U17: VDI server | V17: Azure ADやIAMの信頼関係ポリシーを改変し、他テナントや管理者権限への横展開を狙う。 | W17: 3 | X17: 2 | Y17: =IF(SPRV_Source_For_Formulas!G64<=0.2,3,IF(SPRV_Source_For_Formulas!G64<=0.5,2,1)) | Z17: =4-Y17 | AA17: =IF(AND(W17=3,X17*Z17>=6),"A",IF(AND(W17=3,X17*Z17>=3),"B",IF(AND(W17=3,X17*Z17>=1),"C",""))) | AB17: β’モデル： 「3.3.1 権限管理」「3.3.5 設定変更検知」「3.4.1 操作記録」等。 補足評価： GPO改変は一度権限を奪取された後に、正規操作として行われる可能性が高く、検知・阻止が難しい。 特にVDI環境などでは検知の即時性に限界があるため、評価「2（低）」は妥当。 | AC17: =SPRV_Source_For_Formulas!D65 | AD17: My Number Administrative System on GovCloud | AE17: 攻撃手法の具体化 Step1〜Step3で VDI Auth Server → VDI Server に侵入済みの攻撃者は、最終段階として マイナンバー事務系システムのリソース（特に帯域幅）を不正利用 。 攻撃の具体例： マイナンバーシステム上で稼働する VM／コンテナに不正ソフトを導入し、外部DDoS攻撃の踏み台として帯域を消費。 内部帯域を過剰利用し、正規業務処理の遅延や停止を誘発。 帯域消費によりクラウド課金を膨張させ、経済的損害を与える。 通信トラフィックに混在させて、C2通信やデータ流出を隠蔽。 → この攻撃は 「可用性の破壊」と「リソース濫用」 の両面を狙っており、暗号化攻撃（T1486）と比べても検知が難しい特徴がある。 | AF17: 3 | AG17: 2 | AH17: =IF(SPRV_Source_For_Formulas!G65<=0.2,3,IF(SPRV_Source_For_Formulas!G65<=0.5,2,1)) | AI17: =4-AH17 | AJ17: =IF(AND(AF17=3,AG17*AI17>=6),"A",IF(AND(AF17=3,AG17*AI17>=3),"B",IF(AND(AF17=3,AG17*AI17>=1),"C",""))) | AK17: | 評価観点 | 状況・施策内容 | 評価 | | -------------- | ---------------------------------------------------- | ------ | | 帯域使用監視・検知 | CloudWatch／Monitor等で帯域監視は実施。ただしリアルタイム異常検知ルールは一部未整備。 | ★★☆（2） | | DDoS対策 | 一般的なDDoS対策サービスは契約済。ただし全トラフィック網羅ではなく、業務系ネットワークの一部対象外。 | ★★☆（2） | | 出口通信制御 | Proxy・FWルールで外部接続制御済。ただしVDI経由トラフィックは例外許容ケースあり。 | ★★☆（2） | | CSPM／CIEMによる検知 | 過剰権限は定期監査されるが、自動検知ルールは不十分。帯域逸脱の直接検知機能は限定的。 | ★★☆（2） | | 監査と課金異常モニタリング | 月次監査とクラウド課金監視あり。ただし異常利用を即座にアラート化する仕組みは未導入。 | ★★☆（2） |→ 総合評価：2.0 → レベル2 | AL17: =MAX(E17,N17,W17,AF17) | AM17: 2 | AN17: =MAX(G17,P17,Y17,AH17) | AO17: =4-AN17 | AP17: =IF(AND(AL17=3,AM17*AO17>=6),"A",IF(AND(AL17=3,AM17*AO17>=3),"B",IF(AND(AL17=3,AM17*AO17>=1),"C",""))) | AQ17: ="Scenario-level Threat=2; Step1="&I17&" Step2="&R17&" Step3="&AA17&" Step4="&AJ17&" ; Overall Threat fixed=2, Max Mitigation="&AN17&" => Overall="&AP17
A18: 17 | B18: =SPRV_Source_For_Formulas!D66 | C18: VDI Auth server | D18: 外出先からSASE経由でVDI Auth Serverにアクセスする職員の通信を狙い、Citrix Gatewayの既知の脆弱性（例：CVE-2019-19781 など）を悪用して認証バイパスを実行。正規ユーザになりすまし、庁内ネットワークへの初期侵入に成功。 | E18: 3 | F18: 2 | G18: =IF(SPRV_Source_For_Formulas!G66<=0.2,3,IF(SPRV_Source_For_Formulas!G66<=0.5,2,1)) | H18: =4-G18 | I18: =IF(AND(E18=3,F18*H18>=6),"A",IF(AND(E18=3,F18*H18>=3),"B",IF(AND(E18=3,F18*H18>=1),"C",""))) | J18: 根拠（既知脆弱性への限定対応とβ’モデル基準）： 既知脆弱性に対する対策は技術・運用の両面で確立可能 総務省β’モデル「3.2.3 脆弱性管理」では、重大脆弱性に対し「48時間以内にパッチ適用」などのSLAを定めることが推奨されている。 さらに、「脆弱性の収集 → 影響評価 → 優先順位付け → 修正 → 再確認」の脆弱性管理ライフサイクルが整備されていれば、CVE-2019-19781のような既知の脆弱性はカバー可能。 SASE＋WAF＋ZTNAによる多層防御が機能すれば、侵入リスクは大幅に軽減 WAFにおける既知の攻撃シグネチャ対応は一般的であり、IDS/IPSやEDRとの組み合わせで侵入前に阻止できる。 SASEにおけるZTNAの導入により、「未認証端末からの直接到達不可」「職員IDベースの接続制御」「MDMによる端末衛生チェック」が可能。 構成管理や攻撃面最小化（attack surface reduction）も含めた対応が前提 公開Webアプリに対する構成管理（例：DMZ分離、最小限ポート公開、不要機能無効化等）が実施されていれば、既知脆弱性を突かれる余地は少ない。 | K18: =SPRV_Source_For_Formulas!D67 | L18: VDI Auth server | M18: この正規セッションを基盤に、クラウドサービスのリモート接続機能を悪用して攻撃を拡大する： 攻撃者はVDI Auth Server経由で クラウドサービスの管理APIやCLI にリモート接続。 API呼び出しにより 追加の認証サーバ／仮想VDIノードをリモート生成または制御。 正規ユーザの認証セッションを中継し、認証トークンやセッションCookieを奪取。 結果として、VDI認証基盤を横展開起点としてクラウド全体に不正アクセスできる。 → この攻撃は従来のRDP/SSHと異なり、クラウド環境における「リモートAPI利用型の横展開」である点が特徴 | N18: 3 | O18: 2 | P18: =IF(SPRV_Source_For_Formulas!G67<=0.2,3,IF(SPRV_Source_For_Formulas!G67<=0.5,2,1)) | Q18: =4-P18 | R18: =IF(AND(N18=3,O18*Q18>=6),"A",IF(AND(N18=3,O18*Q18>=3),"B",IF(AND(N18=3,O18*Q18>=1),"C",""))) | S18: | 評価観点 | 状況・施策内容 | 評価 | | --------- | ------------------------------------------------------ | ------ | | 認証管理（MFA） | API/CLI操作にもMFA適用済み。VDI Auth経由の管理操作はSTS短期トークン使用を必須化。 | ★★★（3） | | IAM制御 | VDI AuthにCloudリモート操作権限は基本付与されていないが、一部管理者ロールに広範囲権限残存。 | ★★☆（2） | | ログ監視・検知 | CloudTrail＋SIEM連携でAPI操作は可視化。ただしリモートセッション異常検知ルールは一部未整備。 | ★★☆（2） | | 構成管理 | IaC導入済で手動設定は原則不可。ただし例外運用が一部残存。 | ★★☆（2） | | 監査・承認フロー | 月次監査あり。外部委託の操作はチケット承認制。ただし内部管理者の操作はリアルタイム承認なし。 | ★★☆（2） | | T18: =SPRV_Source_For_Formulas!D68 | U18: VDI server | V18: Step1で VDI Auth Serverを突破 し、Step2で 不正クラウドインスタンス生成（T1578.002） に成功した攻撃者は、VDI環境全体を制御するために クラウド管理コマンドを直接行使 。 想定される操作例は以下の通り： クラウド管理API/CLIを使用してVDI Serverの設定変更を実行 仮想NIC設定を変更してC2通信を許可 ストレージスナップショットを外部リージョンへ転送 認証関連構成を改変 VDIログオンポリシーを緩和 管理者アカウントの権限を昇格 痕跡隠蔽 監査ログを削除または外部に退避し検知回避 VDI Serverの構成を一時的に復旧させ、運用担当者に異常を気づかせない → 攻撃の本質は、クラウド環境の“正規管理操作”を不正に実行してVDI基盤を乗っ取る点にあり、検知困難性が非常に高いのが特徴 | W18: 3 | X18: 2 | Y18: =IF(SPRV_Source_For_Formulas!G68<=0.2,3,IF(SPRV_Source_For_Formulas!G68<=0.5,2,1)) | Z18: =4-Y18 | AA18: =IF(AND(W18=3,X18*Z18>=6),"A",IF(AND(W18=3,X18*Z18>=3),"B",IF(AND(W18=3,X18*Z18>=1),"C",""))) | AB18: | 評価観点 | 状況・施策内容 | 評価 | | -------------- | ------------------------------------------------ | ------ | | 認証管理（MFA, STS） | 管理操作にMFA必須、STSトークン利用。攻撃者が認証を突破した場合は正規操作に見える点が残る。 | ★★★（3） | | ログ監査・改ざん防止 | CloudTrail＋WORMで保存されているが、リアルタイム監視が不完全。 | ★★☆（2） | | 管理コマンドの承認フロー | 一部は二重承認あり。ただし運用効率優先で例外許可が散見。 | ★★☆（2） | | IaCによる設定固定 | Terraform導入済だが、一部手動操作が許容されている。 | ★★☆（2） | | SSPM・逸脱検知 | CSPM導入済、SSPMは未導入。異常なAPI操作の自動検知は一部不足。 | ★★☆（2） | | 監査と外部確認 | 月次の内部監査あり。外部監査は年1回。管理コマンドの網羅的確認までは実施されていない。 | ★★☆（2） |→ 総合評価：2.1 → 切り下げて「レベル2」 | AC18: =SPRV_Source_For_Formulas!D69 | AD18: My Number Administrative System on GovCloud | AE18: 不正スクリプトによって、複数のクラウドサービスインスタンスを乗っ取り、他攻撃の踏み台や外部攻撃に悪用。 | AF18: 3 | AG18: 2 | AH18: =IF(SPRV_Source_For_Formulas!G69<=0.2,3,IF(SPRV_Source_For_Formulas!G69<=0.5,2,1)) | AI18: =4-AH18 | AJ18: =IF(AND(AF18=3,AG18*AI18>=6),"A",IF(AND(AF18=3,AG18*AI18>=3),"B",IF(AND(AF18=3,AG18*AI18>=1),"C",""))) | AK18: β’モデル＋ガバメントクラウド資料にてIAM最小権限、API監査、CSPM運用が整備されていれば、有効性は高い。ただし初期検知遅延やアラート無視等には注意が必要。 | AL18: =MAX(E18,N18,W18,AF18) | AM18: 2 | AN18: =MAX(G18,P18,Y18,AH18) | AO18: =4-AN18 | AP18: =IF(AND(AL18=3,AM18*AO18>=6),"A",IF(AND(AL18=3,AM18*AO18>=3),"B",IF(AND(AL18=3,AM18*AO18>=1),"C",""))) | AQ18: ="Scenario-level Threat=2; Step1="&I18&" Step2="&R18&" Step3="&AA18&" Step4="&AJ18&" ; Overall Threat fixed=2, Max Mitigation="&AN18&" => Overall="&AP18
A19: 18 | B19: =SPRV_Source_For_Formulas!D70 | C19: VDI Auth server | D19: 外出先からSASE経由でVDI Auth Serverにアクセスする職員の通信を狙い、Citrix Gatewayの既知の脆弱性（例：CVE-2019-19781 など）を悪用して認証バイパスを実行。正規ユーザになりすまし、庁内ネットワークへの初期侵入に成功。 | E19: 3 | F19: 2 | G19: =IF(SPRV_Source_For_Formulas!G70<=0.2,3,IF(SPRV_Source_For_Formulas!G70<=0.5,2,1)) | H19: =4-G19 | I19: =IF(AND(E19=3,F19*H19>=6),"A",IF(AND(E19=3,F19*H19>=3),"B",IF(AND(E19=3,F19*H19>=1),"C",""))) | J19: 根拠（既知脆弱性への限定対応とβ’モデル基準）： 既知脆弱性に対する対策は技術・運用の両面で確立可能 総務省β’モデル「3.2.3 脆弱性管理」では、重大脆弱性に対し「48時間以内にパッチ適用」などのSLAを定めることが推奨されている。 さらに、「脆弱性の収集 → 影響評価 → 優先順位付け → 修正 → 再確認」の脆弱性管理ライフサイクルが整備されていれば、CVE-2019-19781のような既知の脆弱性はカバー可能。 SASE＋WAF＋ZTNAによる多層防御が機能すれば、侵入リスクは大幅に軽減 WAFにおける既知の攻撃シグネチャ対応は一般的であり、IDS/IPSやEDRとの組み合わせで侵入前に阻止できる。 SASEにおけるZTNAの導入により、「未認証端末からの直接到達不可」「職員IDベースの接続制御」「MDMによる端末衛生チェック」が可能。 構成管理や攻撃面最小化（attack surface reduction）も含めた対応が前提 公開Webアプリに対する構成管理（例：DMZ分離、最小限ポート公開、不要機能無効化等）が実施されていれば、既知脆弱性を突かれる余地は少ない。 | K19: =SPRV_Source_For_Formulas!D71 | L19: VDI Auth server | M19: この正規セッションを基盤に、クラウドサービスのリモート接続機能を悪用して攻撃を拡大する： 攻撃者はVDI Auth Server経由で クラウドサービスの管理APIやCLI にリモート接続。 API呼び出しにより 追加の認証サーバ／仮想VDIノードをリモート生成または制御。 正規ユーザの認証セッションを中継し、認証トークンやセッションCookieを奪取。 結果として、VDI認証基盤を横展開起点としてクラウド全体に不正アクセスできる。 → この攻撃は従来のRDP/SSHと異なり、クラウド環境における「リモートAPI利用型の横展開」である点が特徴 | N19: 3 | O19: 2 | P19: =IF(SPRV_Source_For_Formulas!G71<=0.2,3,IF(SPRV_Source_For_Formulas!G71<=0.5,2,1)) | Q19: =4-P19 | R19: =IF(AND(N19=3,O19*Q19>=6),"A",IF(AND(N19=3,O19*Q19>=3),"B",IF(AND(N19=3,O19*Q19>=1),"C",""))) | S19: | 評価観点 | 状況・施策内容 | 評価 | | --------- | ------------------------------------------------------ | ------ | | 認証管理（MFA） | API/CLI操作にもMFA適用済み。VDI Auth経由の管理操作はSTS短期トークン使用を必須化。 | ★★★（3） | | IAM制御 | VDI AuthにCloudリモート操作権限は基本付与されていないが、一部管理者ロールに広範囲権限残存。 | ★★☆（2） | | ログ監視・検知 | CloudTrail＋SIEM連携でAPI操作は可視化。ただしリモートセッション異常検知ルールは一部未整備。 | ★★☆（2） | | 構成管理 | IaC導入済で手動設定は原則不可。ただし例外運用が一部残存。 | ★★☆（2） | | 監査・承認フロー | 月次監査あり。外部委託の操作はチケット承認制。ただし内部管理者の操作はリアルタイム承認なし。 | ★★☆（2） | | T19: =SPRV_Source_For_Formulas!D72 | U19: VDI server | V19: Step1で VDI Auth Serverを突破 し、Step2で 不正クラウドインスタンス生成（T1578.002） に成功した攻撃者は、VDI環境全体を制御するために クラウド管理コマンドを直接行使 。 想定される操作例は以下の通り： クラウド管理API/CLIを使用してVDI Serverの設定変更を実行 仮想NIC設定を変更してC2通信を許可 ストレージスナップショットを外部リージョンへ転送 認証関連構成を改変 VDIログオンポリシーを緩和 管理者アカウントの権限を昇格 痕跡隠蔽 監査ログを削除または外部に退避し検知回避 VDI Serverの構成を一時的に復旧させ、運用担当者に異常を気づかせない → 攻撃の本質は、クラウド環境の“正規管理操作”を不正に実行してVDI基盤を乗っ取る点にあり、検知困難性が非常に高いのが特徴 | W19: 3 | X19: 2 | Y19: =IF(SPRV_Source_For_Formulas!G72<=0.2,3,IF(SPRV_Source_For_Formulas!G72<=0.5,2,1)) | Z19: =4-Y19 | AA19: =IF(AND(W19=3,X19*Z19>=6),"A",IF(AND(W19=3,X19*Z19>=3),"B",IF(AND(W19=3,X19*Z19>=1),"C",""))) | AB19: | 評価観点 | 状況・施策内容 | 評価 | | -------------- | ------------------------------------------------ | ------ | | 認証管理（MFA, STS） | 管理操作にMFA必須、STSトークン利用。攻撃者が認証を突破した場合は正規操作に見える点が残る。 | ★★★（3） | | ログ監査・改ざん防止 | CloudTrail＋WORMで保存されているが、リアルタイム監視が不完全。 | ★★☆（2） | | 管理コマンドの承認フロー | 一部は二重承認あり。ただし運用効率優先で例外許可が散見。 | ★★☆（2） | | IaCによる設定固定 | Terraform導入済だが、一部手動操作が許容されている。 | ★★☆（2） | | SSPM・逸脱検知 | CSPM導入済、SSPMは未導入。異常なAPI操作の自動検知は一部不足。 | ★★☆（2） | | 監査と外部確認 | 月次の内部監査あり。外部監査は年1回。管理コマンドの網羅的確認までは実施されていない。 | ★★☆（2） |→ 総合評価：2.1 → 切り下げて「レベル2」 | AC19: =SPRV_Source_For_Formulas!D73 | AD19: My Number Administrative System on GovCloud | AE19: スクリプト経由で取得したクラウドリソースを、計算資源として不正使用。DDoS用のC2インフラ構築に用いる例もあり。 | AF19: 3 | AG19: 2 | AH19: =IF(SPRV_Source_For_Formulas!G73<=0.2,3,IF(SPRV_Source_For_Formulas!G73<=0.5,2,1)) | AI19: =4-AH19 | AJ19: =IF(AND(AF19=3,AG19*AI19>=6),"A",IF(AND(AF19=3,AG19*AI19>=3),"B",IF(AND(AF19=3,AG19*AI19>=1),"C",""))) | AK19: 仮想マシンに対するネットワーク分離、IAM制御、ログ監視により不正操作の抑止・検知が可能。推奨対策と合致。 | AL19: =MAX(E19,N19,W19,AF19) | AM19: 2 | AN19: =MAX(G19,P19,Y19,AH19) | AO19: =4-AN19 | AP19: =IF(AND(AL19=3,AM19*AO19>=6),"A",IF(AND(AL19=3,AM19*AO19>=3),"B",IF(AND(AL19=3,AM19*AO19>=1),"C",""))) | AQ19: ="Scenario-level Threat=2; Step1="&I19&" Step2="&R19&" Step3="&AA19&" Step4="&AJ19&" ; Overall Threat fixed=2, Max Mitigation="&AN19&" => Overall="&AP19
A20: 19 | B20: =SPRV_Source_For_Formulas!D74 | C20: VDI Auth server | D20: 外出先からSASE経由でVDI Auth Serverにアクセスする職員の通信を狙い、Citrix Gatewayの既知の脆弱性（例：CVE-2019-19781 など）を悪用して認証バイパスを実行。正規ユーザになりすまし、庁内ネットワークへの初期侵入に成功。 | E20: 3 | F20: 2 | G20: =IF(SPRV_Source_For_Formulas!G74<=0.2,3,IF(SPRV_Source_For_Formulas!G74<=0.5,2,1)) | H20: =4-G20 | I20: =IF(AND(E20=3,F20*H20>=6),"A",IF(AND(E20=3,F20*H20>=3),"B",IF(AND(E20=3,F20*H20>=1),"C",""))) | J20: 根拠（既知脆弱性への限定対応とβ’モデル基準）： 既知脆弱性に対する対策は技術・運用の両面で確立可能 総務省β’モデル「3.2.3 脆弱性管理」では、重大脆弱性に対し「48時間以内にパッチ適用」などのSLAを定めることが推奨されている。 さらに、「脆弱性の収集 → 影響評価 → 優先順位付け → 修正 → 再確認」の脆弱性管理ライフサイクルが整備されていれば、CVE-2019-19781のような既知の脆弱性はカバー可能。 SASE＋WAF＋ZTNAによる多層防御が機能すれば、侵入リスクは大幅に軽減 WAFにおける既知の攻撃シグネチャ対応は一般的であり、IDS/IPSやEDRとの組み合わせで侵入前に阻止できる。 SASEにおけるZTNAの導入により、「未認証端末からの直接到達不可」「職員IDベースの接続制御」「MDMによる端末衛生チェック」が可能。 構成管理や攻撃面最小化（attack surface reduction）も含めた対応が前提 公開Webアプリに対する構成管理（例：DMZ分離、最小限ポート公開、不要機能無効化等）が実施されていれば、既知脆弱性を突かれる余地は少ない。 | K20: =SPRV_Source_For_Formulas!D75 | L20: VDI Auth server | M20: この正規セッションを基盤に、クラウドサービスのリモート接続機能を悪用して攻撃を拡大する： 攻撃者はVDI Auth Server経由で クラウドサービスの管理APIやCLI にリモート接続。 API呼び出しにより 追加の認証サーバ／仮想VDIノードをリモート生成または制御。 正規ユーザの認証セッションを中継し、認証トークンやセッションCookieを奪取。 結果として、VDI認証基盤を横展開起点としてクラウド全体に不正アクセスできる。 → この攻撃は従来のRDP/SSHと異なり、クラウド環境における「リモートAPI利用型の横展開」である点が特徴 | N20: 3 | O20: 2 | P20: =IF(SPRV_Source_For_Formulas!G75<=0.2,3,IF(SPRV_Source_For_Formulas!G75<=0.5,2,1)) | Q20: =4-P20 | R20: =IF(AND(N20=3,O20*Q20>=6),"A",IF(AND(N20=3,O20*Q20>=3),"B",IF(AND(N20=3,O20*Q20>=1),"C",""))) | S20: | 評価観点 | 状況・施策内容 | 評価 | | --------- | ------------------------------------------------------ | ------ | | 認証管理（MFA） | API/CLI操作にもMFA適用済み。VDI Auth経由の管理操作はSTS短期トークン使用を必須化。 | ★★★（3） | | IAM制御 | VDI AuthにCloudリモート操作権限は基本付与されていないが、一部管理者ロールに広範囲権限残存。 | ★★☆（2） | | ログ監視・検知 | CloudTrail＋SIEM連携でAPI操作は可視化。ただしリモートセッション異常検知ルールは一部未整備。 | ★★☆（2） | | 構成管理 | IaC導入済で手動設定は原則不可。ただし例外運用が一部残存。 | ★★☆（2） | | 監査・承認フロー | 月次監査あり。外部委託の操作はチケット承認制。ただし内部管理者の操作はリアルタイム承認なし。 | ★★☆（2） | | T20: =SPRV_Source_For_Formulas!D76 | U20: VDI server | V20: Step1で VDI Auth Serverを突破 し、Step2で 不正クラウドインスタンス生成（T1578.002） に成功した攻撃者は、VDI環境全体を制御するために クラウド管理コマンドを直接行使 。 想定される操作例は以下の通り： クラウド管理API/CLIを使用してVDI Serverの設定変更を実行 仮想NIC設定を変更してC2通信を許可 ストレージスナップショットを外部リージョンへ転送 認証関連構成を改変 VDIログオンポリシーを緩和 管理者アカウントの権限を昇格 痕跡隠蔽 監査ログを削除または外部に退避し検知回避 VDI Serverの構成を一時的に復旧させ、運用担当者に異常を気づかせない → 攻撃の本質は、クラウド環境の“正規管理操作”を不正に実行してVDI基盤を乗っ取る点にあり、検知困難性が非常に高いのが特徴 | W20: 3 | X20: 2 | Y20: =IF(SPRV_Source_For_Formulas!G76<=0.2,3,IF(SPRV_Source_For_Formulas!G76<=0.5,2,1)) | Z20: =4-Y20 | AA20: =IF(AND(W20=3,X20*Z20>=6),"A",IF(AND(W20=3,X20*Z20>=3),"B",IF(AND(W20=3,X20*Z20>=1),"C",""))) | AB20: | 評価観点 | 状況・施策内容 | 評価 | | -------------- | ------------------------------------------------ | ------ | | 認証管理（MFA, STS） | 管理操作にMFA必須、STSトークン利用。攻撃者が認証を突破した場合は正規操作に見える点が残る。 | ★★★（3） | | ログ監査・改ざん防止 | CloudTrail＋WORMで保存されているが、リアルタイム監視が不完全。 | ★★☆（2） | | 管理コマンドの承認フロー | 一部は二重承認あり。ただし運用効率優先で例外許可が散見。 | ★★☆（2） | | IaCによる設定固定 | Terraform導入済だが、一部手動操作が許容されている。 | ★★☆（2） | | SSPM・逸脱検知 | CSPM導入済、SSPMは未導入。異常なAPI操作の自動検知は一部不足。 | ★★☆（2） | | 監査と外部確認 | 月次の内部監査あり。外部監査は年1回。管理コマンドの網羅的確認までは実施されていない。 | ★★☆（2） |→ 総合評価：2.1 → 切り下げて「レベル2」 | AC20: =SPRV_Source_For_Formulas!D77 | AD20: My Number Administrative System on GovCloud | AE20: 攻撃手法の具体化 Step1〜Step3を経て攻撃者は VDI Auth → VDI Serverを経由し、クラウド管理権限を取得済み。 この状態で、攻撃者は My Number System上の業務データを暗号化し、業務停止やデータロックアウトを引き起こす。 想定される攻撃シナリオは以下： クラウド管理API／CLIを利用して、DBボリュームやストレージ（EBS, Blob, RDS等）を強制暗号化。 新しいKMSキーを攻撃者側で生成・割当し、既存キーを削除または無効化。 OSレベルでスクリプトを投入し、ファイルシステム全体を暗号化（Linux LUKS, Windows BitLocker等）。 Cloud Snapshotやバックアップを削除／無効化し、復旧不能状態に誘導。 結果として、マイナンバー業務全体が停止し、行政サービスに甚大な影響が発生する。 | AF20: 3 | AG20: 2 | AH20: =IF(SPRV_Source_For_Formulas!G77<=0.2,3,IF(SPRV_Source_For_Formulas!G77<=0.5,2,1)) | AI20: =4-AH20 | AJ20: =IF(AND(AF20=3,AG20*AI20>=6),"A",IF(AND(AF20=3,AG20*AI20>=3),"B",IF(AND(AF20=3,AG20*AI20>=1),"C",""))) | AK20: | 評価観点 | 状況・施策内容 | 評価 | | ----------------- | ------------------------------------------------------------ | ------ | | データ暗号化制御 | KMSによる暗号化・権限分離は導入済。ただし攻撃者が管理者権限を奪取した場合、正規の暗号化APIを利用され迂回可能。 | ★★☆（2） | | バックアップとリストア体制 | バックアップは定期取得されているが、スナップショット削除防止機能（Vault Lock等）は未導入で、削除耐性に弱点。 | ★★☆（2） | | API監視・検知 | CloudTrail＋SIEMで監査は有効。しかし暗号化コマンドやスナップショット削除のリアルタイム検知ルールは不完全。 | ★★☆（2） | | 承認フロー | 通常業務での暗号化設定変更は承認必須だが、緊急対応・管理者例外が存在し、悪用される可能性を残している。 | ★★☆（2） | | **CSPM／CIEM逸脱検知** | CSPMは導入済。だが暗号化操作やバックアップ削除の挙動検知は限定的。CIEMによる権限逸脱検知も一部のみ適用。 | ★★☆（2） |→総合評価：２ | AL20: =MAX(E20,N20,W20,AF20) | AM20: 2 | AN20: =MAX(G20,P20,Y20,AH20) | AO20: =4-AN20 | AP20: =IF(AND(AL20=3,AM20*AO20>=6),"A",IF(AND(AL20=3,AM20*AO20>=3),"B",IF(AND(AL20=3,AM20*AO20>=1),"C",""))) | AQ20: ="Scenario-level Threat=2; Step1="&I20&" Step2="&R20&" Step3="&AA20&" Step4="&AJ20&" ; Overall Threat fixed=2, Max Mitigation="&AN20&" => Overall="&AP20
A21: 20 | B21: =SPRV_Source_For_Formulas!D78 | C21: VDI Auth server | D21: 外出先からSASE経由でVDI Auth Serverにアクセスする職員の通信を狙い、Citrix Gatewayの既知の脆弱性（例：CVE-2019-19781 など）を悪用して認証バイパスを実行。正規ユーザになりすまし、庁内ネットワークへの初期侵入に成功。 | E21: 3 | F21: 2 | G21: =IF(SPRV_Source_For_Formulas!G78<=0.2,3,IF(SPRV_Source_For_Formulas!G78<=0.5,2,1)) | H21: =4-G21 | I21: =IF(AND(E21=3,F21*H21>=6),"A",IF(AND(E21=3,F21*H21>=3),"B",IF(AND(E21=3,F21*H21>=1),"C",""))) | J21: 根拠（既知脆弱性への限定対応とβ’モデル基準）： 既知脆弱性に対する対策は技術・運用の両面で確立可能 総務省β’モデル「3.2.3 脆弱性管理」では、重大脆弱性に対し「48時間以内にパッチ適用」などのSLAを定めることが推奨されている。 さらに、「脆弱性の収集 → 影響評価 → 優先順位付け → 修正 → 再確認」の脆弱性管理ライフサイクルが整備されていれば、CVE-2019-19781のような既知の脆弱性はカバー可能。 SASE＋WAF＋ZTNAによる多層防御が機能すれば、侵入リスクは大幅に軽減 WAFにおける既知の攻撃シグネチャ対応は一般的であり、IDS/IPSやEDRとの組み合わせで侵入前に阻止できる。 SASEにおけるZTNAの導入により、「未認証端末からの直接到達不可」「職員IDベースの接続制御」「MDMによる端末衛生チェック」が可能。 構成管理や攻撃面最小化（attack surface reduction）も含めた対応が前提 公開Webアプリに対する構成管理（例：DMZ分離、最小限ポート公開、不要機能無効化等）が実施されていれば、既知脆弱性を突かれる余地は少ない。 | K21: =SPRV_Source_For_Formulas!D79 | L21: VDI Auth server | M21: この正規セッションを基盤に、クラウドサービスのリモート接続機能を悪用して攻撃を拡大する： 攻撃者はVDI Auth Server経由で クラウドサービスの管理APIやCLI にリモート接続。 API呼び出しにより 追加の認証サーバ／仮想VDIノードをリモート生成または制御。 正規ユーザの認証セッションを中継し、認証トークンやセッションCookieを奪取。 結果として、VDI認証基盤を横展開起点としてクラウド全体に不正アクセスできる。 → この攻撃は従来のRDP/SSHと異なり、クラウド環境における「リモートAPI利用型の横展開」である点が特徴 | N21: 3 | O21: 2 | P21: =IF(SPRV_Source_For_Formulas!G79<=0.2,3,IF(SPRV_Source_For_Formulas!G79<=0.5,2,1)) | Q21: =4-P21 | R21: =IF(AND(N21=3,O21*Q21>=6),"A",IF(AND(N21=3,O21*Q21>=3),"B",IF(AND(N21=3,O21*Q21>=1),"C",""))) | S21: | 評価観点 | 状況・施策内容 | 評価 | | --------- | ------------------------------------------------------ | ------ | | 認証管理（MFA） | API/CLI操作にもMFA適用済み。VDI Auth経由の管理操作はSTS短期トークン使用を必須化。 | ★★★（3） | | IAM制御 | VDI AuthにCloudリモート操作権限は基本付与されていないが、一部管理者ロールに広範囲権限残存。 | ★★☆（2） | | ログ監視・検知 | CloudTrail＋SIEM連携でAPI操作は可視化。ただしリモートセッション異常検知ルールは一部未整備。 | ★★☆（2） | | 構成管理 | IaC導入済で手動設定は原則不可。ただし例外運用が一部残存。 | ★★☆（2） | | 監査・承認フロー | 月次監査あり。外部委託の操作はチケット承認制。ただし内部管理者の操作はリアルタイム承認なし。 | ★★☆（2） | | T21: =SPRV_Source_For_Formulas!D80 | U21: VDI server | V21: Step1で VDI Auth Serverを突破 し、Step2で 不正クラウドインスタンス生成（T1578.002） に成功した攻撃者は、VDI環境全体を制御するために クラウド管理コマンドを直接行使 。 想定される操作例は以下の通り： クラウド管理API/CLIを使用してVDI Serverの設定変更を実行 仮想NIC設定を変更してC2通信を許可 ストレージスナップショットを外部リージョンへ転送 認証関連構成を改変 VDIログオンポリシーを緩和 管理者アカウントの権限を昇格 痕跡隠蔽 監査ログを削除または外部に退避し検知回避 VDI Serverの構成を一時的に復旧させ、運用担当者に異常を気づかせない → 攻撃の本質は、クラウド環境の“正規管理操作”を不正に実行してVDI基盤を乗っ取る点にあり、検知困難性が非常に高いのが特徴 | W21: 3 | X21: 2 | Y21: =IF(SPRV_Source_For_Formulas!G80<=0.2,3,IF(SPRV_Source_For_Formulas!G80<=0.5,2,1)) | Z21: =4-Y21 | AA21: =IF(AND(W21=3,X21*Z21>=6),"A",IF(AND(W21=3,X21*Z21>=3),"B",IF(AND(W21=3,X21*Z21>=1),"C",""))) | AB21: | 評価観点 | 状況・施策内容 | 評価 | | -------------- | ------------------------------------------------ | ------ | | 認証管理（MFA, STS） | 管理操作にMFA必須、STSトークン利用。攻撃者が認証を突破した場合は正規操作に見える点が残る。 | ★★★（3） | | ログ監査・改ざん防止 | CloudTrail＋WORMで保存されているが、リアルタイム監視が不完全。 | ★★☆（2） | | 管理コマンドの承認フロー | 一部は二重承認あり。ただし運用効率優先で例外許可が散見。 | ★★☆（2） | | IaCによる設定固定 | Terraform導入済だが、一部手動操作が許容されている。 | ★★☆（2） | | SSPM・逸脱検知 | CSPM導入済、SSPMは未導入。異常なAPI操作の自動検知は一部不足。 | ★★☆（2） | | 監査と外部確認 | 月次の内部監査あり。外部監査は年1回。管理コマンドの網羅的確認までは実施されていない。 | ★★☆（2） |→ 総合評価：2.1 → 切り下げて「レベル2」 | AC21: =SPRV_Source_For_Formulas!D81 | AD21: My Number Administrative System on GovCloud | AE21: 攻撃手法の具体化 Step1〜Step3で VDI Auth Server → VDI Server に侵入済みの攻撃者は、最終段階として マイナンバー事務系システムのリソース（特に帯域幅）を不正利用 。 攻撃の具体例： マイナンバーシステム上で稼働する VM／コンテナに不正ソフトを導入し、外部DDoS攻撃の踏み台として帯域を消費。 内部帯域を過剰利用し、正規業務処理の遅延や停止を誘発。 帯域消費によりクラウド課金を膨張させ、経済的損害を与える。 通信トラフィックに混在させて、C2通信やデータ流出を隠蔽。 → この攻撃は 「可用性の破壊」と「リソース濫用」 の両面を狙っており、暗号化攻撃（T1486）と比べても検知が難しい特徴がある。 | AF21: 3 | AG21: 2 | AH21: =IF(SPRV_Source_For_Formulas!G81<=0.2,3,IF(SPRV_Source_For_Formulas!G81<=0.5,2,1)) | AI21: =4-AH21 | AJ21: =IF(AND(AF21=3,AG21*AI21>=6),"A",IF(AND(AF21=3,AG21*AI21>=3),"B",IF(AND(AF21=3,AG21*AI21>=1),"C",""))) | AK21: | 評価観点 | 状況・施策内容 | 評価 | | -------------- | ---------------------------------------------------- | ------ | | 帯域使用監視・検知 | CloudWatch／Monitor等で帯域監視は実施。ただしリアルタイム異常検知ルールは一部未整備。 | ★★☆（2） | | DDoS対策 | 一般的なDDoS対策サービスは契約済。ただし全トラフィック網羅ではなく、業務系ネットワークの一部対象外。 | ★★☆（2） | | 出口通信制御 | Proxy・FWルールで外部接続制御済。ただしVDI経由トラフィックは例外許容ケースあり。 | ★★☆（2） | | CSPM／CIEMによる検知 | 過剰権限は定期監査されるが、自動検知ルールは不十分。帯域逸脱の直接検知機能は限定的。 | ★★☆（2） | | 監査と課金異常モニタリング | 月次監査とクラウド課金監視あり。ただし異常利用を即座にアラート化する仕組みは未導入。 | ★★☆（2） |→ 総合評価：2.0 → レベル2 | AL21: =MAX(E21,N21,W21,AF21) | AM21: 2 | AN21: =MAX(G21,P21,Y21,AH21) | AO21: =4-AN21 | AP21: =IF(AND(AL21=3,AM21*AO21>=6),"A",IF(AND(AL21=3,AM21*AO21>=3),"B",IF(AND(AL21=3,AM21*AO21>=1),"C",""))) | AQ21: ="Scenario-level Threat=2; Step1="&I21&" Step2="&R21&" Step3="&AA21&" Step4="&AJ21&" ; Overall Threat fixed=2, Max Mitigation="&AN21&" => Overall="&AP21
A22: 21 | B22: =SPRV_Source_For_Formulas!D82 | C22: VDI Auth server | D22: 外出先からSASE経由でVDI Auth Serverにアクセスする職員の通信を狙い、Citrix Gatewayの既知の脆弱性（例：CVE-2019-19781 など）を悪用して認証バイパスを実行。正規ユーザになりすまし、庁内ネットワークへの初期侵入に成功。 | E22: 3 | F22: 2 | G22: =IF(SPRV_Source_For_Formulas!G82<=0.2,3,IF(SPRV_Source_For_Formulas!G82<=0.5,2,1)) | H22: =4-G22 | I22: =IF(AND(E22=3,F22*H22>=6),"A",IF(AND(E22=3,F22*H22>=3),"B",IF(AND(E22=3,F22*H22>=1),"C",""))) | J22: 根拠（既知脆弱性への限定対応とβ’モデル基準）： 既知脆弱性に対する対策は技術・運用の両面で確立可能 総務省β’モデル「3.2.3 脆弱性管理」では、重大脆弱性に対し「48時間以内にパッチ適用」などのSLAを定めることが推奨されている。 さらに、「脆弱性の収集 → 影響評価 → 優先順位付け → 修正 → 再確認」の脆弱性管理ライフサイクルが整備されていれば、CVE-2019-19781のような既知の脆弱性はカバー可能。 SASE＋WAF＋ZTNAによる多層防御が機能すれば、侵入リスクは大幅に軽減 WAFにおける既知の攻撃シグネチャ対応は一般的であり、IDS/IPSやEDRとの組み合わせで侵入前に阻止できる。 SASEにおけるZTNAの導入により、「未認証端末からの直接到達不可」「職員IDベースの接続制御」「MDMによる端末衛生チェック」が可能。 構成管理や攻撃面最小化（attack surface reduction）も含めた対応が前提 公開Webアプリに対する構成管理（例：DMZ分離、最小限ポート公開、不要機能無効化等）が実施されていれば、既知脆弱性を突かれる余地は少ない。 | K22: =SPRV_Source_For_Formulas!D83 | L22: VDI Auth server | M22: この正規セッションを基盤に、クラウドサービスのリモート接続機能を悪用して攻撃を拡大する： 攻撃者はVDI Auth Server経由で クラウドサービスの管理APIやCLI にリモート接続。 API呼び出しにより 追加の認証サーバ／仮想VDIノードをリモート生成または制御。 正規ユーザの認証セッションを中継し、認証トークンやセッションCookieを奪取。 結果として、VDI認証基盤を横展開起点としてクラウド全体に不正アクセスできる。 → この攻撃は従来のRDP/SSHと異なり、クラウド環境における「リモートAPI利用型の横展開」である点が特徴 | N22: 3 | O22: 2 | P22: =IF(SPRV_Source_For_Formulas!G83<=0.2,3,IF(SPRV_Source_For_Formulas!G83<=0.5,2,1)) | Q22: =4-P22 | R22: =IF(AND(N22=3,O22*Q22>=6),"A",IF(AND(N22=3,O22*Q22>=3),"B",IF(AND(N22=3,O22*Q22>=1),"C",""))) | S22: | 評価観点 | 状況・施策内容 | 評価 | | --------- | ------------------------------------------------------ | ------ | | 認証管理（MFA） | API/CLI操作にもMFA適用済み。VDI Auth経由の管理操作はSTS短期トークン使用を必須化。 | ★★★（3） | | IAM制御 | VDI AuthにCloudリモート操作権限は基本付与されていないが、一部管理者ロールに広範囲権限残存。 | ★★☆（2） | | ログ監視・検知 | CloudTrail＋SIEM連携でAPI操作は可視化。ただしリモートセッション異常検知ルールは一部未整備。 | ★★☆（2） | | 構成管理 | IaC導入済で手動設定は原則不可。ただし例外運用が一部残存。 | ★★☆（2） | | 監査・承認フロー | 月次監査あり。外部委託の操作はチケット承認制。ただし内部管理者の操作はリアルタイム承認なし。 | ★★☆（2） | | T22: =SPRV_Source_For_Formulas!D84 | U22: VDI server | V22: 攻撃者は Step1・Step2 で VDI Auth Serverに侵入 → 不正クラウドインスタンス作成 に成功。次のStep3では、VDI Serverに保存されているクラウドシークレット管理ストアへのアクセスを悪用します。 具体的な攻撃手法は以下： VDI Serverや関連アプリが利用する Secrets Manager／Key Vault／環境変数ストア を探索。 APIキー、VDI管理者アカウントのパスワード、DB認証情報、トークン等を抽出。 これらのSecretsを用いて、VDI管理コンソールや下位システムへ追加侵入。 認証情報を悪用して横展開や持続的アクセスを確立。 → 特にVDIサーバは「認証の中枢」であるため、Secretsが奪取されると他の全職員アカウントへの侵入ルートに直結するリスクがあります。 | W22: 3 | X22: 2 | Y22: =IF(SPRV_Source_For_Formulas!G84<=0.2,3,IF(SPRV_Source_For_Formulas!G84<=0.5,2,1)) | Z22: =4-Y22 | AA22: =IF(AND(W22=3,X22*Z22>=6),"A",IF(AND(W22=3,X22*Z22>=3),"B",IF(AND(W22=3,X22*Z22>=1),"C",""))) | AB22: | 評価観点 | 状況・施策内容 | 評価 | | ---------------- | ----------------------------------------------- | ------ | | Secretsアクセス制御 | IAMで細粒度制御は導入済。ただし一部広範囲ロールが残存。 | ★★☆（2） | | 暗号化とKMSキー管理 | KMSで暗号化され、鍵は別IAMで管理。 | ★★★（3） | | アクセス監査と検知 | CloudTrail＋SIEMで監査可能だが、Secrets読み取りアラートが遅延検知ベース。 | ★★☆（2） | | Secretsローテーション運用 | 一部自動化済み（APIキー等）、DB認証情報は手動更新が残る。 | ★★☆（2） | | SSPM・逸脱検知 | CSPM導入済、SSPMは未導入で逸脱検知は限定的。 | ★★☆（2） | | 承認フロー・監査 | 外部委託者操作は承認必須。内部管理者操作は承認不要ケースあり。 | ★★☆（2） |→ 総合評価：2.2 → 切り下げて「レベル2」 | AC22: =SPRV_Source_For_Formulas!D85 | AD22: My Number Administrative System on GovCloud | AE22: クラウド上のリソースを乗っ取り、計算資源を仮想通貨マイニングなどの目的で不正利用（Resource Hijacking）。 | AF22: 3 | AG22: 2 | AH22: =IF(SPRV_Source_For_Formulas!G85<=0.2,3,IF(SPRV_Source_For_Formulas!G85<=0.5,2,1)) | AI22: =4-AH22 | AJ22: =IF(AND(AF22=3,AG22*AI22>=6),"A",IF(AND(AF22=3,AG22*AI22>=3),"B",IF(AND(AF22=3,AG22*AI22>=1),"C",""))) | AK22: β’モデル＋ガバメントクラウド資料にてIAM最小権限、API監査、CSPM運用が整備されていれば、有効性は高い。ただし初期検知遅延やアラート無視等には注意が必要。 | AL22: =MAX(E22,N22,W22,AF22) | AM22: 2 | AN22: =MAX(G22,P22,Y22,AH22) | AO22: =4-AN22 | AP22: =IF(AND(AL22=3,AM22*AO22>=6),"A",IF(AND(AL22=3,AM22*AO22>=3),"B",IF(AND(AL22=3,AM22*AO22>=1),"C",""))) | AQ22: ="Scenario-level Threat=2; Step1="&I22&" Step2="&R22&" Step3="&AA22&" Step4="&AJ22&" ; Overall Threat fixed=2, Max Mitigation="&AN22&" => Overall="&AP22
A23: 22 | B23: =SPRV_Source_For_Formulas!D86 | C23: VDI Auth server | D23: 外出先からSASE経由でVDI Auth Serverにアクセスする職員の通信を狙い、Citrix Gatewayの既知の脆弱性（例：CVE-2019-19781 など）を悪用して認証バイパスを実行。正規ユーザになりすまし、庁内ネットワークへの初期侵入に成功。 | E23: 3 | F23: 2 | G23: =IF(SPRV_Source_For_Formulas!G86<=0.2,3,IF(SPRV_Source_For_Formulas!G86<=0.5,2,1)) | H23: =4-G23 | I23: =IF(AND(E23=3,F23*H23>=6),"A",IF(AND(E23=3,F23*H23>=3),"B",IF(AND(E23=3,F23*H23>=1),"C",""))) | J23: 根拠（既知脆弱性への限定対応とβ’モデル基準）： 既知脆弱性に対する対策は技術・運用の両面で確立可能 総務省β’モデル「3.2.3 脆弱性管理」では、重大脆弱性に対し「48時間以内にパッチ適用」などのSLAを定めることが推奨されている。 さらに、「脆弱性の収集 → 影響評価 → 優先順位付け → 修正 → 再確認」の脆弱性管理ライフサイクルが整備されていれば、CVE-2019-19781のような既知の脆弱性はカバー可能。 SASE＋WAF＋ZTNAによる多層防御が機能すれば、侵入リスクは大幅に軽減 WAFにおける既知の攻撃シグネチャ対応は一般的であり、IDS/IPSやEDRとの組み合わせで侵入前に阻止できる。 SASEにおけるZTNAの導入により、「未認証端末からの直接到達不可」「職員IDベースの接続制御」「MDMによる端末衛生チェック」が可能。 構成管理や攻撃面最小化（attack surface reduction）も含めた対応が前提 公開Webアプリに対する構成管理（例：DMZ分離、最小限ポート公開、不要機能無効化等）が実施されていれば、既知脆弱性を突かれる余地は少ない。 | K23: =SPRV_Source_For_Formulas!D87 | L23: VDI Auth server | M23: この正規セッションを基盤に、クラウドサービスのリモート接続機能を悪用して攻撃を拡大する： 攻撃者はVDI Auth Server経由で クラウドサービスの管理APIやCLI にリモート接続。 API呼び出しにより 追加の認証サーバ／仮想VDIノードをリモート生成または制御。 正規ユーザの認証セッションを中継し、認証トークンやセッションCookieを奪取。 結果として、VDI認証基盤を横展開起点としてクラウド全体に不正アクセスできる。 → この攻撃は従来のRDP/SSHと異なり、クラウド環境における「リモートAPI利用型の横展開」である点が特徴 | N23: 3 | O23: 2 | P23: =IF(SPRV_Source_For_Formulas!G87<=0.2,3,IF(SPRV_Source_For_Formulas!G87<=0.5,2,1)) | Q23: =4-P23 | R23: =IF(AND(N23=3,O23*Q23>=6),"A",IF(AND(N23=3,O23*Q23>=3),"B",IF(AND(N23=3,O23*Q23>=1),"C",""))) | S23: | 評価観点 | 状況・施策内容 | 評価 | | --------- | ------------------------------------------------------ | ------ | | 認証管理（MFA） | API/CLI操作にもMFA適用済み。VDI Auth経由の管理操作はSTS短期トークン使用を必須化。 | ★★★（3） | | IAM制御 | VDI AuthにCloudリモート操作権限は基本付与されていないが、一部管理者ロールに広範囲権限残存。 | ★★☆（2） | | ログ監視・検知 | CloudTrail＋SIEM連携でAPI操作は可視化。ただしリモートセッション異常検知ルールは一部未整備。 | ★★☆（2） | | 構成管理 | IaC導入済で手動設定は原則不可。ただし例外運用が一部残存。 | ★★☆（2） | | 監査・承認フロー | 月次監査あり。外部委託の操作はチケット承認制。ただし内部管理者の操作はリアルタイム承認なし。 | ★★☆（2） | | T23: =SPRV_Source_For_Formulas!D88 | U23: VDI server | V23: 攻撃者は Step1・Step2 で VDI Auth Serverに侵入 → 不正クラウドインスタンス作成 に成功。次のStep3では、VDI Serverに保存されているクラウドシークレット管理ストアへのアクセスを悪用します。 具体的な攻撃手法は以下： VDI Serverや関連アプリが利用する Secrets Manager／Key Vault／環境変数ストア を探索。 APIキー、VDI管理者アカウントのパスワード、DB認証情報、トークン等を抽出。 これらのSecretsを用いて、VDI管理コンソールや下位システムへ追加侵入。 認証情報を悪用して横展開や持続的アクセスを確立。 → 特にVDIサーバは「認証の中枢」であるため、Secretsが奪取されると他の全職員アカウントへの侵入ルートに直結するリスクがあります。 | W23: 3 | X23: 2 | Y23: =IF(SPRV_Source_For_Formulas!G88<=0.2,3,IF(SPRV_Source_For_Formulas!G88<=0.5,2,1)) | Z23: =4-Y23 | AA23: =IF(AND(W23=3,X23*Z23>=6),"A",IF(AND(W23=3,X23*Z23>=3),"B",IF(AND(W23=3,X23*Z23>=1),"C",""))) | AB23: | 評価観点 | 状況・施策内容 | 評価 | | ---------------- | ----------------------------------------------- | ------ | | Secretsアクセス制御 | IAMで細粒度制御は導入済。ただし一部広範囲ロールが残存。 | ★★☆（2） | | 暗号化とKMSキー管理 | KMSで暗号化され、鍵は別IAMで管理。 | ★★★（3） | | アクセス監査と検知 | CloudTrail＋SIEMで監査可能だが、Secrets読み取りアラートが遅延検知ベース。 | ★★☆（2） | | Secretsローテーション運用 | 一部自動化済み（APIキー等）、DB認証情報は手動更新が残る。 | ★★☆（2） | | SSPM・逸脱検知 | CSPM導入済、SSPMは未導入で逸脱検知は限定的。 | ★★☆（2） | | 承認フロー・監査 | 外部委託者操作は承認必須。内部管理者操作は承認不要ケースあり。 | ★★☆（2） |→ 総合評価：2.2 → 切り下げて「レベル2」 | AC23: =SPRV_Source_For_Formulas!D89 | AD23: My Number Administrative System on GovCloud | AE23: クラウド上の仮想マシンのCPUを乗っ取り、バックグラウンドでマイニングなどの演算処理を行わせる（Compute Hijacking）。 | AF23: 3 | AG23: 2 | AH23: =IF(SPRV_Source_For_Formulas!G89<=0.2,3,IF(SPRV_Source_For_Formulas!G89<=0.5,2,1)) | AI23: =4-AH23 | AJ23: =IF(AND(AF23=3,AG23*AI23>=6),"A",IF(AND(AF23=3,AG23*AI23>=3),"B",IF(AND(AF23=3,AG23*AI23>=1),"C",""))) | AK23: 仮想マシンに対するネットワーク分離、IAM制御、ログ監視により不正操作の抑止・検知が可能。推奨対策と合致。 | AL23: =MAX(E23,N23,W23,AF23) | AM23: 2 | AN23: =MAX(G23,P23,Y23,AH23) | AO23: =4-AN23 | AP23: =IF(AND(AL23=3,AM23*AO23>=6),"A",IF(AND(AL23=3,AM23*AO23>=3),"B",IF(AND(AL23=3,AM23*AO23>=1),"C",""))) | AQ23: ="Scenario-level Threat=2; Step1="&I23&" Step2="&R23&" Step3="&AA23&" Step4="&AJ23&" ; Overall Threat fixed=2, Max Mitigation="&AN23&" => Overall="&AP23
A24: 23 | B24: =SPRV_Source_For_Formulas!D90 | C24: VDI Auth server | D24: 外出先からSASE経由でVDI Auth Serverにアクセスする職員の通信を狙い、Citrix Gatewayの既知の脆弱性（例：CVE-2019-19781 など）を悪用して認証バイパスを実行。正規ユーザになりすまし、庁内ネットワークへの初期侵入に成功。 | E24: 3 | F24: 2 | G24: =IF(SPRV_Source_For_Formulas!G90<=0.2,3,IF(SPRV_Source_For_Formulas!G90<=0.5,2,1)) | H24: =4-G24 | I24: =IF(AND(E24=3,F24*H24>=6),"A",IF(AND(E24=3,F24*H24>=3),"B",IF(AND(E24=3,F24*H24>=1),"C",""))) | J24: 根拠（既知脆弱性への限定対応とβ’モデル基準）： 既知脆弱性に対する対策は技術・運用の両面で確立可能 総務省β’モデル「3.2.3 脆弱性管理」では、重大脆弱性に対し「48時間以内にパッチ適用」などのSLAを定めることが推奨されている。 さらに、「脆弱性の収集 → 影響評価 → 優先順位付け → 修正 → 再確認」の脆弱性管理ライフサイクルが整備されていれば、CVE-2019-19781のような既知の脆弱性はカバー可能。 SASE＋WAF＋ZTNAによる多層防御が機能すれば、侵入リスクは大幅に軽減 WAFにおける既知の攻撃シグネチャ対応は一般的であり、IDS/IPSやEDRとの組み合わせで侵入前に阻止できる。 SASEにおけるZTNAの導入により、「未認証端末からの直接到達不可」「職員IDベースの接続制御」「MDMによる端末衛生チェック」が可能。 構成管理や攻撃面最小化（attack surface reduction）も含めた対応が前提 公開Webアプリに対する構成管理（例：DMZ分離、最小限ポート公開、不要機能無効化等）が実施されていれば、既知脆弱性を突かれる余地は少ない。 | K24: =SPRV_Source_For_Formulas!D91 | L24: VDI Auth server | M24: この正規セッションを基盤に、クラウドサービスのリモート接続機能を悪用して攻撃を拡大する： 攻撃者はVDI Auth Server経由で クラウドサービスの管理APIやCLI にリモート接続。 API呼び出しにより 追加の認証サーバ／仮想VDIノードをリモート生成または制御。 正規ユーザの認証セッションを中継し、認証トークンやセッションCookieを奪取。 結果として、VDI認証基盤を横展開起点としてクラウド全体に不正アクセスできる。 → この攻撃は従来のRDP/SSHと異なり、クラウド環境における「リモートAPI利用型の横展開」である点が特徴 | N24: 3 | O24: 2 | P24: =IF(SPRV_Source_For_Formulas!G91<=0.2,3,IF(SPRV_Source_For_Formulas!G91<=0.5,2,1)) | Q24: =4-P24 | R24: =IF(AND(N24=3,O24*Q24>=6),"A",IF(AND(N24=3,O24*Q24>=3),"B",IF(AND(N24=3,O24*Q24>=1),"C",""))) | S24: | 評価観点 | 状況・施策内容 | 評価 | | --------- | ------------------------------------------------------ | ------ | | 認証管理（MFA） | API/CLI操作にもMFA適用済み。VDI Auth経由の管理操作はSTS短期トークン使用を必須化。 | ★★★（3） | | IAM制御 | VDI AuthにCloudリモート操作権限は基本付与されていないが、一部管理者ロールに広範囲権限残存。 | ★★☆（2） | | ログ監視・検知 | CloudTrail＋SIEM連携でAPI操作は可視化。ただしリモートセッション異常検知ルールは一部未整備。 | ★★☆（2） | | 構成管理 | IaC導入済で手動設定は原則不可。ただし例外運用が一部残存。 | ★★☆（2） | | 監査・承認フロー | 月次監査あり。外部委託の操作はチケット承認制。ただし内部管理者の操作はリアルタイム承認なし。 | ★★☆（2） | | T24: =SPRV_Source_For_Formulas!D92 | U24: VDI server | V24: 攻撃者は Step1・Step2 で VDI Auth Serverに侵入 → 不正クラウドインスタンス作成 に成功。次のStep3では、VDI Serverに保存されているクラウドシークレット管理ストアへのアクセスを悪用します。 具体的な攻撃手法は以下： VDI Serverや関連アプリが利用する Secrets Manager／Key Vault／環境変数ストア を探索。 APIキー、VDI管理者アカウントのパスワード、DB認証情報、トークン等を抽出。 これらのSecretsを用いて、VDI管理コンソールや下位システムへ追加侵入。 認証情報を悪用して横展開や持続的アクセスを確立。 → 特にVDIサーバは「認証の中枢」であるため、Secretsが奪取されると他の全職員アカウントへの侵入ルートに直結するリスクがあります。 | W24: 3 | X24: 2 | Y24: =IF(SPRV_Source_For_Formulas!G92<=0.2,3,IF(SPRV_Source_For_Formulas!G92<=0.5,2,1)) | Z24: =4-Y24 | AA24: =IF(AND(W24=3,X24*Z24>=6),"A",IF(AND(W24=3,X24*Z24>=3),"B",IF(AND(W24=3,X24*Z24>=1),"C",""))) | AB24: | 評価観点 | 状況・施策内容 | 評価 | | ---------------- | ----------------------------------------------- | ------ | | Secretsアクセス制御 | IAMで細粒度制御は導入済。ただし一部広範囲ロールが残存。 | ★★☆（2） | | 暗号化とKMSキー管理 | KMSで暗号化され、鍵は別IAMで管理。 | ★★★（3） | | アクセス監査と検知 | CloudTrail＋SIEMで監査可能だが、Secrets読み取りアラートが遅延検知ベース。 | ★★☆（2） | | Secretsローテーション運用 | 一部自動化済み（APIキー等）、DB認証情報は手動更新が残る。 | ★★☆（2） | | SSPM・逸脱検知 | CSPM導入済、SSPMは未導入で逸脱検知は限定的。 | ★★☆（2） | | 承認フロー・監査 | 外部委託者操作は承認必須。内部管理者操作は承認不要ケースあり。 | ★★☆（2） |→ 総合評価：2.2 → 切り下げて「レベル2」 | AC24: =SPRV_Source_For_Formulas!D93 | AD24: My Number Administrative System on GovCloud | AE24: 攻撃手法の具体化 Step1〜Step3を経て攻撃者は VDI Auth → VDI Serverを経由し、クラウド管理権限を取得済み。 この状態で、攻撃者は My Number System上の業務データを暗号化し、業務停止やデータロックアウトを引き起こす。 想定される攻撃シナリオは以下： クラウド管理API／CLIを利用して、DBボリュームやストレージ（EBS, Blob, RDS等）を強制暗号化。 新しいKMSキーを攻撃者側で生成・割当し、既存キーを削除または無効化。 OSレベルでスクリプトを投入し、ファイルシステム全体を暗号化（Linux LUKS, Windows BitLocker等）。 Cloud Snapshotやバックアップを削除／無効化し、復旧不能状態に誘導。 結果として、マイナンバー業務全体が停止し、行政サービスに甚大な影響が発生する。 | AF24: 3 | AG24: 2 | AH24: =IF(SPRV_Source_For_Formulas!G93<=0.2,3,IF(SPRV_Source_For_Formulas!G93<=0.5,2,1)) | AI24: =4-AH24 | AJ24: =IF(AND(AF24=3,AG24*AI24>=6),"A",IF(AND(AF24=3,AG24*AI24>=3),"B",IF(AND(AF24=3,AG24*AI24>=1),"C",""))) | AK24: | 評価観点 | 状況・施策内容 | 評価 | | ----------------- | ------------------------------------------------------------ | ------ | | データ暗号化制御 | KMSによる暗号化・権限分離は導入済。ただし攻撃者が管理者権限を奪取した場合、正規の暗号化APIを利用され迂回可能。 | ★★☆（2） | | バックアップとリストア体制 | バックアップは定期取得されているが、スナップショット削除防止機能（Vault Lock等）は未導入で、削除耐性に弱点。 | ★★☆（2） | | API監視・検知 | CloudTrail＋SIEMで監査は有効。しかし暗号化コマンドやスナップショット削除のリアルタイム検知ルールは不完全。 | ★★☆（2） | | 承認フロー | 通常業務での暗号化設定変更は承認必須だが、緊急対応・管理者例外が存在し、悪用される可能性を残している。 | ★★☆（2） | | **CSPM／CIEM逸脱検知** | CSPMは導入済。だが暗号化操作やバックアップ削除の挙動検知は限定的。CIEMによる権限逸脱検知も一部のみ適用。 | ★★☆（2） |→総合評価：２ | AL24: =MAX(E24,N24,W24,AF24) | AM24: 2 | AN24: =MAX(G24,P24,Y24,AH24) | AO24: =4-AN24 | AP24: =IF(AND(AL24=3,AM24*AO24>=6),"A",IF(AND(AL24=3,AM24*AO24>=3),"B",IF(AND(AL24=3,AM24*AO24>=1),"C",""))) | AQ24: ="Scenario-level Threat=2; Step1="&I24&" Step2="&R24&" Step3="&AA24&" Step4="&AJ24&" ; Overall Threat fixed=2, Max Mitigation="&AN24&" => Overall="&AP24
A25: 24 | B25: =SPRV_Source_For_Formulas!D94 | C25: VDI Auth server | D25: 外出先からSASE経由でVDI Auth Serverにアクセスする職員の通信を狙い、Citrix Gatewayの既知の脆弱性（例：CVE-2019-19781 など）を悪用して認証バイパスを実行。正規ユーザになりすまし、庁内ネットワークへの初期侵入に成功。 | E25: 3 | F25: 2 | G25: =IF(SPRV_Source_For_Formulas!G94<=0.2,3,IF(SPRV_Source_For_Formulas!G94<=0.5,2,1)) | H25: =4-G25 | I25: =IF(AND(E25=3,F25*H25>=6),"A",IF(AND(E25=3,F25*H25>=3),"B",IF(AND(E25=3,F25*H25>=1),"C",""))) | J25: 根拠（既知脆弱性への限定対応とβ’モデル基準）： 既知脆弱性に対する対策は技術・運用の両面で確立可能 総務省β’モデル「3.2.3 脆弱性管理」では、重大脆弱性に対し「48時間以内にパッチ適用」などのSLAを定めることが推奨されている。 さらに、「脆弱性の収集 → 影響評価 → 優先順位付け → 修正 → 再確認」の脆弱性管理ライフサイクルが整備されていれば、CVE-2019-19781のような既知の脆弱性はカバー可能。 SASE＋WAF＋ZTNAによる多層防御が機能すれば、侵入リスクは大幅に軽減 WAFにおける既知の攻撃シグネチャ対応は一般的であり、IDS/IPSやEDRとの組み合わせで侵入前に阻止できる。 SASEにおけるZTNAの導入により、「未認証端末からの直接到達不可」「職員IDベースの接続制御」「MDMによる端末衛生チェック」が可能。 構成管理や攻撃面最小化（attack surface reduction）も含めた対応が前提 公開Webアプリに対する構成管理（例：DMZ分離、最小限ポート公開、不要機能無効化等）が実施されていれば、既知脆弱性を突かれる余地は少ない。 | K25: =SPRV_Source_For_Formulas!D95 | L25: VDI Auth server | M25: この正規セッションを基盤に、クラウドサービスのリモート接続機能を悪用して攻撃を拡大する： 攻撃者はVDI Auth Server経由で クラウドサービスの管理APIやCLI にリモート接続。 API呼び出しにより 追加の認証サーバ／仮想VDIノードをリモート生成または制御。 正規ユーザの認証セッションを中継し、認証トークンやセッションCookieを奪取。 結果として、VDI認証基盤を横展開起点としてクラウド全体に不正アクセスできる。 → この攻撃は従来のRDP/SSHと異なり、クラウド環境における「リモートAPI利用型の横展開」である点が特徴 | N25: 3 | O25: 2 | P25: =IF(SPRV_Source_For_Formulas!G95<=0.2,3,IF(SPRV_Source_For_Formulas!G95<=0.5,2,1)) | Q25: =4-P25 | R25: =IF(AND(N25=3,O25*Q25>=6),"A",IF(AND(N25=3,O25*Q25>=3),"B",IF(AND(N25=3,O25*Q25>=1),"C",""))) | S25: | 評価観点 | 状況・施策内容 | 評価 | | --------- | ------------------------------------------------------ | ------ | | 認証管理（MFA） | API/CLI操作にもMFA適用済み。VDI Auth経由の管理操作はSTS短期トークン使用を必須化。 | ★★★（3） | | IAM制御 | VDI AuthにCloudリモート操作権限は基本付与されていないが、一部管理者ロールに広範囲権限残存。 | ★★☆（2） | | ログ監視・検知 | CloudTrail＋SIEM連携でAPI操作は可視化。ただしリモートセッション異常検知ルールは一部未整備。 | ★★☆（2） | | 構成管理 | IaC導入済で手動設定は原則不可。ただし例外運用が一部残存。 | ★★☆（2） | | 監査・承認フロー | 月次監査あり。外部委託の操作はチケット承認制。ただし内部管理者の操作はリアルタイム承認なし。 | ★★☆（2） | | T25: =SPRV_Source_For_Formulas!D96 | U25: VDI server | V25: 攻撃者は Step1・Step2 で VDI Auth Serverに侵入 → 不正クラウドインスタンス作成 に成功。次のStep3では、VDI Serverに保存されているクラウドシークレット管理ストアへのアクセスを悪用します。 具体的な攻撃手法は以下： VDI Serverや関連アプリが利用する Secrets Manager／Key Vault／環境変数ストア を探索。 APIキー、VDI管理者アカウントのパスワード、DB認証情報、トークン等を抽出。 これらのSecretsを用いて、VDI管理コンソールや下位システムへ追加侵入。 認証情報を悪用して横展開や持続的アクセスを確立。 → 特にVDIサーバは「認証の中枢」であるため、Secretsが奪取されると他の全職員アカウントへの侵入ルートに直結するリスクがあります。 | W25: 3 | X25: 2 | Y25: =IF(SPRV_Source_For_Formulas!G96<=0.2,3,IF(SPRV_Source_For_Formulas!G96<=0.5,2,1)) | Z25: =4-Y25 | AA25: =IF(AND(W25=3,X25*Z25>=6),"A",IF(AND(W25=3,X25*Z25>=3),"B",IF(AND(W25=3,X25*Z25>=1),"C",""))) | AB25: | 評価観点 | 状況・施策内容 | 評価 | | ---------------- | ----------------------------------------------- | ------ | | Secretsアクセス制御 | IAMで細粒度制御は導入済。ただし一部広範囲ロールが残存。 | ★★☆（2） | | 暗号化とKMSキー管理 | KMSで暗号化され、鍵は別IAMで管理。 | ★★★（3） | | アクセス監査と検知 | CloudTrail＋SIEMで監査可能だが、Secrets読み取りアラートが遅延検知ベース。 | ★★☆（2） | | Secretsローテーション運用 | 一部自動化済み（APIキー等）、DB認証情報は手動更新が残る。 | ★★☆（2） | | SSPM・逸脱検知 | CSPM導入済、SSPMは未導入で逸脱検知は限定的。 | ★★☆（2） | | 承認フロー・監査 | 外部委託者操作は承認必須。内部管理者操作は承認不要ケースあり。 | ★★☆（2） |→ 総合評価：2.2 → 切り下げて「レベル2」 | AC25: =SPRV_Source_For_Formulas!D97 | AD25: My Number Administrative System on GovCloud | AE25: 攻撃手法の具体化 Step1〜Step3で VDI Auth Server → VDI Server に侵入済みの攻撃者は、最終段階として マイナンバー事務系システムのリソース（特に帯域幅）を不正利用 。 攻撃の具体例： マイナンバーシステム上で稼働する VM／コンテナに不正ソフトを導入し、外部DDoS攻撃の踏み台として帯域を消費。 内部帯域を過剰利用し、正規業務処理の遅延や停止を誘発。 帯域消費によりクラウド課金を膨張させ、経済的損害を与える。 通信トラフィックに混在させて、C2通信やデータ流出を隠蔽。 → この攻撃は 「可用性の破壊」と「リソース濫用」 の両面を狙っており、暗号化攻撃（T1486）と比べても検知が難しい特徴がある。 | AF25: 3 | AG25: 2 | AH25: =IF(SPRV_Source_For_Formulas!G97<=0.2,3,IF(SPRV_Source_For_Formulas!G97<=0.5,2,1)) | AI25: =4-AH25 | AJ25: =IF(AND(AF25=3,AG25*AI25>=6),"A",IF(AND(AF25=3,AG25*AI25>=3),"B",IF(AND(AF25=3,AG25*AI25>=1),"C",""))) | AK25: | 評価観点 | 状況・施策内容 | 評価 | | -------------- | ---------------------------------------------------- | ------ | | 帯域使用監視・検知 | CloudWatch／Monitor等で帯域監視は実施。ただしリアルタイム異常検知ルールは一部未整備。 | ★★☆（2） | | DDoS対策 | 一般的なDDoS対策サービスは契約済。ただし全トラフィック網羅ではなく、業務系ネットワークの一部対象外。 | ★★☆（2） | | 出口通信制御 | Proxy・FWルールで外部接続制御済。ただしVDI経由トラフィックは例外許容ケースあり。 | ★★☆（2） | | CSPM／CIEMによる検知 | 過剰権限は定期監査されるが、自動検知ルールは不十分。帯域逸脱の直接検知機能は限定的。 | ★★☆（2） | | 監査と課金異常モニタリング | 月次監査とクラウド課金監視あり。ただし異常利用を即座にアラート化する仕組みは未導入。 | ★★☆（2） |→ 総合評価：2.0 → レベル2 | AL25: =MAX(E25,N25,W25,AF25) | AM25: 2 | AN25: =MAX(G25,P25,Y25,AH25) | AO25: =4-AN25 | AP25: =IF(AND(AL25=3,AM25*AO25>=6),"A",IF(AND(AL25=3,AM25*AO25>=3),"B",IF(AND(AL25=3,AM25*AO25>=1),"C",""))) | AQ25: ="Scenario-level Threat=2; Step1="&I25&" Step2="&R25&" Step3="&AA25&" Step4="&AJ25&" ; Overall Threat fixed=2, Max Mitigation="&AN25&" => Overall="&AP25
A26: 25 | B26: =SPRV_Source_For_Formulas!D98 | C26: VDI Auth server | D26: 外出先からSASE経由でVDI Auth Serverにアクセスする職員の通信を狙い、Citrix Gatewayの既知の脆弱性（例：CVE-2019-19781 など）を悪用して認証バイパスを実行。正規ユーザになりすまし、庁内ネットワークへの初期侵入に成功。 | E26: 3 | F26: 2 | G26: =IF(SPRV_Source_For_Formulas!G98<=0.2,3,IF(SPRV_Source_For_Formulas!G98<=0.5,2,1)) | H26: =4-G26 | I26: =IF(AND(E26=3,F26*H26>=6),"A",IF(AND(E26=3,F26*H26>=3),"B",IF(AND(E26=3,F26*H26>=1),"C",""))) | J26: 根拠（既知脆弱性への限定対応とβ’モデル基準）： 既知脆弱性に対する対策は技術・運用の両面で確立可能 総務省β’モデル「3.2.3 脆弱性管理」では、重大脆弱性に対し「48時間以内にパッチ適用」などのSLAを定めることが推奨されている。 さらに、「脆弱性の収集 → 影響評価 → 優先順位付け → 修正 → 再確認」の脆弱性管理ライフサイクルが整備されていれば、CVE-2019-19781のような既知の脆弱性はカバー可能。 SASE＋WAF＋ZTNAによる多層防御が機能すれば、侵入リスクは大幅に軽減 WAFにおける既知の攻撃シグネチャ対応は一般的であり、IDS/IPSやEDRとの組み合わせで侵入前に阻止できる。 SASEにおけるZTNAの導入により、「未認証端末からの直接到達不可」「職員IDベースの接続制御」「MDMによる端末衛生チェック」が可能。 構成管理や攻撃面最小化（attack surface reduction）も含めた対応が前提 公開Webアプリに対する構成管理（例：DMZ分離、最小限ポート公開、不要機能無効化等）が実施されていれば、既知脆弱性を突かれる余地は少ない。 | K26: =SPRV_Source_For_Formulas!D99 | L26: VDI Auth server | M26: この正規セッションを基盤に、クラウドサービスのリモート接続機能を悪用して攻撃を拡大する： 攻撃者はVDI Auth Server経由で クラウドサービスの管理APIやCLI にリモート接続。 API呼び出しにより 追加の認証サーバ／仮想VDIノードをリモート生成または制御。 正規ユーザの認証セッションを中継し、認証トークンやセッションCookieを奪取。 結果として、VDI認証基盤を横展開起点としてクラウド全体に不正アクセスできる。 → この攻撃は従来のRDP/SSHと異なり、クラウド環境における「リモートAPI利用型の横展開」である点が特徴 | N26: 3 | O26: 2 | P26: =IF(SPRV_Source_For_Formulas!G99<=0.2,3,IF(SPRV_Source_For_Formulas!G99<=0.5,2,1)) | Q26: =4-P26 | R26: =IF(AND(N26=3,O26*Q26>=6),"A",IF(AND(N26=3,O26*Q26>=3),"B",IF(AND(N26=3,O26*Q26>=1),"C",""))) | S26: | 評価観点 | 状況・施策内容 | 評価 | | --------- | ------------------------------------------------------ | ------ | | 認証管理（MFA） | API/CLI操作にもMFA適用済み。VDI Auth経由の管理操作はSTS短期トークン使用を必須化。 | ★★★（3） | | IAM制御 | VDI AuthにCloudリモート操作権限は基本付与されていないが、一部管理者ロールに広範囲権限残存。 | ★★☆（2） | | ログ監視・検知 | CloudTrail＋SIEM連携でAPI操作は可視化。ただしリモートセッション異常検知ルールは一部未整備。 | ★★☆（2） | | 構成管理 | IaC導入済で手動設定は原則不可。ただし例外運用が一部残存。 | ★★☆（2） | | 監査・承認フロー | 月次監査あり。外部委託の操作はチケット承認制。ただし内部管理者の操作はリアルタイム承認なし。 | ★★☆（2） | | T26: =SPRV_Source_For_Formulas!D100 | U26: VDI server | V26: クラウドAPI（例：AWS CLI, Azure PowerShell）を使い、スクリプトによりVM操作や環境変更などの自動化攻撃を実施。 | W26: 3 | X26: 2 | Y26: =IF(SPRV_Source_For_Formulas!G100<=0.2,3,IF(SPRV_Source_For_Formulas!G100<=0.5,2,1)) | Z26: =4-Y26 | AA26: =IF(AND(W26=3,X26*Z26>=6),"A",IF(AND(W26=3,X26*Z26>=3),"B",IF(AND(W26=3,X26*Z26>=1),"C",""))) | AB26: β’モデル「3.3.6 コマンド実行制御」や「3.2.3 脆弱性管理」、Cloud API利用は正規用途でもあり、異常操作の見分けが困難、CSPMやSIEMによる振る舞い監視が必要だが完全ではない | AC26: =SPRV_Source_For_Formulas!D101 | AD26: My Number Administrative System on GovCloud | AE26: 不正に作成・制御されたクラウドリソースを使い、他目的（暗号資産採掘など）で利用。 | AF26: 3 | AG26: 2 | AH26: =IF(SPRV_Source_For_Formulas!G101<=0.2,3,IF(SPRV_Source_For_Formulas!G101<=0.5,2,1)) | AI26: =4-AH26 | AJ26: =IF(AND(AF26=3,AG26*AI26>=6),"A",IF(AND(AF26=3,AG26*AI26>=3),"B",IF(AND(AF26=3,AG26*AI26>=1),"C",""))) | AK26: β’モデル＋ガバメントクラウド資料にてIAM最小権限、API監査、CSPM運用が整備されていれば、有効性は高い。ただし初期検知遅延やアラート無視等には注意が必要。 | AL26: =MAX(E26,N26,W26,AF26) | AM26: 2 | AN26: =MAX(G26,P26,Y26,AH26) | AO26: =4-AN26 | AP26: =IF(AND(AL26=3,AM26*AO26>=6),"A",IF(AND(AL26=3,AM26*AO26>=3),"B",IF(AND(AL26=3,AM26*AO26>=1),"C",""))) | AQ26: ="Scenario-level Threat=2; Step1="&I26&" Step2="&R26&" Step3="&AA26&" Step4="&AJ26&" ; Overall Threat fixed=2, Max Mitigation="&AN26&" => Overall="&AP26
A27: 26 | B27: =SPRV_Source_For_Formulas!D102 | C27: VDI Auth server | D27: 外出先からSASE経由でVDI Auth Serverにアクセスする職員の通信を狙い、Citrix Gatewayの既知の脆弱性（例：CVE-2019-19781 など）を悪用して認証バイパスを実行。正規ユーザになりすまし、庁内ネットワークへの初期侵入に成功。 | E27: 3 | F27: 2 | G27: =IF(SPRV_Source_For_Formulas!G102<=0.2,3,IF(SPRV_Source_For_Formulas!G102<=0.5,2,1)) | H27: =4-G27 | I27: =IF(AND(E27=3,F27*H27>=6),"A",IF(AND(E27=3,F27*H27>=3),"B",IF(AND(E27=3,F27*H27>=1),"C",""))) | J27: 根拠（既知脆弱性への限定対応とβ’モデル基準）： 既知脆弱性に対する対策は技術・運用の両面で確立可能 総務省β’モデル「3.2.3 脆弱性管理」では、重大脆弱性に対し「48時間以内にパッチ適用」などのSLAを定めることが推奨されている。 さらに、「脆弱性の収集 → 影響評価 → 優先順位付け → 修正 → 再確認」の脆弱性管理ライフサイクルが整備されていれば、CVE-2019-19781のような既知の脆弱性はカバー可能。 SASE＋WAF＋ZTNAによる多層防御が機能すれば、侵入リスクは大幅に軽減 WAFにおける既知の攻撃シグネチャ対応は一般的であり、IDS/IPSやEDRとの組み合わせで侵入前に阻止できる。 SASEにおけるZTNAの導入により、「未認証端末からの直接到達不可」「職員IDベースの接続制御」「MDMによる端末衛生チェック」が可能。 構成管理や攻撃面最小化（attack surface reduction）も含めた対応が前提 公開Webアプリに対する構成管理（例：DMZ分離、最小限ポート公開、不要機能無効化等）が実施されていれば、既知脆弱性を突かれる余地は少ない。 | K27: =SPRV_Source_For_Formulas!D103 | L27: VDI Auth server | M27: この正規セッションを基盤に、クラウドサービスのリモート接続機能を悪用して攻撃を拡大する： 攻撃者はVDI Auth Server経由で クラウドサービスの管理APIやCLI にリモート接続。 API呼び出しにより 追加の認証サーバ／仮想VDIノードをリモート生成または制御。 正規ユーザの認証セッションを中継し、認証トークンやセッションCookieを奪取。 結果として、VDI認証基盤を横展開起点としてクラウド全体に不正アクセスできる。 → この攻撃は従来のRDP/SSHと異なり、クラウド環境における「リモートAPI利用型の横展開」である点が特徴 | N27: 3 | O27: 2 | P27: =IF(SPRV_Source_For_Formulas!G103<=0.2,3,IF(SPRV_Source_For_Formulas!G103<=0.5,2,1)) | Q27: =4-P27 | R27: =IF(AND(N27=3,O27*Q27>=6),"A",IF(AND(N27=3,O27*Q27>=3),"B",IF(AND(N27=3,O27*Q27>=1),"C",""))) | S27: | 評価観点 | 状況・施策内容 | 評価 | | --------- | ------------------------------------------------------ | ------ | | 認証管理（MFA） | API/CLI操作にもMFA適用済み。VDI Auth経由の管理操作はSTS短期トークン使用を必須化。 | ★★★（3） | | IAM制御 | VDI AuthにCloudリモート操作権限は基本付与されていないが、一部管理者ロールに広範囲権限残存。 | ★★☆（2） | | ログ監視・検知 | CloudTrail＋SIEM連携でAPI操作は可視化。ただしリモートセッション異常検知ルールは一部未整備。 | ★★☆（2） | | 構成管理 | IaC導入済で手動設定は原則不可。ただし例外運用が一部残存。 | ★★☆（2） | | 監査・承認フロー | 月次監査あり。外部委託の操作はチケット承認制。ただし内部管理者の操作はリアルタイム承認なし。 | ★★☆（2） | | T27: =SPRV_Source_For_Formulas!D104 | U27: VDI server | V27: クラウドAPI（例：AWS CLI, Azure PowerShell）を使い、スクリプトによりVM操作や環境変更などの自動化攻撃を実施。 | W27: 3 | X27: 2 | Y27: =IF(SPRV_Source_For_Formulas!G104<=0.2,3,IF(SPRV_Source_For_Formulas!G104<=0.5,2,1)) | Z27: =4-Y27 | AA27: =IF(AND(W27=3,X27*Z27>=6),"A",IF(AND(W27=3,X27*Z27>=3),"B",IF(AND(W27=3,X27*Z27>=1),"C",""))) | AB27: β’モデル「3.3.6 コマンド実行制御」や「3.2.3 脆弱性管理」、Cloud API利用は正規用途でもあり、異常操作の見分けが困難、CSPMやSIEMによる振る舞い監視が必要だが完全ではない | AC27: =SPRV_Source_For_Formulas!D105 | AD27: My Number Administrative System on GovCloud | AE27: クラウド上でコンピューティングリソース（VMなど）を占有し、目的外（マイニング等）で使用。 | AF27: 3 | AG27: 2 | AH27: =IF(SPRV_Source_For_Formulas!G105<=0.2,3,IF(SPRV_Source_For_Formulas!G105<=0.5,2,1)) | AI27: =4-AH27 | AJ27: =IF(AND(AF27=3,AG27*AI27>=6),"A",IF(AND(AF27=3,AG27*AI27>=3),"B",IF(AND(AF27=3,AG27*AI27>=1),"C",""))) | AK27: 仮想マシンに対するネットワーク分離、IAM制御、ログ監視により不正操作の抑止・検知が可能。推奨対策と合致。 | AL27: =MAX(E27,N27,W27,AF27) | AM27: 2 | AN27: =MAX(G27,P27,Y27,AH27) | AO27: =4-AN27 | AP27: =IF(AND(AL27=3,AM27*AO27>=6),"A",IF(AND(AL27=3,AM27*AO27>=3),"B",IF(AND(AL27=3,AM27*AO27>=1),"C",""))) | AQ27: ="Scenario-level Threat=2; Step1="&I27&" Step2="&R27&" Step3="&AA27&" Step4="&AJ27&" ; Overall Threat fixed=2, Max Mitigation="&AN27&" => Overall="&AP27
A28: 27 | B28: =SPRV_Source_For_Formulas!D106 | C28: VDI Auth server | D28: 外出先からSASE経由でVDI Auth Serverにアクセスする職員の通信を狙い、Citrix Gatewayの既知の脆弱性（例：CVE-2019-19781 など）を悪用して認証バイパスを実行。正規ユーザになりすまし、庁内ネットワークへの初期侵入に成功。 | E28: 3 | F28: 2 | G28: =IF(SPRV_Source_For_Formulas!G106<=0.2,3,IF(SPRV_Source_For_Formulas!G106<=0.5,2,1)) | H28: =4-G28 | I28: =IF(AND(E28=3,F28*H28>=6),"A",IF(AND(E28=3,F28*H28>=3),"B",IF(AND(E28=3,F28*H28>=1),"C",""))) | J28: 根拠（既知脆弱性への限定対応とβ’モデル基準）： 既知脆弱性に対する対策は技術・運用の両面で確立可能 総務省β’モデル「3.2.3 脆弱性管理」では、重大脆弱性に対し「48時間以内にパッチ適用」などのSLAを定めることが推奨されている。 さらに、「脆弱性の収集 → 影響評価 → 優先順位付け → 修正 → 再確認」の脆弱性管理ライフサイクルが整備されていれば、CVE-2019-19781のような既知の脆弱性はカバー可能。 SASE＋WAF＋ZTNAによる多層防御が機能すれば、侵入リスクは大幅に軽減 WAFにおける既知の攻撃シグネチャ対応は一般的であり、IDS/IPSやEDRとの組み合わせで侵入前に阻止できる。 SASEにおけるZTNAの導入により、「未認証端末からの直接到達不可」「職員IDベースの接続制御」「MDMによる端末衛生チェック」が可能。 構成管理や攻撃面最小化（attack surface reduction）も含めた対応が前提 公開Webアプリに対する構成管理（例：DMZ分離、最小限ポート公開、不要機能無効化等）が実施されていれば、既知脆弱性を突かれる余地は少ない。 | K28: =SPRV_Source_For_Formulas!D107 | L28: VDI Auth server | M28: この正規セッションを基盤に、クラウドサービスのリモート接続機能を悪用して攻撃を拡大する： 攻撃者はVDI Auth Server経由で クラウドサービスの管理APIやCLI にリモート接続。 API呼び出しにより 追加の認証サーバ／仮想VDIノードをリモート生成または制御。 正規ユーザの認証セッションを中継し、認証トークンやセッションCookieを奪取。 結果として、VDI認証基盤を横展開起点としてクラウド全体に不正アクセスできる。 → この攻撃は従来のRDP/SSHと異なり、クラウド環境における「リモートAPI利用型の横展開」である点が特徴 | N28: 3 | O28: 2 | P28: =IF(SPRV_Source_For_Formulas!G107<=0.2,3,IF(SPRV_Source_For_Formulas!G107<=0.5,2,1)) | Q28: =4-P28 | R28: =IF(AND(N28=3,O28*Q28>=6),"A",IF(AND(N28=3,O28*Q28>=3),"B",IF(AND(N28=3,O28*Q28>=1),"C",""))) | S28: | 評価観点 | 状況・施策内容 | 評価 | | --------- | ------------------------------------------------------ | ------ | | 認証管理（MFA） | API/CLI操作にもMFA適用済み。VDI Auth経由の管理操作はSTS短期トークン使用を必須化。 | ★★★（3） | | IAM制御 | VDI AuthにCloudリモート操作権限は基本付与されていないが、一部管理者ロールに広範囲権限残存。 | ★★☆（2） | | ログ監視・検知 | CloudTrail＋SIEM連携でAPI操作は可視化。ただしリモートセッション異常検知ルールは一部未整備。 | ★★☆（2） | | 構成管理 | IaC導入済で手動設定は原則不可。ただし例外運用が一部残存。 | ★★☆（2） | | 監査・承認フロー | 月次監査あり。外部委託の操作はチケット承認制。ただし内部管理者の操作はリアルタイム承認なし。 | ★★☆（2） | | T28: =SPRV_Source_For_Formulas!D108 | U28: VDI server | V28: クラウドAPI（例：AWS CLI, Azure PowerShell）を使い、スクリプトによりVM操作や環境変更などの自動化攻撃を実施。 | W28: 3 | X28: 2 | Y28: =IF(SPRV_Source_For_Formulas!G108<=0.2,3,IF(SPRV_Source_For_Formulas!G108<=0.5,2,1)) | Z28: =4-Y28 | AA28: =IF(AND(W28=3,X28*Z28>=6),"A",IF(AND(W28=3,X28*Z28>=3),"B",IF(AND(W28=3,X28*Z28>=1),"C",""))) | AB28: β’モデル「3.3.6 コマンド実行制御」や「3.2.3 脆弱性管理」、Cloud API利用は正規用途でもあり、異常操作の見分けが困難、CSPMやSIEMによる振る舞い監視が必要だが完全ではない | AC28: =SPRV_Source_For_Formulas!D109 | AD28: My Number Administrative System on GovCloud | AE28: 攻撃手法の具体化 Step1〜Step3を経て攻撃者は VDI Auth → VDI Serverを経由し、クラウド管理権限を取得済み。 この状態で、攻撃者は My Number System上の業務データを暗号化し、業務停止やデータロックアウトを引き起こす。 想定される攻撃シナリオは以下： クラウド管理API／CLIを利用して、DBボリュームやストレージ（EBS, Blob, RDS等）を強制暗号化。 新しいKMSキーを攻撃者側で生成・割当し、既存キーを削除または無効化。 OSレベルでスクリプトを投入し、ファイルシステム全体を暗号化（Linux LUKS, Windows BitLocker等）。 Cloud Snapshotやバックアップを削除／無効化し、復旧不能状態に誘導。 結果として、マイナンバー業務全体が停止し、行政サービスに甚大な影響が発生する。 | AF28: 3 | AG28: 2 | AH28: =IF(SPRV_Source_For_Formulas!G109<=0.2,3,IF(SPRV_Source_For_Formulas!G109<=0.5,2,1)) | AI28: =4-AH28 | AJ28: =IF(AND(AF28=3,AG28*AI28>=6),"A",IF(AND(AF28=3,AG28*AI28>=3),"B",IF(AND(AF28=3,AG28*AI28>=1),"C",""))) | AK28: | 評価観点 | 状況・施策内容 | 評価 | | ----------------- | ------------------------------------------------------------ | ------ | | データ暗号化制御 | KMSによる暗号化・権限分離は導入済。ただし攻撃者が管理者権限を奪取した場合、正規の暗号化APIを利用され迂回可能。 | ★★☆（2） | | バックアップとリストア体制 | バックアップは定期取得されているが、スナップショット削除防止機能（Vault Lock等）は未導入で、削除耐性に弱点。 | ★★☆（2） | | API監視・検知 | CloudTrail＋SIEMで監査は有効。しかし暗号化コマンドやスナップショット削除のリアルタイム検知ルールは不完全。 | ★★☆（2） | | 承認フロー | 通常業務での暗号化設定変更は承認必須だが、緊急対応・管理者例外が存在し、悪用される可能性を残している。 | ★★☆（2） | | **CSPM／CIEM逸脱検知** | CSPMは導入済。だが暗号化操作やバックアップ削除の挙動検知は限定的。CIEMによる権限逸脱検知も一部のみ適用。 | ★★☆（2） |→総合評価：２ | AL28: =MAX(E28,N28,W28,AF28) | AM28: 2 | AN28: =MAX(G28,P28,Y28,AH28) | AO28: =4-AN28 | AP28: =IF(AND(AL28=3,AM28*AO28>=6),"A",IF(AND(AL28=3,AM28*AO28>=3),"B",IF(AND(AL28=3,AM28*AO28>=1),"C",""))) | AQ28: ="Scenario-level Threat=2; Step1="&I28&" Step2="&R28&" Step3="&AA28&" Step4="&AJ28&" ; Overall Threat fixed=2, Max Mitigation="&AN28&" => Overall="&AP28
A29: 28 | B29: =SPRV_Source_For_Formulas!D110 | C29: VDI Auth server | D29: 外出先からSASE経由でVDI Auth Serverにアクセスする職員の通信を狙い、Citrix Gatewayの既知の脆弱性（例：CVE-2019-19781 など）を悪用して認証バイパスを実行。正規ユーザになりすまし、庁内ネットワークへの初期侵入に成功。 | E29: 3 | F29: 2 | G29: =IF(SPRV_Source_For_Formulas!G110<=0.2,3,IF(SPRV_Source_For_Formulas!G110<=0.5,2,1)) | H29: =4-G29 | I29: =IF(AND(E29=3,F29*H29>=6),"A",IF(AND(E29=3,F29*H29>=3),"B",IF(AND(E29=3,F29*H29>=1),"C",""))) | J29: 根拠（既知脆弱性への限定対応とβ’モデル基準）： 既知脆弱性に対する対策は技術・運用の両面で確立可能 総務省β’モデル「3.2.3 脆弱性管理」では、重大脆弱性に対し「48時間以内にパッチ適用」などのSLAを定めることが推奨されている。 さらに、「脆弱性の収集 → 影響評価 → 優先順位付け → 修正 → 再確認」の脆弱性管理ライフサイクルが整備されていれば、CVE-2019-19781のような既知の脆弱性はカバー可能。 SASE＋WAF＋ZTNAによる多層防御が機能すれば、侵入リスクは大幅に軽減 WAFにおける既知の攻撃シグネチャ対応は一般的であり、IDS/IPSやEDRとの組み合わせで侵入前に阻止できる。 SASEにおけるZTNAの導入により、「未認証端末からの直接到達不可」「職員IDベースの接続制御」「MDMによる端末衛生チェック」が可能。 構成管理や攻撃面最小化（attack surface reduction）も含めた対応が前提 公開Webアプリに対する構成管理（例：DMZ分離、最小限ポート公開、不要機能無効化等）が実施されていれば、既知脆弱性を突かれる余地は少ない。 | K29: =SPRV_Source_For_Formulas!D111 | L29: VDI Auth server | M29: この正規セッションを基盤に、クラウドサービスのリモート接続機能を悪用して攻撃を拡大する： 攻撃者はVDI Auth Server経由で クラウドサービスの管理APIやCLI にリモート接続。 API呼び出しにより 追加の認証サーバ／仮想VDIノードをリモート生成または制御。 正規ユーザの認証セッションを中継し、認証トークンやセッションCookieを奪取。 結果として、VDI認証基盤を横展開起点としてクラウド全体に不正アクセスできる。 → この攻撃は従来のRDP/SSHと異なり、クラウド環境における「リモートAPI利用型の横展開」である点が特徴 | N29: 3 | O29: 2 | P29: =IF(SPRV_Source_For_Formulas!G111<=0.2,3,IF(SPRV_Source_For_Formulas!G111<=0.5,2,1)) | Q29: =4-P29 | R29: =IF(AND(N29=3,O29*Q29>=6),"A",IF(AND(N29=3,O29*Q29>=3),"B",IF(AND(N29=3,O29*Q29>=1),"C",""))) | S29: | 評価観点 | 状況・施策内容 | 評価 | | --------- | ------------------------------------------------------ | ------ | | 認証管理（MFA） | API/CLI操作にもMFA適用済み。VDI Auth経由の管理操作はSTS短期トークン使用を必須化。 | ★★★（3） | | IAM制御 | VDI AuthにCloudリモート操作権限は基本付与されていないが、一部管理者ロールに広範囲権限残存。 | ★★☆（2） | | ログ監視・検知 | CloudTrail＋SIEM連携でAPI操作は可視化。ただしリモートセッション異常検知ルールは一部未整備。 | ★★☆（2） | | 構成管理 | IaC導入済で手動設定は原則不可。ただし例外運用が一部残存。 | ★★☆（2） | | 監査・承認フロー | 月次監査あり。外部委託の操作はチケット承認制。ただし内部管理者の操作はリアルタイム承認なし。 | ★★☆（2） | | T29: =SPRV_Source_For_Formulas!D112 | U29: VDI server | V29: クラウドAPI（例：AWS CLI, Azure PowerShell）を使い、スクリプトによりVM操作や環境変更などの自動化攻撃を実施。 | W29: 3 | X29: 2 | Y29: =IF(SPRV_Source_For_Formulas!G112<=0.2,3,IF(SPRV_Source_For_Formulas!G112<=0.5,2,1)) | Z29: =4-Y29 | AA29: =IF(AND(W29=3,X29*Z29>=6),"A",IF(AND(W29=3,X29*Z29>=3),"B",IF(AND(W29=3,X29*Z29>=1),"C",""))) | AB29: β’モデル「3.3.6 コマンド実行制御」や「3.2.3 脆弱性管理」、Cloud API利用は正規用途でもあり、異常操作の見分けが困難、CSPMやSIEMによる振る舞い監視が必要だが完全ではない | AC29: =SPRV_Source_For_Formulas!D113 | AD29: My Number Administrative System on GovCloud | AE29: 攻撃手法の具体化 Step1〜Step3で VDI Auth Server → VDI Server に侵入済みの攻撃者は、最終段階として マイナンバー事務系システムのリソース（特に帯域幅）を不正利用 。 攻撃の具体例： マイナンバーシステム上で稼働する VM／コンテナに不正ソフトを導入し、外部DDoS攻撃の踏み台として帯域を消費。 内部帯域を過剰利用し、正規業務処理の遅延や停止を誘発。 帯域消費によりクラウド課金を膨張させ、経済的損害を与える。 通信トラフィックに混在させて、C2通信やデータ流出を隠蔽。 → この攻撃は 「可用性の破壊」と「リソース濫用」 の両面を狙っており、暗号化攻撃（T1486）と比べても検知が難しい特徴がある。 | AF29: 3 | AG29: 2 | AH29: =IF(SPRV_Source_For_Formulas!G113<=0.2,3,IF(SPRV_Source_For_Formulas!G113<=0.5,2,1)) | AI29: =4-AH29 | AJ29: =IF(AND(AF29=3,AG29*AI29>=6),"A",IF(AND(AF29=3,AG29*AI29>=3),"B",IF(AND(AF29=3,AG29*AI29>=1),"C",""))) | AK29: | 評価観点 | 状況・施策内容 | 評価 | | -------------- | ---------------------------------------------------- | ------ | | 帯域使用監視・検知 | CloudWatch／Monitor等で帯域監視は実施。ただしリアルタイム異常検知ルールは一部未整備。 | ★★☆（2） | | DDoS対策 | 一般的なDDoS対策サービスは契約済。ただし全トラフィック網羅ではなく、業務系ネットワークの一部対象外。 | ★★☆（2） | | 出口通信制御 | Proxy・FWルールで外部接続制御済。ただしVDI経由トラフィックは例外許容ケースあり。 | ★★☆（2） | | CSPM／CIEMによる検知 | 過剰権限は定期監査されるが、自動検知ルールは不十分。帯域逸脱の直接検知機能は限定的。 | ★★☆（2） | | 監査と課金異常モニタリング | 月次監査とクラウド課金監視あり。ただし異常利用を即座にアラート化する仕組みは未導入。 | ★★☆（2） |→ 総合評価：2.0 → レベル2 | AL29: =MAX(E29,N29,W29,AF29) | AM29: 2 | AN29: =MAX(G29,P29,Y29,AH29) | AO29: =4-AN29 | AP29: =IF(AND(AL29=3,AM29*AO29>=6),"A",IF(AND(AL29=3,AM29*AO29>=3),"B",IF(AND(AL29=3,AM29*AO29>=1),"C",""))) | AQ29: ="Scenario-level Threat=2; Step1="&I29&" Step2="&R29&" Step3="&AA29&" Step4="&AJ29&" ; Overall Threat fixed=2, Max Mitigation="&AN29&" => Overall="&AP29
A30: 29 | B30: =SPRV_Source_For_Formulas!D114 | C30: VDI Auth server | D30: 外出先からSASE経由でVDI Auth Serverにアクセスする職員の通信を狙い、Citrix Gatewayの既知の脆弱性（例：CVE-2019-19781 など）を悪用して認証バイパスを実行。正規ユーザになりすまし、庁内ネットワークへの初期侵入に成功。 | E30: 3 | F30: 2 | G30: =IF(SPRV_Source_For_Formulas!G114<=0.2,3,IF(SPRV_Source_For_Formulas!G114<=0.5,2,1)) | H30: =4-G30 | I30: =IF(AND(E30=3,F30*H30>=6),"A",IF(AND(E30=3,F30*H30>=3),"B",IF(AND(E30=3,F30*H30>=1),"C",""))) | J30: 根拠（既知脆弱性への限定対応とβ’モデル基準）： 既知脆弱性に対する対策は技術・運用の両面で確立可能 総務省β’モデル「3.2.3 脆弱性管理」では、重大脆弱性に対し「48時間以内にパッチ適用」などのSLAを定めることが推奨されている。 さらに、「脆弱性の収集 → 影響評価 → 優先順位付け → 修正 → 再確認」の脆弱性管理ライフサイクルが整備されていれば、CVE-2019-19781のような既知の脆弱性はカバー可能。 SASE＋WAF＋ZTNAによる多層防御が機能すれば、侵入リスクは大幅に軽減 WAFにおける既知の攻撃シグネチャ対応は一般的であり、IDS/IPSやEDRとの組み合わせで侵入前に阻止できる。 SASEにおけるZTNAの導入により、「未認証端末からの直接到達不可」「職員IDベースの接続制御」「MDMによる端末衛生チェック」が可能。 構成管理や攻撃面最小化（attack surface reduction）も含めた対応が前提 公開Webアプリに対する構成管理（例：DMZ分離、最小限ポート公開、不要機能無効化等）が実施されていれば、既知脆弱性を突かれる余地は少ない。 | K30: =SPRV_Source_For_Formulas!D115 | L30: VDI Auth server | M30: この正規セッションを基盤に、クラウドサービスのリモート接続機能を悪用して攻撃を拡大する： 攻撃者はVDI Auth Server経由で クラウドサービスの管理APIやCLI にリモート接続。 API呼び出しにより 追加の認証サーバ／仮想VDIノードをリモート生成または制御。 正規ユーザの認証セッションを中継し、認証トークンやセッションCookieを奪取。 結果として、VDI認証基盤を横展開起点としてクラウド全体に不正アクセスできる。 → この攻撃は従来のRDP/SSHと異なり、クラウド環境における「リモートAPI利用型の横展開」である点が特徴 | N30: 3 | O30: 2 | P30: =IF(SPRV_Source_For_Formulas!G115<=0.2,3,IF(SPRV_Source_For_Formulas!G115<=0.5,2,1)) | Q30: =4-P30 | R30: =IF(AND(N30=3,O30*Q30>=6),"A",IF(AND(N30=3,O30*Q30>=3),"B",IF(AND(N30=3,O30*Q30>=1),"C",""))) | S30: | 評価観点 | 状況・施策内容 | 評価 | | --------- | ------------------------------------------------------ | ------ | | 認証管理（MFA） | API/CLI操作にもMFA適用済み。VDI Auth経由の管理操作はSTS短期トークン使用を必須化。 | ★★★（3） | | IAM制御 | VDI AuthにCloudリモート操作権限は基本付与されていないが、一部管理者ロールに広範囲権限残存。 | ★★☆（2） | | ログ監視・検知 | CloudTrail＋SIEM連携でAPI操作は可視化。ただしリモートセッション異常検知ルールは一部未整備。 | ★★☆（2） | | 構成管理 | IaC導入済で手動設定は原則不可。ただし例外運用が一部残存。 | ★★☆（2） | | 監査・承認フロー | 月次監査あり。外部委託の操作はチケット承認制。ただし内部管理者の操作はリアルタイム承認なし。 | ★★☆（2） | | T30: =SPRV_Source_For_Formulas!D116 | U30: VDI server | V30: クラウドテナントまたはADドメインのグループポリシーを変更し、ログ記録停止・ツール使用許可など攻撃者に有利な構成変更を実施。 | W30: 3 | X30: 2 | Y30: =IF(SPRV_Source_For_Formulas!G116<=0.2,3,IF(SPRV_Source_For_Formulas!G116<=0.5,2,1)) | Z30: =4-Y30 | AA30: =IF(AND(W30=3,X30*Z30>=6),"A",IF(AND(W30=3,X30*Z30>=3),"B",IF(AND(W30=3,X30*Z30>=1),"C",""))) | AB30: β’モデル： 「3.3.1 権限管理」「3.3.5 設定変更検知」「3.4.1 操作記録」等。 補足評価： GPO改変は一度権限を奪取された後に、正規操作として行われる可能性が高く、検知・阻止が難しい。 特にVDI環境などでは検知の即時性に限界があるため、評価「2（低）」は妥当。 | AC30: =SPRV_Source_For_Formulas!D117 | AD30: My Number Administrative System on GovCloud | AE30: 不正にクラウドリソースを確保し、他の目的（例：暗号資産マイニングなど）で利用。 | AF30: 3 | AG30: 2 | AH30: =IF(SPRV_Source_For_Formulas!G117<=0.2,3,IF(SPRV_Source_For_Formulas!G117<=0.5,2,1)) | AI30: =4-AH30 | AJ30: =IF(AND(AF30=3,AG30*AI30>=6),"A",IF(AND(AF30=3,AG30*AI30>=3),"B",IF(AND(AF30=3,AG30*AI30>=1),"C",""))) | AK30: β’モデル＋ガバメントクラウド資料にてIAM最小権限、API監査、CSPM運用が整備されていれば、有効性は高い。ただし初期検知遅延やアラート無視等には注意が必要。 | AL30: =MAX(E30,N30,W30,AF30) | AM30: 2 | AN30: =MAX(G30,P30,Y30,AH30) | AO30: =4-AN30 | AP30: =IF(AND(AL30=3,AM30*AO30>=6),"A",IF(AND(AL30=3,AM30*AO30>=3),"B",IF(AND(AL30=3,AM30*AO30>=1),"C",""))) | AQ30: ="Scenario-level Threat=2; Step1="&I30&" Step2="&R30&" Step3="&AA30&" Step4="&AJ30&" ; Overall Threat fixed=2, Max Mitigation="&AN30&" => Overall="&AP30
A31: 30 | B31: =SPRV_Source_For_Formulas!D118 | C31: VDI Auth server | D31: 外出先からSASE経由でVDI Auth Serverにアクセスする職員の通信を狙い、Citrix Gatewayの既知の脆弱性（例：CVE-2019-19781 など）を悪用して認証バイパスを実行。正規ユーザになりすまし、庁内ネットワークへの初期侵入に成功。 | E31: 3 | F31: 2 | G31: =IF(SPRV_Source_For_Formulas!G118<=0.2,3,IF(SPRV_Source_For_Formulas!G118<=0.5,2,1)) | H31: =4-G31 | I31: =IF(AND(E31=3,F31*H31>=6),"A",IF(AND(E31=3,F31*H31>=3),"B",IF(AND(E31=3,F31*H31>=1),"C",""))) | J31: 根拠（既知脆弱性への限定対応とβ’モデル基準）： 既知脆弱性に対する対策は技術・運用の両面で確立可能 総務省β’モデル「3.2.3 脆弱性管理」では、重大脆弱性に対し「48時間以内にパッチ適用」などのSLAを定めることが推奨されている。 さらに、「脆弱性の収集 → 影響評価 → 優先順位付け → 修正 → 再確認」の脆弱性管理ライフサイクルが整備されていれば、CVE-2019-19781のような既知の脆弱性はカバー可能。 SASE＋WAF＋ZTNAによる多層防御が機能すれば、侵入リスクは大幅に軽減 WAFにおける既知の攻撃シグネチャ対応は一般的であり、IDS/IPSやEDRとの組み合わせで侵入前に阻止できる。 SASEにおけるZTNAの導入により、「未認証端末からの直接到達不可」「職員IDベースの接続制御」「MDMによる端末衛生チェック」が可能。 構成管理や攻撃面最小化（attack surface reduction）も含めた対応が前提 公開Webアプリに対する構成管理（例：DMZ分離、最小限ポート公開、不要機能無効化等）が実施されていれば、既知脆弱性を突かれる余地は少ない。 | K31: =SPRV_Source_For_Formulas!D119 | L31: VDI Auth server | M31: この正規セッションを基盤に、クラウドサービスのリモート接続機能を悪用して攻撃を拡大する： 攻撃者はVDI Auth Server経由で クラウドサービスの管理APIやCLI にリモート接続。 API呼び出しにより 追加の認証サーバ／仮想VDIノードをリモート生成または制御。 正規ユーザの認証セッションを中継し、認証トークンやセッションCookieを奪取。 結果として、VDI認証基盤を横展開起点としてクラウド全体に不正アクセスできる。 → この攻撃は従来のRDP/SSHと異なり、クラウド環境における「リモートAPI利用型の横展開」である点が特徴 | N31: 3 | O31: 2 | P31: =IF(SPRV_Source_For_Formulas!G119<=0.2,3,IF(SPRV_Source_For_Formulas!G119<=0.5,2,1)) | Q31: =4-P31 | R31: =IF(AND(N31=3,O31*Q31>=6),"A",IF(AND(N31=3,O31*Q31>=3),"B",IF(AND(N31=3,O31*Q31>=1),"C",""))) | S31: | 評価観点 | 状況・施策内容 | 評価 | | --------- | ------------------------------------------------------ | ------ | | 認証管理（MFA） | API/CLI操作にもMFA適用済み。VDI Auth経由の管理操作はSTS短期トークン使用を必須化。 | ★★★（3） | | IAM制御 | VDI AuthにCloudリモート操作権限は基本付与されていないが、一部管理者ロールに広範囲権限残存。 | ★★☆（2） | | ログ監視・検知 | CloudTrail＋SIEM連携でAPI操作は可視化。ただしリモートセッション異常検知ルールは一部未整備。 | ★★☆（2） | | 構成管理 | IaC導入済で手動設定は原則不可。ただし例外運用が一部残存。 | ★★☆（2） | | 監査・承認フロー | 月次監査あり。外部委託の操作はチケット承認制。ただし内部管理者の操作はリアルタイム承認なし。 | ★★☆（2） | | T31: =SPRV_Source_For_Formulas!D120 | U31: VDI server | V31: クラウドテナントまたはADドメインのグループポリシーを変更し、ログ記録停止・ツール使用許可など攻撃者に有利な構成変更を実施。 | W31: 3 | X31: 2 | Y31: =IF(SPRV_Source_For_Formulas!G120<=0.2,3,IF(SPRV_Source_For_Formulas!G120<=0.5,2,1)) | Z31: =4-Y31 | AA31: =IF(AND(W31=3,X31*Z31>=6),"A",IF(AND(W31=3,X31*Z31>=3),"B",IF(AND(W31=3,X31*Z31>=1),"C",""))) | AB31: β’モデル： 「3.3.1 権限管理」「3.3.5 設定変更検知」「3.4.1 操作記録」等。 補足評価： GPO改変は一度権限を奪取された後に、正規操作として行われる可能性が高く、検知・阻止が難しい。 特にVDI環境などでは検知の即時性に限界があるため、評価「2（低）」は妥当。 | AC31: =SPRV_Source_For_Formulas!D121 | AD31: My Number Administrative System on GovCloud | AE31: クラウド上のVMにてCPU資源を専有し、マイニングなど不正利用。 | AF31: 3 | AG31: 2 | AH31: =IF(SPRV_Source_For_Formulas!G121<=0.2,3,IF(SPRV_Source_For_Formulas!G121<=0.5,2,1)) | AI31: =4-AH31 | AJ31: =IF(AND(AF31=3,AG31*AI31>=6),"A",IF(AND(AF31=3,AG31*AI31>=3),"B",IF(AND(AF31=3,AG31*AI31>=1),"C",""))) | AK31: 仮想マシンに対するネットワーク分離、IAM制御、ログ監視により不正操作の抑止・検知が可能。推奨対策と合致。 | AL31: =MAX(E31,N31,W31,AF31) | AM31: 2 | AN31: =MAX(G31,P31,Y31,AH31) | AO31: =4-AN31 | AP31: =IF(AND(AL31=3,AM31*AO31>=6),"A",IF(AND(AL31=3,AM31*AO31>=3),"B",IF(AND(AL31=3,AM31*AO31>=1),"C",""))) | AQ31: ="Scenario-level Threat=2; Step1="&I31&" Step2="&R31&" Step3="&AA31&" Step4="&AJ31&" ; Overall Threat fixed=2, Max Mitigation="&AN31&" => Overall="&AP31
A32: 31 | B32: =SPRV_Source_For_Formulas!D122 | C32: VDI Auth server | D32: 外出先からSASE経由でVDI Auth Serverにアクセスする職員の通信を狙い、Citrix Gatewayの既知の脆弱性（例：CVE-2019-19781 など）を悪用して認証バイパスを実行。正規ユーザになりすまし、庁内ネットワークへの初期侵入に成功。 | E32: 3 | F32: 2 | G32: =IF(SPRV_Source_For_Formulas!G122<=0.2,3,IF(SPRV_Source_For_Formulas!G122<=0.5,2,1)) | H32: =4-G32 | I32: =IF(AND(E32=3,F32*H32>=6),"A",IF(AND(E32=3,F32*H32>=3),"B",IF(AND(E32=3,F32*H32>=1),"C",""))) | J32: 根拠（既知脆弱性への限定対応とβ’モデル基準）： 既知脆弱性に対する対策は技術・運用の両面で確立可能 総務省β’モデル「3.2.3 脆弱性管理」では、重大脆弱性に対し「48時間以内にパッチ適用」などのSLAを定めることが推奨されている。 さらに、「脆弱性の収集 → 影響評価 → 優先順位付け → 修正 → 再確認」の脆弱性管理ライフサイクルが整備されていれば、CVE-2019-19781のような既知の脆弱性はカバー可能。 SASE＋WAF＋ZTNAによる多層防御が機能すれば、侵入リスクは大幅に軽減 WAFにおける既知の攻撃シグネチャ対応は一般的であり、IDS/IPSやEDRとの組み合わせで侵入前に阻止できる。 SASEにおけるZTNAの導入により、「未認証端末からの直接到達不可」「職員IDベースの接続制御」「MDMによる端末衛生チェック」が可能。 構成管理や攻撃面最小化（attack surface reduction）も含めた対応が前提 公開Webアプリに対する構成管理（例：DMZ分離、最小限ポート公開、不要機能無効化等）が実施されていれば、既知脆弱性を突かれる余地は少ない。 | K32: =SPRV_Source_For_Formulas!D123 | L32: VDI Auth server | M32: この正規セッションを基盤に、クラウドサービスのリモート接続機能を悪用して攻撃を拡大する： 攻撃者はVDI Auth Server経由で クラウドサービスの管理APIやCLI にリモート接続。 API呼び出しにより 追加の認証サーバ／仮想VDIノードをリモート生成または制御。 正規ユーザの認証セッションを中継し、認証トークンやセッションCookieを奪取。 結果として、VDI認証基盤を横展開起点としてクラウド全体に不正アクセスできる。 → この攻撃は従来のRDP/SSHと異なり、クラウド環境における「リモートAPI利用型の横展開」である点が特徴 | N32: 3 | O32: 2 | P32: =IF(SPRV_Source_For_Formulas!G123<=0.2,3,IF(SPRV_Source_For_Formulas!G123<=0.5,2,1)) | Q32: =4-P32 | R32: =IF(AND(N32=3,O32*Q32>=6),"A",IF(AND(N32=3,O32*Q32>=3),"B",IF(AND(N32=3,O32*Q32>=1),"C",""))) | S32: | 評価観点 | 状況・施策内容 | 評価 | | --------- | ------------------------------------------------------ | ------ | | 認証管理（MFA） | API/CLI操作にもMFA適用済み。VDI Auth経由の管理操作はSTS短期トークン使用を必須化。 | ★★★（3） | | IAM制御 | VDI AuthにCloudリモート操作権限は基本付与されていないが、一部管理者ロールに広範囲権限残存。 | ★★☆（2） | | ログ監視・検知 | CloudTrail＋SIEM連携でAPI操作は可視化。ただしリモートセッション異常検知ルールは一部未整備。 | ★★☆（2） | | 構成管理 | IaC導入済で手動設定は原則不可。ただし例外運用が一部残存。 | ★★☆（2） | | 監査・承認フロー | 月次監査あり。外部委託の操作はチケット承認制。ただし内部管理者の操作はリアルタイム承認なし。 | ★★☆（2） | | T32: =SPRV_Source_For_Formulas!D124 | U32: VDI server | V32: クラウドテナントまたはADドメインのグループポリシーを変更し、ログ記録停止・ツール使用許可など攻撃者に有利な構成変更を実施。 | W32: 3 | X32: 2 | Y32: =IF(SPRV_Source_For_Formulas!G124<=0.2,3,IF(SPRV_Source_For_Formulas!G124<=0.5,2,1)) | Z32: =4-Y32 | AA32: =IF(AND(W32=3,X32*Z32>=6),"A",IF(AND(W32=3,X32*Z32>=3),"B",IF(AND(W32=3,X32*Z32>=1),"C",""))) | AB32: β’モデル： 「3.3.1 権限管理」「3.3.5 設定変更検知」「3.4.1 操作記録」等。 補足評価： GPO改変は一度権限を奪取された後に、正規操作として行われる可能性が高く、検知・阻止が難しい。 特にVDI環境などでは検知の即時性に限界があるため、評価「2（低）」は妥当。 | AC32: =SPRV_Source_For_Formulas!D125 | AD32: My Number Administrative System on GovCloud | AE32: 攻撃手法の具体化 Step1〜Step3を経て攻撃者は VDI Auth → VDI Serverを経由し、クラウド管理権限を取得済み。 この状態で、攻撃者は My Number System上の業務データを暗号化し、業務停止やデータロックアウトを引き起こす。 想定される攻撃シナリオは以下： クラウド管理API／CLIを利用して、DBボリュームやストレージ（EBS, Blob, RDS等）を強制暗号化。 新しいKMSキーを攻撃者側で生成・割当し、既存キーを削除または無効化。 OSレベルでスクリプトを投入し、ファイルシステム全体を暗号化（Linux LUKS, Windows BitLocker等）。 Cloud Snapshotやバックアップを削除／無効化し、復旧不能状態に誘導。 結果として、マイナンバー業務全体が停止し、行政サービスに甚大な影響が発生する。 | AF32: 3 | AG32: 2 | AH32: =IF(SPRV_Source_For_Formulas!G125<=0.2,3,IF(SPRV_Source_For_Formulas!G125<=0.5,2,1)) | AI32: =4-AH32 | AJ32: =IF(AND(AF32=3,AG32*AI32>=6),"A",IF(AND(AF32=3,AG32*AI32>=3),"B",IF(AND(AF32=3,AG32*AI32>=1),"C",""))) | AK32: | 評価観点 | 状況・施策内容 | 評価 | | ----------------- | ------------------------------------------------------------ | ------ | | データ暗号化制御 | KMSによる暗号化・権限分離は導入済。ただし攻撃者が管理者権限を奪取した場合、正規の暗号化APIを利用され迂回可能。 | ★★☆（2） | | バックアップとリストア体制 | バックアップは定期取得されているが、スナップショット削除防止機能（Vault Lock等）は未導入で、削除耐性に弱点。 | ★★☆（2） | | API監視・検知 | CloudTrail＋SIEMで監査は有効。しかし暗号化コマンドやスナップショット削除のリアルタイム検知ルールは不完全。 | ★★☆（2） | | 承認フロー | 通常業務での暗号化設定変更は承認必須だが、緊急対応・管理者例外が存在し、悪用される可能性を残している。 | ★★☆（2） | | **CSPM／CIEM逸脱検知** | CSPMは導入済。だが暗号化操作やバックアップ削除の挙動検知は限定的。CIEMによる権限逸脱検知も一部のみ適用。 | ★★☆（2） |→総合評価：２ | AL32: =MAX(E32,N32,W32,AF32) | AM32: 2 | AN32: =MAX(G32,P32,Y32,AH32) | AO32: =4-AN32 | AP32: =IF(AND(AL32=3,AM32*AO32>=6),"A",IF(AND(AL32=3,AM32*AO32>=3),"B",IF(AND(AL32=3,AM32*AO32>=1),"C",""))) | AQ32: ="Scenario-level Threat=2; Step1="&I32&" Step2="&R32&" Step3="&AA32&" Step4="&AJ32&" ; Overall Threat fixed=2, Max Mitigation="&AN32&" => Overall="&AP32
A33: 32 | B33: =SPRV_Source_For_Formulas!D126 | C33: VDI Auth server | D33: 外出先からSASE経由でVDI Auth Serverにアクセスする職員の通信を狙い、Citrix Gatewayの既知の脆弱性（例：CVE-2019-19781 など）を悪用して認証バイパスを実行。正規ユーザになりすまし、庁内ネットワークへの初期侵入に成功。 | E33: 3 | F33: 2 | G33: =IF(SPRV_Source_For_Formulas!G126<=0.2,3,IF(SPRV_Source_For_Formulas!G126<=0.5,2,1)) | H33: =4-G33 | I33: =IF(AND(E33=3,F33*H33>=6),"A",IF(AND(E33=3,F33*H33>=3),"B",IF(AND(E33=3,F33*H33>=1),"C",""))) | J33: 根拠（既知脆弱性への限定対応とβ’モデル基準）： 既知脆弱性に対する対策は技術・運用の両面で確立可能 総務省β’モデル「3.2.3 脆弱性管理」では、重大脆弱性に対し「48時間以内にパッチ適用」などのSLAを定めることが推奨されている。 さらに、「脆弱性の収集 → 影響評価 → 優先順位付け → 修正 → 再確認」の脆弱性管理ライフサイクルが整備されていれば、CVE-2019-19781のような既知の脆弱性はカバー可能。 SASE＋WAF＋ZTNAによる多層防御が機能すれば、侵入リスクは大幅に軽減 WAFにおける既知の攻撃シグネチャ対応は一般的であり、IDS/IPSやEDRとの組み合わせで侵入前に阻止できる。 SASEにおけるZTNAの導入により、「未認証端末からの直接到達不可」「職員IDベースの接続制御」「MDMによる端末衛生チェック」が可能。 構成管理や攻撃面最小化（attack surface reduction）も含めた対応が前提 公開Webアプリに対する構成管理（例：DMZ分離、最小限ポート公開、不要機能無効化等）が実施されていれば、既知脆弱性を突かれる余地は少ない。 | K33: =SPRV_Source_For_Formulas!D127 | L33: VDI Auth server | M33: この正規セッションを基盤に、クラウドサービスのリモート接続機能を悪用して攻撃を拡大する： 攻撃者はVDI Auth Server経由で クラウドサービスの管理APIやCLI にリモート接続。 API呼び出しにより 追加の認証サーバ／仮想VDIノードをリモート生成または制御。 正規ユーザの認証セッションを中継し、認証トークンやセッションCookieを奪取。 結果として、VDI認証基盤を横展開起点としてクラウド全体に不正アクセスできる。 → この攻撃は従来のRDP/SSHと異なり、クラウド環境における「リモートAPI利用型の横展開」である点が特徴 | N33: 3 | O33: 2 | P33: =IF(SPRV_Source_For_Formulas!G127<=0.2,3,IF(SPRV_Source_For_Formulas!G127<=0.5,2,1)) | Q33: =4-P33 | R33: =IF(AND(N33=3,O33*Q33>=6),"A",IF(AND(N33=3,O33*Q33>=3),"B",IF(AND(N33=3,O33*Q33>=1),"C",""))) | S33: | 評価観点 | 状況・施策内容 | 評価 | | --------- | ------------------------------------------------------ | ------ | | 認証管理（MFA） | API/CLI操作にもMFA適用済み。VDI Auth経由の管理操作はSTS短期トークン使用を必須化。 | ★★★（3） | | IAM制御 | VDI AuthにCloudリモート操作権限は基本付与されていないが、一部管理者ロールに広範囲権限残存。 | ★★☆（2） | | ログ監視・検知 | CloudTrail＋SIEM連携でAPI操作は可視化。ただしリモートセッション異常検知ルールは一部未整備。 | ★★☆（2） | | 構成管理 | IaC導入済で手動設定は原則不可。ただし例外運用が一部残存。 | ★★☆（2） | | 監査・承認フロー | 月次監査あり。外部委託の操作はチケット承認制。ただし内部管理者の操作はリアルタイム承認なし。 | ★★☆（2） | | T33: =SPRV_Source_For_Formulas!D128 | U33: VDI server | V33: クラウドテナントまたはADドメインのグループポリシーを変更し、ログ記録停止・ツール使用許可など攻撃者に有利な構成変更を実施。 | W33: 3 | X33: 2 | Y33: =IF(SPRV_Source_For_Formulas!G128<=0.2,3,IF(SPRV_Source_For_Formulas!G128<=0.5,2,1)) | Z33: =4-Y33 | AA33: =IF(AND(W33=3,X33*Z33>=6),"A",IF(AND(W33=3,X33*Z33>=3),"B",IF(AND(W33=3,X33*Z33>=1),"C",""))) | AB33: β’モデル： 「3.3.1 権限管理」「3.3.5 設定変更検知」「3.4.1 操作記録」等。 補足評価： GPO改変は一度権限を奪取された後に、正規操作として行われる可能性が高く、検知・阻止が難しい。 特にVDI環境などでは検知の即時性に限界があるため、評価「2（低）」は妥当。 | AC33: =SPRV_Source_For_Formulas!D129 | AD33: My Number Administrative System on GovCloud | AE33: 攻撃手法の具体化 Step1〜Step3で VDI Auth Server → VDI Server に侵入済みの攻撃者は、最終段階として マイナンバー事務系システムのリソース（特に帯域幅）を不正利用 。 攻撃の具体例： マイナンバーシステム上で稼働する VM／コンテナに不正ソフトを導入し、外部DDoS攻撃の踏み台として帯域を消費。 内部帯域を過剰利用し、正規業務処理の遅延や停止を誘発。 帯域消費によりクラウド課金を膨張させ、経済的損害を与える。 通信トラフィックに混在させて、C2通信やデータ流出を隠蔽。 → この攻撃は 「可用性の破壊」と「リソース濫用」 の両面を狙っており、暗号化攻撃（T1486）と比べても検知が難しい特徴がある。 | AF33: 3 | AG33: 2 | AH33: =IF(SPRV_Source_For_Formulas!G129<=0.2,3,IF(SPRV_Source_For_Formulas!G129<=0.5,2,1)) | AI33: =4-AH33 | AJ33: =IF(AND(AF33=3,AG33*AI33>=6),"A",IF(AND(AF33=3,AG33*AI33>=3),"B",IF(AND(AF33=3,AG33*AI33>=1),"C",""))) | AK33: | 評価観点 | 状況・施策内容 | 評価 | | -------------- | ---------------------------------------------------- | ------ | | 帯域使用監視・検知 | CloudWatch／Monitor等で帯域監視は実施。ただしリアルタイム異常検知ルールは一部未整備。 | ★★☆（2） | | DDoS対策 | 一般的なDDoS対策サービスは契約済。ただし全トラフィック網羅ではなく、業務系ネットワークの一部対象外。 | ★★☆（2） | | 出口通信制御 | Proxy・FWルールで外部接続制御済。ただしVDI経由トラフィックは例外許容ケースあり。 | ★★☆（2） | | CSPM／CIEMによる検知 | 過剰権限は定期監査されるが、自動検知ルールは不十分。帯域逸脱の直接検知機能は限定的。 | ★★☆（2） | | 監査と課金異常モニタリング | 月次監査とクラウド課金監視あり。ただし異常利用を即座にアラート化する仕組みは未導入。 | ★★☆（2） |→ 総合評価：2.0 → レベル2 | AL33: =MAX(E33,N33,W33,AF33) | AM33: 2 | AN33: =MAX(G33,P33,Y33,AH33) | AO33: =4-AN33 | AP33: =IF(AND(AL33=3,AM33*AO33>=6),"A",IF(AND(AL33=3,AM33*AO33>=3),"B",IF(AND(AL33=3,AM33*AO33>=1),"C",""))) | AQ33: ="Scenario-level Threat=2; Step1="&I33&" Step2="&R33&" Step3="&AA33&" Step4="&AJ33&" ; Overall Threat fixed=2, Max Mitigation="&AN33&" => Overall="&AP33
A34: 33 | B34: =SPRV_Source_For_Formulas!D130 | C34: VDI Auth server | D34: 外出先からSASE経由でVDI Auth Serverにアクセスする職員の通信を狙い、Citrix Gatewayの既知の脆弱性（例：CVE-2019-19781 など）を悪用して認証バイパスを実行。正規ユーザになりすまし、庁内ネットワークへの初期侵入に成功。 | E34: 3 | F34: 2 | G34: =IF(SPRV_Source_For_Formulas!G130<=0.2,3,IF(SPRV_Source_For_Formulas!G130<=0.5,2,1)) | H34: =4-G34 | I34: =IF(AND(E34=3,F34*H34>=6),"A",IF(AND(E34=3,F34*H34>=3),"B",IF(AND(E34=3,F34*H34>=1),"C",""))) | J34: 根拠（既知脆弱性への限定対応とβ’モデル基準）： 既知脆弱性に対する対策は技術・運用の両面で確立可能 総務省β’モデル「3.2.3 脆弱性管理」では、重大脆弱性に対し「48時間以内にパッチ適用」などのSLAを定めることが推奨されている。 さらに、「脆弱性の収集 → 影響評価 → 優先順位付け → 修正 → 再確認」の脆弱性管理ライフサイクルが整備されていれば、CVE-2019-19781のような既知の脆弱性はカバー可能。 SASE＋WAF＋ZTNAによる多層防御が機能すれば、侵入リスクは大幅に軽減 WAFにおける既知の攻撃シグネチャ対応は一般的であり、IDS/IPSやEDRとの組み合わせで侵入前に阻止できる。 SASEにおけるZTNAの導入により、「未認証端末からの直接到達不可」「職員IDベースの接続制御」「MDMによる端末衛生チェック」が可能。 構成管理や攻撃面最小化（attack surface reduction）も含めた対応が前提 公開Webアプリに対する構成管理（例：DMZ分離、最小限ポート公開、不要機能無効化等）が実施されていれば、既知脆弱性を突かれる余地は少ない。 | K34: =SPRV_Source_For_Formulas!D131 | L34: VDI Auth server | M34: クラウド認証で使用されるIAMトークンやAPIキーを盗み出し、正規ユーザになりすまし再ログイン。 | N34: 3 | O34: 2 | P34: =IF(SPRV_Source_For_Formulas!G131<=0.2,3,IF(SPRV_Source_For_Formulas!G131<=0.5,2,1)) | Q34: =4-P34 | R34: =IF(AND(N34=3,O34*Q34>=6),"A",IF(AND(N34=3,O34*Q34>=3),"B",IF(AND(N34=3,O34*Q34>=1),"C",""))) | S34: 管理者アカウント削除防止策として、RBACとMFA、CloudTrail等の操作ログ監視が推奨されている（β’モデル 3.4.2）が、削除自体の即時ブロックは難しく、事後検知になるケースも多いため効果は中程度。 | T34: =SPRV_Source_For_Formulas!D132 | U34: VDI server | V34: Step1で VDI Auth Serverを突破 し、Step2で 不正クラウドインスタンス生成（T1578.002） に成功した攻撃者は、VDI環境全体を制御するために クラウド管理コマンドを直接行使 。 想定される操作例は以下の通り： クラウド管理API/CLIを使用してVDI Serverの設定変更を実行 仮想NIC設定を変更してC2通信を許可 ストレージスナップショットを外部リージョンへ転送 認証関連構成を改変 VDIログオンポリシーを緩和 管理者アカウントの権限を昇格 痕跡隠蔽 監査ログを削除または外部に退避し検知回避 VDI Serverの構成を一時的に復旧させ、運用担当者に異常を気づかせない → 攻撃の本質は、クラウド環境の“正規管理操作”を不正に実行してVDI基盤を乗っ取る点にあり、検知困難性が非常に高いのが特徴 | W34: 3 | X34: 2 | Y34: =IF(SPRV_Source_For_Formulas!G132<=0.2,3,IF(SPRV_Source_For_Formulas!G132<=0.5,2,1)) | Z34: =4-Y34 | AA34: =IF(AND(W34=3,X34*Z34>=6),"A",IF(AND(W34=3,X34*Z34>=3),"B",IF(AND(W34=3,X34*Z34>=1),"C",""))) | AB34: β’モデル「3.3.4 認証」：ID管理・パスワード強度・MFA導入を規定 ガイドラインはID統制とアクセスログ確認を強調。一方で正規認証情報が漏洩した場合の防御は難しい（内部者攻撃やクレデンシャル再利用には限界） | AC34: =SPRV_Source_For_Formulas!D133 | AD34: My Number Administrative System on GovCloud | AE34: GovCloud上でのリソース（例：オンラインストレージや業務用DB）に対して、過剰リソースの割当（例：高負荷ジョブ生成）によってDoSを引き起こす。 | AF34: 3 | AG34: 2 | AH34: =IF(SPRV_Source_For_Formulas!G133<=0.2,3,IF(SPRV_Source_For_Formulas!G133<=0.5,2,1)) | AI34: =4-AH34 | AJ34: =IF(AND(AF34=3,AG34*AI34>=6),"A",IF(AND(AF34=3,AG34*AI34>=3),"B",IF(AND(AF34=3,AG34*AI34>=1),"C",""))) | AK34: β’モデル＋ガバメントクラウド資料にてIAM最小権限、API監査、CSPM運用が整備されていれば、有効性は高い。ただし初期検知遅延やアラート無視等には注意が必要。 | AL34: =MAX(E34,N34,W34,AF34) | AM34: 2 | AN34: =MAX(G34,P34,Y34,AH34) | AO34: =4-AN34 | AP34: =IF(AND(AL34=3,AM34*AO34>=6),"A",IF(AND(AL34=3,AM34*AO34>=3),"B",IF(AND(AL34=3,AM34*AO34>=1),"C",""))) | AQ34: ="Scenario-level Threat=2; Step1="&I34&" Step2="&R34&" Step3="&AA34&" Step4="&AJ34&" ; Overall Threat fixed=2, Max Mitigation="&AN34&" => Overall="&AP34
A35: 34 | B35: =SPRV_Source_For_Formulas!D134 | C35: VDI Auth server | D35: 外出先からSASE経由でVDI Auth Serverにアクセスする職員の通信を狙い、Citrix Gatewayの既知の脆弱性（例：CVE-2019-19781 など）を悪用して認証バイパスを実行。正規ユーザになりすまし、庁内ネットワークへの初期侵入に成功。 | E35: 3 | F35: 2 | G35: =IF(SPRV_Source_For_Formulas!G134<=0.2,3,IF(SPRV_Source_For_Formulas!G134<=0.5,2,1)) | H35: =4-G35 | I35: =IF(AND(E35=3,F35*H35>=6),"A",IF(AND(E35=3,F35*H35>=3),"B",IF(AND(E35=3,F35*H35>=1),"C",""))) | J35: 根拠（既知脆弱性への限定対応とβ’モデル基準）： 既知脆弱性に対する対策は技術・運用の両面で確立可能 総務省β’モデル「3.2.3 脆弱性管理」では、重大脆弱性に対し「48時間以内にパッチ適用」などのSLAを定めることが推奨されている。 さらに、「脆弱性の収集 → 影響評価 → 優先順位付け → 修正 → 再確認」の脆弱性管理ライフサイクルが整備されていれば、CVE-2019-19781のような既知の脆弱性はカバー可能。 SASE＋WAF＋ZTNAによる多層防御が機能すれば、侵入リスクは大幅に軽減 WAFにおける既知の攻撃シグネチャ対応は一般的であり、IDS/IPSやEDRとの組み合わせで侵入前に阻止できる。 SASEにおけるZTNAの導入により、「未認証端末からの直接到達不可」「職員IDベースの接続制御」「MDMによる端末衛生チェック」が可能。 構成管理や攻撃面最小化（attack surface reduction）も含めた対応が前提 公開Webアプリに対する構成管理（例：DMZ分離、最小限ポート公開、不要機能無効化等）が実施されていれば、既知脆弱性を突かれる余地は少ない。 | K35: =SPRV_Source_For_Formulas!D135 | L35: VDI Auth server | M35: クラウド認証で使用されるIAMトークンやAPIキーを盗み出し、正規ユーザになりすまし再ログイン。 | N35: 3 | O35: 2 | P35: =IF(SPRV_Source_For_Formulas!G135<=0.2,3,IF(SPRV_Source_For_Formulas!G135<=0.5,2,1)) | Q35: =4-P35 | R35: =IF(AND(N35=3,O35*Q35>=6),"A",IF(AND(N35=3,O35*Q35>=3),"B",IF(AND(N35=3,O35*Q35>=1),"C",""))) | S35: 管理者アカウント削除防止策として、RBACとMFA、CloudTrail等の操作ログ監視が推奨されている（β’モデル 3.4.2）が、削除自体の即時ブロックは難しく、事後検知になるケースも多いため効果は中程度。 | T35: =SPRV_Source_For_Formulas!D136 | U35: VDI server | V35: Step1で VDI Auth Serverを突破 し、Step2で 不正クラウドインスタンス生成（T1578.002） に成功した攻撃者は、VDI環境全体を制御するために クラウド管理コマンドを直接行使 。 想定される操作例は以下の通り： クラウド管理API/CLIを使用してVDI Serverの設定変更を実行 仮想NIC設定を変更してC2通信を許可 ストレージスナップショットを外部リージョンへ転送 認証関連構成を改変 VDIログオンポリシーを緩和 管理者アカウントの権限を昇格 痕跡隠蔽 監査ログを削除または外部に退避し検知回避 VDI Serverの構成を一時的に復旧させ、運用担当者に異常を気づかせない → 攻撃の本質は、クラウド環境の“正規管理操作”を不正に実行してVDI基盤を乗っ取る点にあり、検知困難性が非常に高いのが特徴 | W35: 3 | X35: 2 | Y35: =IF(SPRV_Source_For_Formulas!G136<=0.2,3,IF(SPRV_Source_For_Formulas!G136<=0.5,2,1)) | Z35: =4-Y35 | AA35: =IF(AND(W35=3,X35*Z35>=6),"A",IF(AND(W35=3,X35*Z35>=3),"B",IF(AND(W35=3,X35*Z35>=1),"C",""))) | AB35: β’モデル「3.3.4 認証」：ID管理・パスワード強度・MFA導入を規定 ガイドラインはID統制とアクセスログ確認を強調。一方で正規認証情報が漏洩した場合の防御は難しい（内部者攻撃やクレデンシャル再利用には限界） | AC35: =SPRV_Source_For_Formulas!D137 | AD35: My Number Administrative System on GovCloud | AE35: GovCloudで提供されているストレージやDBに対し、アクセス頻度を意図的に増加させ、正規ユーザの業務処理に支障を与えるリソース飽和型攻撃を実行。 | AF35: 3 | AG35: 2 | AH35: =IF(SPRV_Source_For_Formulas!G137<=0.2,3,IF(SPRV_Source_For_Formulas!G137<=0.5,2,1)) | AI35: =4-AH35 | AJ35: =IF(AND(AF35=3,AG35*AI35>=6),"A",IF(AND(AF35=3,AG35*AI35>=3),"B",IF(AND(AF35=3,AG35*AI35>=1),"C",""))) | AK35: 仮想マシンに対するネットワーク分離、IAM制御、ログ監視により不正操作の抑止・検知が可能。推奨対策と合致。 | AL35: =MAX(E35,N35,W35,AF35) | AM35: 2 | AN35: =MAX(G35,P35,Y35,AH35) | AO35: =4-AN35 | AP35: =IF(AND(AL35=3,AM35*AO35>=6),"A",IF(AND(AL35=3,AM35*AO35>=3),"B",IF(AND(AL35=3,AM35*AO35>=1),"C",""))) | AQ35: ="Scenario-level Threat=2; Step1="&I35&" Step2="&R35&" Step3="&AA35&" Step4="&AJ35&" ; Overall Threat fixed=2, Max Mitigation="&AN35&" => Overall="&AP35
A36: 35 | B36: =SPRV_Source_For_Formulas!D138 | C36: VDI Auth server | D36: 外出先からSASE経由でVDI Auth Serverにアクセスする職員の通信を狙い、Citrix Gatewayの既知の脆弱性（例：CVE-2019-19781 など）を悪用して認証バイパスを実行。正規ユーザになりすまし、庁内ネットワークへの初期侵入に成功。 | E36: 3 | F36: 2 | G36: =IF(SPRV_Source_For_Formulas!G138<=0.2,3,IF(SPRV_Source_For_Formulas!G138<=0.5,2,1)) | H36: =4-G36 | I36: =IF(AND(E36=3,F36*H36>=6),"A",IF(AND(E36=3,F36*H36>=3),"B",IF(AND(E36=3,F36*H36>=1),"C",""))) | J36: 根拠（既知脆弱性への限定対応とβ’モデル基準）： 既知脆弱性に対する対策は技術・運用の両面で確立可能 総務省β’モデル「3.2.3 脆弱性管理」では、重大脆弱性に対し「48時間以内にパッチ適用」などのSLAを定めることが推奨されている。 さらに、「脆弱性の収集 → 影響評価 → 優先順位付け → 修正 → 再確認」の脆弱性管理ライフサイクルが整備されていれば、CVE-2019-19781のような既知の脆弱性はカバー可能。 SASE＋WAF＋ZTNAによる多層防御が機能すれば、侵入リスクは大幅に軽減 WAFにおける既知の攻撃シグネチャ対応は一般的であり、IDS/IPSやEDRとの組み合わせで侵入前に阻止できる。 SASEにおけるZTNAの導入により、「未認証端末からの直接到達不可」「職員IDベースの接続制御」「MDMによる端末衛生チェック」が可能。 構成管理や攻撃面最小化（attack surface reduction）も含めた対応が前提 公開Webアプリに対する構成管理（例：DMZ分離、最小限ポート公開、不要機能無効化等）が実施されていれば、既知脆弱性を突かれる余地は少ない。 | K36: =SPRV_Source_For_Formulas!D139 | L36: VDI Auth server | M36: クラウド認証で使用されるIAMトークンやAPIキーを盗み出し、正規ユーザになりすまし再ログイン。 | N36: 3 | O36: 2 | P36: =IF(SPRV_Source_For_Formulas!G139<=0.2,3,IF(SPRV_Source_For_Formulas!G139<=0.5,2,1)) | Q36: =4-P36 | R36: =IF(AND(N36=3,O36*Q36>=6),"A",IF(AND(N36=3,O36*Q36>=3),"B",IF(AND(N36=3,O36*Q36>=1),"C",""))) | S36: 管理者アカウント削除防止策として、RBACとMFA、CloudTrail等の操作ログ監視が推奨されている（β’モデル 3.4.2）が、削除自体の即時ブロックは難しく、事後検知になるケースも多いため効果は中程度。 | T36: =SPRV_Source_For_Formulas!D140 | U36: VDI server | V36: Step1で VDI Auth Serverを突破 し、Step2で 不正クラウドインスタンス生成（T1578.002） に成功した攻撃者は、VDI環境全体を制御するために クラウド管理コマンドを直接行使 。 想定される操作例は以下の通り： クラウド管理API/CLIを使用してVDI Serverの設定変更を実行 仮想NIC設定を変更してC2通信を許可 ストレージスナップショットを外部リージョンへ転送 認証関連構成を改変 VDIログオンポリシーを緩和 管理者アカウントの権限を昇格 痕跡隠蔽 監査ログを削除または外部に退避し検知回避 VDI Serverの構成を一時的に復旧させ、運用担当者に異常を気づかせない → 攻撃の本質は、クラウド環境の“正規管理操作”を不正に実行してVDI基盤を乗っ取る点にあり、検知困難性が非常に高いのが特徴 | W36: 3 | X36: 2 | Y36: =IF(SPRV_Source_For_Formulas!G140<=0.2,3,IF(SPRV_Source_For_Formulas!G140<=0.5,2,1)) | Z36: =4-Y36 | AA36: =IF(AND(W36=3,X36*Z36>=6),"A",IF(AND(W36=3,X36*Z36>=3),"B",IF(AND(W36=3,X36*Z36>=1),"C",""))) | AB36: β’モデル「3.3.4 認証」：ID管理・パスワード強度・MFA導入を規定 ガイドラインはID統制とアクセスログ確認を強調。一方で正規認証情報が漏洩した場合の防御は難しい（内部者攻撃やクレデンシャル再利用には限界） | AC36: =SPRV_Source_For_Formulas!D141 | AD36: My Number Administrative System on GovCloud | AE36: 攻撃手法の具体化 Step1〜Step3を経て攻撃者は VDI Auth → VDI Serverを経由し、クラウド管理権限を取得済み。 この状態で、攻撃者は My Number System上の業務データを暗号化し、業務停止やデータロックアウトを引き起こす。 想定される攻撃シナリオは以下： クラウド管理API／CLIを利用して、DBボリュームやストレージ（EBS, Blob, RDS等）を強制暗号化。 新しいKMSキーを攻撃者側で生成・割当し、既存キーを削除または無効化。 OSレベルでスクリプトを投入し、ファイルシステム全体を暗号化（Linux LUKS, Windows BitLocker等）。 Cloud Snapshotやバックアップを削除／無効化し、復旧不能状態に誘導。 結果として、マイナンバー業務全体が停止し、行政サービスに甚大な影響が発生する。 | AF36: 3 | AG36: 2 | AH36: =IF(SPRV_Source_For_Formulas!G141<=0.2,3,IF(SPRV_Source_For_Formulas!G141<=0.5,2,1)) | AI36: =4-AH36 | AJ36: =IF(AND(AF36=3,AG36*AI36>=6),"A",IF(AND(AF36=3,AG36*AI36>=3),"B",IF(AND(AF36=3,AG36*AI36>=1),"C",""))) | AK36: | 評価観点 | 状況・施策内容 | 評価 | | ----------------- | ------------------------------------------------------------ | ------ | | データ暗号化制御 | KMSによる暗号化・権限分離は導入済。ただし攻撃者が管理者権限を奪取した場合、正規の暗号化APIを利用され迂回可能。 | ★★☆（2） | | バックアップとリストア体制 | バックアップは定期取得されているが、スナップショット削除防止機能（Vault Lock等）は未導入で、削除耐性に弱点。 | ★★☆（2） | | API監視・検知 | CloudTrail＋SIEMで監査は有効。しかし暗号化コマンドやスナップショット削除のリアルタイム検知ルールは不完全。 | ★★☆（2） | | 承認フロー | 通常業務での暗号化設定変更は承認必須だが、緊急対応・管理者例外が存在し、悪用される可能性を残している。 | ★★☆（2） | | **CSPM／CIEM逸脱検知** | CSPMは導入済。だが暗号化操作やバックアップ削除の挙動検知は限定的。CIEMによる権限逸脱検知も一部のみ適用。 | ★★☆（2） |→総合評価：２ | AL36: =MAX(E36,N36,W36,AF36) | AM36: 2 | AN36: =MAX(G36,P36,Y36,AH36) | AO36: =4-AN36 | AP36: =IF(AND(AL36=3,AM36*AO36>=6),"A",IF(AND(AL36=3,AM36*AO36>=3),"B",IF(AND(AL36=3,AM36*AO36>=1),"C",""))) | AQ36: ="Scenario-level Threat=2; Step1="&I36&" Step2="&R36&" Step3="&AA36&" Step4="&AJ36&" ; Overall Threat fixed=2, Max Mitigation="&AN36&" => Overall="&AP36
A37: 36 | B37: =SPRV_Source_For_Formulas!D142 | C37: VDI Auth server | D37: 外出先からSASE経由でVDI Auth Serverにアクセスする職員の通信を狙い、Citrix Gatewayの既知の脆弱性（例：CVE-2019-19781 など）を悪用して認証バイパスを実行。正規ユーザになりすまし、庁内ネットワークへの初期侵入に成功。 | E37: 3 | F37: 2 | G37: =IF(SPRV_Source_For_Formulas!G142<=0.2,3,IF(SPRV_Source_For_Formulas!G142<=0.5,2,1)) | H37: =4-G37 | I37: =IF(AND(E37=3,F37*H37>=6),"A",IF(AND(E37=3,F37*H37>=3),"B",IF(AND(E37=3,F37*H37>=1),"C",""))) | J37: 根拠（既知脆弱性への限定対応とβ’モデル基準）： 既知脆弱性に対する対策は技術・運用の両面で確立可能 総務省β’モデル「3.2.3 脆弱性管理」では、重大脆弱性に対し「48時間以内にパッチ適用」などのSLAを定めることが推奨されている。 さらに、「脆弱性の収集 → 影響評価 → 優先順位付け → 修正 → 再確認」の脆弱性管理ライフサイクルが整備されていれば、CVE-2019-19781のような既知の脆弱性はカバー可能。 SASE＋WAF＋ZTNAによる多層防御が機能すれば、侵入リスクは大幅に軽減 WAFにおける既知の攻撃シグネチャ対応は一般的であり、IDS/IPSやEDRとの組み合わせで侵入前に阻止できる。 SASEにおけるZTNAの導入により、「未認証端末からの直接到達不可」「職員IDベースの接続制御」「MDMによる端末衛生チェック」が可能。 構成管理や攻撃面最小化（attack surface reduction）も含めた対応が前提 公開Webアプリに対する構成管理（例：DMZ分離、最小限ポート公開、不要機能無効化等）が実施されていれば、既知脆弱性を突かれる余地は少ない。 | K37: =SPRV_Source_For_Formulas!D143 | L37: VDI Auth server | M37: クラウド認証で使用されるIAMトークンやAPIキーを盗み出し、正規ユーザになりすまし再ログイン。 | N37: 3 | O37: 2 | P37: =IF(SPRV_Source_For_Formulas!G143<=0.2,3,IF(SPRV_Source_For_Formulas!G143<=0.5,2,1)) | Q37: =4-P37 | R37: =IF(AND(N37=3,O37*Q37>=6),"A",IF(AND(N37=3,O37*Q37>=3),"B",IF(AND(N37=3,O37*Q37>=1),"C",""))) | S37: 管理者アカウント削除防止策として、RBACとMFA、CloudTrail等の操作ログ監視が推奨されている（β’モデル 3.4.2）が、削除自体の即時ブロックは難しく、事後検知になるケースも多いため効果は中程度。 | T37: =SPRV_Source_For_Formulas!D144 | U37: VDI server | V37: Step1で VDI Auth Serverを突破 し、Step2で 不正クラウドインスタンス生成（T1578.002） に成功した攻撃者は、VDI環境全体を制御するために クラウド管理コマンドを直接行使 。 想定される操作例は以下の通り： クラウド管理API/CLIを使用してVDI Serverの設定変更を実行 仮想NIC設定を変更してC2通信を許可 ストレージスナップショットを外部リージョンへ転送 認証関連構成を改変 VDIログオンポリシーを緩和 管理者アカウントの権限を昇格 痕跡隠蔽 監査ログを削除または外部に退避し検知回避 VDI Serverの構成を一時的に復旧させ、運用担当者に異常を気づかせない → 攻撃の本質は、クラウド環境の“正規管理操作”を不正に実行してVDI基盤を乗っ取る点にあり、検知困難性が非常に高いのが特徴 | W37: 3 | X37: 2 | Y37: =IF(SPRV_Source_For_Formulas!G144<=0.2,3,IF(SPRV_Source_For_Formulas!G144<=0.5,2,1)) | Z37: =4-Y37 | AA37: =IF(AND(W37=3,X37*Z37>=6),"A",IF(AND(W37=3,X37*Z37>=3),"B",IF(AND(W37=3,X37*Z37>=1),"C",""))) | AB37: β’モデル「3.3.4 認証」：ID管理・パスワード強度・MFA導入を規定 ガイドラインはID統制とアクセスログ確認を強調。一方で正規認証情報が漏洩した場合の防御は難しい（内部者攻撃やクレデンシャル再利用には限界） | AC37: =SPRV_Source_For_Formulas!D145 | AD37: My Number Administrative System on GovCloud | AE37: 攻撃手法の具体化 Step1〜Step3で VDI Auth Server → VDI Server に侵入済みの攻撃者は、最終段階として マイナンバー事務系システムのリソース（特に帯域幅）を不正利用 。 攻撃の具体例： マイナンバーシステム上で稼働する VM／コンテナに不正ソフトを導入し、外部DDoS攻撃の踏み台として帯域を消費。 内部帯域を過剰利用し、正規業務処理の遅延や停止を誘発。 帯域消費によりクラウド課金を膨張させ、経済的損害を与える。 通信トラフィックに混在させて、C2通信やデータ流出を隠蔽。 → この攻撃は 「可用性の破壊」と「リソース濫用」 の両面を狙っており、暗号化攻撃（T1486）と比べても検知が難しい特徴がある。 | AF37: 3 | AG37: 2 | AH37: =IF(SPRV_Source_For_Formulas!G145<=0.2,3,IF(SPRV_Source_For_Formulas!G145<=0.5,2,1)) | AI37: =4-AH37 | AJ37: =IF(AND(AF37=3,AG37*AI37>=6),"A",IF(AND(AF37=3,AG37*AI37>=3),"B",IF(AND(AF37=3,AG37*AI37>=1),"C",""))) | AK37: | 評価観点 | 状況・施策内容 | 評価 | | -------------- | ---------------------------------------------------- | ------ | | 帯域使用監視・検知 | CloudWatch／Monitor等で帯域監視は実施。ただしリアルタイム異常検知ルールは一部未整備。 | ★★☆（2） | | DDoS対策 | 一般的なDDoS対策サービスは契約済。ただし全トラフィック網羅ではなく、業務系ネットワークの一部対象外。 | ★★☆（2） | | 出口通信制御 | Proxy・FWルールで外部接続制御済。ただしVDI経由トラフィックは例外許容ケースあり。 | ★★☆（2） | | CSPM／CIEMによる検知 | 過剰権限は定期監査されるが、自動検知ルールは不十分。帯域逸脱の直接検知機能は限定的。 | ★★☆（2） | | 監査と課金異常モニタリング | 月次監査とクラウド課金監視あり。ただし異常利用を即座にアラート化する仕組みは未導入。 | ★★☆（2） |→ 総合評価：2.0 → レベル2 | AL37: =MAX(E37,N37,W37,AF37) | AM37: 2 | AN37: =MAX(G37,P37,Y37,AH37) | AO37: =4-AN37 | AP37: =IF(AND(AL37=3,AM37*AO37>=6),"A",IF(AND(AL37=3,AM37*AO37>=3),"B",IF(AND(AL37=3,AM37*AO37>=1),"C",""))) | AQ37: ="Scenario-level Threat=2; Step1="&I37&" Step2="&R37&" Step3="&AA37&" Step4="&AJ37&" ; Overall Threat fixed=2, Max Mitigation="&AN37&" => Overall="&AP37
A38: 37 | B38: =SPRV_Source_For_Formulas!D146 | C38: VDI Auth server | D38: 外出先からSASE経由でVDI Auth Serverにアクセスする職員の通信を狙い、Citrix Gatewayの既知の脆弱性（例：CVE-2019-19781 など）を悪用して認証バイパスを実行。正規ユーザになりすまし、庁内ネットワークへの初期侵入に成功。 | E38: 3 | F38: 2 | G38: =IF(SPRV_Source_For_Formulas!G146<=0.2,3,IF(SPRV_Source_For_Formulas!G146<=0.5,2,1)) | H38: =4-G38 | I38: =IF(AND(E38=3,F38*H38>=6),"A",IF(AND(E38=3,F38*H38>=3),"B",IF(AND(E38=3,F38*H38>=1),"C",""))) | J38: 根拠（既知脆弱性への限定対応とβ’モデル基準）： 既知脆弱性に対する対策は技術・運用の両面で確立可能 総務省β’モデル「3.2.3 脆弱性管理」では、重大脆弱性に対し「48時間以内にパッチ適用」などのSLAを定めることが推奨されている。 さらに、「脆弱性の収集 → 影響評価 → 優先順位付け → 修正 → 再確認」の脆弱性管理ライフサイクルが整備されていれば、CVE-2019-19781のような既知の脆弱性はカバー可能。 SASE＋WAF＋ZTNAによる多層防御が機能すれば、侵入リスクは大幅に軽減 WAFにおける既知の攻撃シグネチャ対応は一般的であり、IDS/IPSやEDRとの組み合わせで侵入前に阻止できる。 SASEにおけるZTNAの導入により、「未認証端末からの直接到達不可」「職員IDベースの接続制御」「MDMによる端末衛生チェック」が可能。 構成管理や攻撃面最小化（attack surface reduction）も含めた対応が前提 公開Webアプリに対する構成管理（例：DMZ分離、最小限ポート公開、不要機能無効化等）が実施されていれば、既知脆弱性を突かれる余地は少ない。 | K38: =SPRV_Source_For_Formulas!D147 | L38: VDI Auth server | M38: クラウド認証で使用されるIAMトークンやAPIキーを盗み出し、正規ユーザになりすまし再ログイン。 | N38: 3 | O38: 2 | P38: =IF(SPRV_Source_For_Formulas!G147<=0.2,3,IF(SPRV_Source_For_Formulas!G147<=0.5,2,1)) | Q38: =4-P38 | R38: =IF(AND(N38=3,O38*Q38>=6),"A",IF(AND(N38=3,O38*Q38>=3),"B",IF(AND(N38=3,O38*Q38>=1),"C",""))) | S38: 管理者アカウント削除防止策として、RBACとMFA、CloudTrail等の操作ログ監視が推奨されている（β’モデル 3.4.2）が、削除自体の即時ブロックは難しく、事後検知になるケースも多いため効果は中程度。 | T38: =SPRV_Source_For_Formulas!D148 | U38: VDI server | V38: 攻撃者は Step1・Step2 で VDI Auth Serverに侵入 → 不正クラウドインスタンス作成 に成功。次のStep3では、VDI Serverに保存されているクラウドシークレット管理ストアへのアクセスを悪用します。 具体的な攻撃手法は以下： VDI Serverや関連アプリが利用する Secrets Manager／Key Vault／環境変数ストア を探索。 APIキー、VDI管理者アカウントのパスワード、DB認証情報、トークン等を抽出。 これらのSecretsを用いて、VDI管理コンソールや下位システムへ追加侵入。 認証情報を悪用して横展開や持続的アクセスを確立。 → 特にVDIサーバは「認証の中枢」であるため、Secretsが奪取されると他の全職員アカウントへの侵入ルートに直結するリスクがあります。 | W38: 3 | X38: 2 | Y38: =IF(SPRV_Source_For_Formulas!G148<=0.2,3,IF(SPRV_Source_For_Formulas!G148<=0.5,2,1)) | Z38: =4-Y38 | AA38: =IF(AND(W38=3,X38*Z38>=6),"A",IF(AND(W38=3,X38*Z38>=3),"B",IF(AND(W38=3,X38*Z38>=1),"C",""))) | AB38: β’モデル「3.2.5 初期ID/パスワード変更の義務」「3.3.1 権限設定」、初期アカウントの削除・無効化を義務付け済みであれば抑止可能、運用が徹底されていれば高い有効性 | AC38: =SPRV_Source_For_Formulas!D149 | AD38: My Number Administrative System on GovCloud | AE38: GovCloud上の分析処理などにリソース過負荷をかけてDoSを引き起こす。 | AF38: 3 | AG38: 2 | AH38: =IF(SPRV_Source_For_Formulas!G149<=0.2,3,IF(SPRV_Source_For_Formulas!G149<=0.5,2,1)) | AI38: =4-AH38 | AJ38: =IF(AND(AF38=3,AG38*AI38>=6),"A",IF(AND(AF38=3,AG38*AI38>=3),"B",IF(AND(AF38=3,AG38*AI38>=1),"C",""))) | AK38: β’モデル＋ガバメントクラウド資料にてIAM最小権限、API監査、CSPM運用が整備されていれば、有効性は高い。ただし初期検知遅延やアラート無視等には注意が必要。 | AL38: =MAX(E38,N38,W38,AF38) | AM38: 2 | AN38: =MAX(G38,P38,Y38,AH38) | AO38: =4-AN38 | AP38: =IF(AND(AL38=3,AM38*AO38>=6),"A",IF(AND(AL38=3,AM38*AO38>=3),"B",IF(AND(AL38=3,AM38*AO38>=1),"C",""))) | AQ38: ="Scenario-level Threat=2; Step1="&I38&" Step2="&R38&" Step3="&AA38&" Step4="&AJ38&" ; Overall Threat fixed=2, Max Mitigation="&AN38&" => Overall="&AP38
A39: 38 | B39: =SPRV_Source_For_Formulas!D150 | C39: VDI Auth server | D39: 外出先からSASE経由でVDI Auth Serverにアクセスする職員の通信を狙い、Citrix Gatewayの既知の脆弱性（例：CVE-2019-19781 など）を悪用して認証バイパスを実行。正規ユーザになりすまし、庁内ネットワークへの初期侵入に成功。 | E39: 3 | F39: 2 | G39: =IF(SPRV_Source_For_Formulas!G150<=0.2,3,IF(SPRV_Source_For_Formulas!G150<=0.5,2,1)) | H39: =4-G39 | I39: =IF(AND(E39=3,F39*H39>=6),"A",IF(AND(E39=3,F39*H39>=3),"B",IF(AND(E39=3,F39*H39>=1),"C",""))) | J39: 根拠（既知脆弱性への限定対応とβ’モデル基準）： 既知脆弱性に対する対策は技術・運用の両面で確立可能 総務省β’モデル「3.2.3 脆弱性管理」では、重大脆弱性に対し「48時間以内にパッチ適用」などのSLAを定めることが推奨されている。 さらに、「脆弱性の収集 → 影響評価 → 優先順位付け → 修正 → 再確認」の脆弱性管理ライフサイクルが整備されていれば、CVE-2019-19781のような既知の脆弱性はカバー可能。 SASE＋WAF＋ZTNAによる多層防御が機能すれば、侵入リスクは大幅に軽減 WAFにおける既知の攻撃シグネチャ対応は一般的であり、IDS/IPSやEDRとの組み合わせで侵入前に阻止できる。 SASEにおけるZTNAの導入により、「未認証端末からの直接到達不可」「職員IDベースの接続制御」「MDMによる端末衛生チェック」が可能。 構成管理や攻撃面最小化（attack surface reduction）も含めた対応が前提 公開Webアプリに対する構成管理（例：DMZ分離、最小限ポート公開、不要機能無効化等）が実施されていれば、既知脆弱性を突かれる余地は少ない。 | K39: =SPRV_Source_For_Formulas!D151 | L39: VDI Auth server | M39: クラウド認証で使用されるIAMトークンやAPIキーを盗み出し、正規ユーザになりすまし再ログイン。 | N39: 3 | O39: 2 | P39: =IF(SPRV_Source_For_Formulas!G151<=0.2,3,IF(SPRV_Source_For_Formulas!G151<=0.5,2,1)) | Q39: =4-P39 | R39: =IF(AND(N39=3,O39*Q39>=6),"A",IF(AND(N39=3,O39*Q39>=3),"B",IF(AND(N39=3,O39*Q39>=1),"C",""))) | S39: 管理者アカウント削除防止策として、RBACとMFA、CloudTrail等の操作ログ監視が推奨されている（β’モデル 3.4.2）が、削除自体の即時ブロックは難しく、事後検知になるケースも多いため効果は中程度。 | T39: =SPRV_Source_For_Formulas!D152 | U39: VDI server | V39: 攻撃者は Step1・Step2 で VDI Auth Serverに侵入 → 不正クラウドインスタンス作成 に成功。次のStep3では、VDI Serverに保存されているクラウドシークレット管理ストアへのアクセスを悪用します。 具体的な攻撃手法は以下： VDI Serverや関連アプリが利用する Secrets Manager／Key Vault／環境変数ストア を探索。 APIキー、VDI管理者アカウントのパスワード、DB認証情報、トークン等を抽出。 これらのSecretsを用いて、VDI管理コンソールや下位システムへ追加侵入。 認証情報を悪用して横展開や持続的アクセスを確立。 → 特にVDIサーバは「認証の中枢」であるため、Secretsが奪取されると他の全職員アカウントへの侵入ルートに直結するリスクがあります。 | W39: 3 | X39: 2 | Y39: =IF(SPRV_Source_For_Formulas!G152<=0.2,3,IF(SPRV_Source_For_Formulas!G152<=0.5,2,1)) | Z39: =4-Y39 | AA39: =IF(AND(W39=3,X39*Z39>=6),"A",IF(AND(W39=3,X39*Z39>=3),"B",IF(AND(W39=3,X39*Z39>=1),"C",""))) | AB39: β’モデル「3.2.5 初期ID/パスワード変更の義務」「3.3.1 権限設定」、初期アカウントの削除・無効化を義務付け済みであれば抑止可能、運用が徹底されていれば高い有効性 | AC39: =SPRV_Source_For_Formulas!D153 | AD39: My Number Administrative System on GovCloud | AE39: 正規サービスに過剰アクセスをかけ、リソースを枯渇させるリソース飽和攻撃。 | AF39: 3 | AG39: 2 | AH39: =IF(SPRV_Source_For_Formulas!G153<=0.2,3,IF(SPRV_Source_For_Formulas!G153<=0.5,2,1)) | AI39: =4-AH39 | AJ39: =IF(AND(AF39=3,AG39*AI39>=6),"A",IF(AND(AF39=3,AG39*AI39>=3),"B",IF(AND(AF39=3,AG39*AI39>=1),"C",""))) | AK39: 仮想マシンに対するネットワーク分離、IAM制御、ログ監視により不正操作の抑止・検知が可能。推奨対策と合致。 | AL39: =MAX(E39,N39,W39,AF39) | AM39: 2 | AN39: =MAX(G39,P39,Y39,AH39) | AO39: =4-AN39 | AP39: =IF(AND(AL39=3,AM39*AO39>=6),"A",IF(AND(AL39=3,AM39*AO39>=3),"B",IF(AND(AL39=3,AM39*AO39>=1),"C",""))) | AQ39: ="Scenario-level Threat=2; Step1="&I39&" Step2="&R39&" Step3="&AA39&" Step4="&AJ39&" ; Overall Threat fixed=2, Max Mitigation="&AN39&" => Overall="&AP39
A40: 39 | B40: =SPRV_Source_For_Formulas!D154 | C40: VDI Auth server | D40: 外出先からSASE経由でVDI Auth Serverにアクセスする職員の通信を狙い、Citrix Gatewayの既知の脆弱性（例：CVE-2019-19781 など）を悪用して認証バイパスを実行。正規ユーザになりすまし、庁内ネットワークへの初期侵入に成功。 | E40: 3 | F40: 2 | G40: =IF(SPRV_Source_For_Formulas!G154<=0.2,3,IF(SPRV_Source_For_Formulas!G154<=0.5,2,1)) | H40: =4-G40 | I40: =IF(AND(E40=3,F40*H40>=6),"A",IF(AND(E40=3,F40*H40>=3),"B",IF(AND(E40=3,F40*H40>=1),"C",""))) | J40: 根拠（既知脆弱性への限定対応とβ’モデル基準）： 既知脆弱性に対する対策は技術・運用の両面で確立可能 総務省β’モデル「3.2.3 脆弱性管理」では、重大脆弱性に対し「48時間以内にパッチ適用」などのSLAを定めることが推奨されている。 さらに、「脆弱性の収集 → 影響評価 → 優先順位付け → 修正 → 再確認」の脆弱性管理ライフサイクルが整備されていれば、CVE-2019-19781のような既知の脆弱性はカバー可能。 SASE＋WAF＋ZTNAによる多層防御が機能すれば、侵入リスクは大幅に軽減 WAFにおける既知の攻撃シグネチャ対応は一般的であり、IDS/IPSやEDRとの組み合わせで侵入前に阻止できる。 SASEにおけるZTNAの導入により、「未認証端末からの直接到達不可」「職員IDベースの接続制御」「MDMによる端末衛生チェック」が可能。 構成管理や攻撃面最小化（attack surface reduction）も含めた対応が前提 公開Webアプリに対する構成管理（例：DMZ分離、最小限ポート公開、不要機能無効化等）が実施されていれば、既知脆弱性を突かれる余地は少ない。 | K40: =SPRV_Source_For_Formulas!D155 | L40: VDI Auth server | M40: クラウド認証で使用されるIAMトークンやAPIキーを盗み出し、正規ユーザになりすまし再ログイン。 | N40: 3 | O40: 2 | P40: =IF(SPRV_Source_For_Formulas!G155<=0.2,3,IF(SPRV_Source_For_Formulas!G155<=0.5,2,1)) | Q40: =4-P40 | R40: =IF(AND(N40=3,O40*Q40>=6),"A",IF(AND(N40=3,O40*Q40>=3),"B",IF(AND(N40=3,O40*Q40>=1),"C",""))) | S40: 管理者アカウント削除防止策として、RBACとMFA、CloudTrail等の操作ログ監視が推奨されている（β’モデル 3.4.2）が、削除自体の即時ブロックは難しく、事後検知になるケースも多いため効果は中程度。 | T40: =SPRV_Source_For_Formulas!D156 | U40: VDI server | V40: 攻撃者は Step1・Step2 で VDI Auth Serverに侵入 → 不正クラウドインスタンス作成 に成功。次のStep3では、VDI Serverに保存されているクラウドシークレット管理ストアへのアクセスを悪用します。 具体的な攻撃手法は以下： VDI Serverや関連アプリが利用する Secrets Manager／Key Vault／環境変数ストア を探索。 APIキー、VDI管理者アカウントのパスワード、DB認証情報、トークン等を抽出。 これらのSecretsを用いて、VDI管理コンソールや下位システムへ追加侵入。 認証情報を悪用して横展開や持続的アクセスを確立。 → 特にVDIサーバは「認証の中枢」であるため、Secretsが奪取されると他の全職員アカウントへの侵入ルートに直結するリスクがあります。 | W40: 3 | X40: 2 | Y40: =IF(SPRV_Source_For_Formulas!G156<=0.2,3,IF(SPRV_Source_For_Formulas!G156<=0.5,2,1)) | Z40: =4-Y40 | AA40: =IF(AND(W40=3,X40*Z40>=6),"A",IF(AND(W40=3,X40*Z40>=3),"B",IF(AND(W40=3,X40*Z40>=1),"C",""))) | AB40: β’モデル「3.2.5 初期ID/パスワード変更の義務」「3.3.1 権限設定」、初期アカウントの削除・無効化を義務付け済みであれば抑止可能、運用が徹底されていれば高い有効性 | AC40: =SPRV_Source_For_Formulas!D157 | AD40: My Number Administrative System on GovCloud | AE40: 攻撃手法の具体化 Step1〜Step3を経て攻撃者は VDI Auth → VDI Serverを経由し、クラウド管理権限を取得済み。 この状態で、攻撃者は My Number System上の業務データを暗号化し、業務停止やデータロックアウトを引き起こす。 想定される攻撃シナリオは以下： クラウド管理API／CLIを利用して、DBボリュームやストレージ（EBS, Blob, RDS等）を強制暗号化。 新しいKMSキーを攻撃者側で生成・割当し、既存キーを削除または無効化。 OSレベルでスクリプトを投入し、ファイルシステム全体を暗号化（Linux LUKS, Windows BitLocker等）。 Cloud Snapshotやバックアップを削除／無効化し、復旧不能状態に誘導。 結果として、マイナンバー業務全体が停止し、行政サービスに甚大な影響が発生する。 | AF40: 3 | AG40: 2 | AH40: =IF(SPRV_Source_For_Formulas!G157<=0.2,3,IF(SPRV_Source_For_Formulas!G157<=0.5,2,1)) | AI40: =4-AH40 | AJ40: =IF(AND(AF40=3,AG40*AI40>=6),"A",IF(AND(AF40=3,AG40*AI40>=3),"B",IF(AND(AF40=3,AG40*AI40>=1),"C",""))) | AK40: | 評価観点 | 状況・施策内容 | 評価 | | ----------------- | ------------------------------------------------------------ | ------ | | データ暗号化制御 | KMSによる暗号化・権限分離は導入済。ただし攻撃者が管理者権限を奪取した場合、正規の暗号化APIを利用され迂回可能。 | ★★☆（2） | | バックアップとリストア体制 | バックアップは定期取得されているが、スナップショット削除防止機能（Vault Lock等）は未導入で、削除耐性に弱点。 | ★★☆（2） | | API監視・検知 | CloudTrail＋SIEMで監査は有効。しかし暗号化コマンドやスナップショット削除のリアルタイム検知ルールは不完全。 | ★★☆（2） | | 承認フロー | 通常業務での暗号化設定変更は承認必須だが、緊急対応・管理者例外が存在し、悪用される可能性を残している。 | ★★☆（2） | | **CSPM／CIEM逸脱検知** | CSPMは導入済。だが暗号化操作やバックアップ削除の挙動検知は限定的。CIEMによる権限逸脱検知も一部のみ適用。 | ★★☆（2） |→総合評価：２ | AL40: =MAX(E40,N40,W40,AF40) | AM40: 2 | AN40: =MAX(G40,P40,Y40,AH40) | AO40: =4-AN40 | AP40: =IF(AND(AL40=3,AM40*AO40>=6),"A",IF(AND(AL40=3,AM40*AO40>=3),"B",IF(AND(AL40=3,AM40*AO40>=1),"C",""))) | AQ40: ="Scenario-level Threat=2; Step1="&I40&" Step2="&R40&" Step3="&AA40&" Step4="&AJ40&" ; Overall Threat fixed=2, Max Mitigation="&AN40&" => Overall="&AP40
A41: 40 | B41: =SPRV_Source_For_Formulas!D158 | C41: VDI Auth server | D41: 外出先からSASE経由でVDI Auth Serverにアクセスする職員の通信を狙い、Citrix Gatewayの既知の脆弱性（例：CVE-2019-19781 など）を悪用して認証バイパスを実行。正規ユーザになりすまし、庁内ネットワークへの初期侵入に成功。 | E41: 3 | F41: 2 | G41: =IF(SPRV_Source_For_Formulas!G158<=0.2,3,IF(SPRV_Source_For_Formulas!G158<=0.5,2,1)) | H41: =4-G41 | I41: =IF(AND(E41=3,F41*H41>=6),"A",IF(AND(E41=3,F41*H41>=3),"B",IF(AND(E41=3,F41*H41>=1),"C",""))) | J41: 根拠（既知脆弱性への限定対応とβ’モデル基準）： 既知脆弱性に対する対策は技術・運用の両面で確立可能 総務省β’モデル「3.2.3 脆弱性管理」では、重大脆弱性に対し「48時間以内にパッチ適用」などのSLAを定めることが推奨されている。 さらに、「脆弱性の収集 → 影響評価 → 優先順位付け → 修正 → 再確認」の脆弱性管理ライフサイクルが整備されていれば、CVE-2019-19781のような既知の脆弱性はカバー可能。 SASE＋WAF＋ZTNAによる多層防御が機能すれば、侵入リスクは大幅に軽減 WAFにおける既知の攻撃シグネチャ対応は一般的であり、IDS/IPSやEDRとの組み合わせで侵入前に阻止できる。 SASEにおけるZTNAの導入により、「未認証端末からの直接到達不可」「職員IDベースの接続制御」「MDMによる端末衛生チェック」が可能。 構成管理や攻撃面最小化（attack surface reduction）も含めた対応が前提 公開Webアプリに対する構成管理（例：DMZ分離、最小限ポート公開、不要機能無効化等）が実施されていれば、既知脆弱性を突かれる余地は少ない。 | K41: =SPRV_Source_For_Formulas!D159 | L41: VDI Auth server | M41: クラウド認証で使用されるIAMトークンやAPIキーを盗み出し、正規ユーザになりすまし再ログイン。 | N41: 3 | O41: 2 | P41: =IF(SPRV_Source_For_Formulas!G159<=0.2,3,IF(SPRV_Source_For_Formulas!G159<=0.5,2,1)) | Q41: =4-P41 | R41: =IF(AND(N41=3,O41*Q41>=6),"A",IF(AND(N41=3,O41*Q41>=3),"B",IF(AND(N41=3,O41*Q41>=1),"C",""))) | S41: 管理者アカウント削除防止策として、RBACとMFA、CloudTrail等の操作ログ監視が推奨されている（β’モデル 3.4.2）が、削除自体の即時ブロックは難しく、事後検知になるケースも多いため効果は中程度。 | T41: =SPRV_Source_For_Formulas!D160 | U41: VDI server | V41: 攻撃者は Step1・Step2 で VDI Auth Serverに侵入 → 不正クラウドインスタンス作成 に成功。次のStep3では、VDI Serverに保存されているクラウドシークレット管理ストアへのアクセスを悪用します。 具体的な攻撃手法は以下： VDI Serverや関連アプリが利用する Secrets Manager／Key Vault／環境変数ストア を探索。 APIキー、VDI管理者アカウントのパスワード、DB認証情報、トークン等を抽出。 これらのSecretsを用いて、VDI管理コンソールや下位システムへ追加侵入。 認証情報を悪用して横展開や持続的アクセスを確立。 → 特にVDIサーバは「認証の中枢」であるため、Secretsが奪取されると他の全職員アカウントへの侵入ルートに直結するリスクがあります。 | W41: 3 | X41: 2 | Y41: =IF(SPRV_Source_For_Formulas!G160<=0.2,3,IF(SPRV_Source_For_Formulas!G160<=0.5,2,1)) | Z41: =4-Y41 | AA41: =IF(AND(W41=3,X41*Z41>=6),"A",IF(AND(W41=3,X41*Z41>=3),"B",IF(AND(W41=3,X41*Z41>=1),"C",""))) | AB41: β’モデル「3.2.5 初期ID/パスワード変更の義務」「3.3.1 権限設定」、初期アカウントの削除・無効化を義務付け済みであれば抑止可能、運用が徹底されていれば高い有効性 | AC41: =SPRV_Source_For_Formulas!D161 | AD41: My Number Administrative System on GovCloud | AE41: 攻撃手法の具体化 Step1〜Step3で VDI Auth Server → VDI Server に侵入済みの攻撃者は、最終段階として マイナンバー事務系システムのリソース（特に帯域幅）を不正利用 。 攻撃の具体例： マイナンバーシステム上で稼働する VM／コンテナに不正ソフトを導入し、外部DDoS攻撃の踏み台として帯域を消費。 内部帯域を過剰利用し、正規業務処理の遅延や停止を誘発。 帯域消費によりクラウド課金を膨張させ、経済的損害を与える。 通信トラフィックに混在させて、C2通信やデータ流出を隠蔽。 → この攻撃は 「可用性の破壊」と「リソース濫用」 の両面を狙っており、暗号化攻撃（T1486）と比べても検知が難しい特徴がある。 | AF41: 3 | AG41: 2 | AH41: =IF(SPRV_Source_For_Formulas!G161<=0.2,3,IF(SPRV_Source_For_Formulas!G161<=0.5,2,1)) | AI41: =4-AH41 | AJ41: =IF(AND(AF41=3,AG41*AI41>=6),"A",IF(AND(AF41=3,AG41*AI41>=3),"B",IF(AND(AF41=3,AG41*AI41>=1),"C",""))) | AK41: | 評価観点 | 状況・施策内容 | 評価 | | -------------- | ---------------------------------------------------- | ------ | | 帯域使用監視・検知 | CloudWatch／Monitor等で帯域監視は実施。ただしリアルタイム異常検知ルールは一部未整備。 | ★★☆（2） | | DDoS対策 | 一般的なDDoS対策サービスは契約済。ただし全トラフィック網羅ではなく、業務系ネットワークの一部対象外。 | ★★☆（2） | | 出口通信制御 | Proxy・FWルールで外部接続制御済。ただしVDI経由トラフィックは例外許容ケースあり。 | ★★☆（2） | | CSPM／CIEMによる検知 | 過剰権限は定期監査されるが、自動検知ルールは不十分。帯域逸脱の直接検知機能は限定的。 | ★★☆（2） | | 監査と課金異常モニタリング | 月次監査とクラウド課金監視あり。ただし異常利用を即座にアラート化する仕組みは未導入。 | ★★☆（2） |→ 総合評価：2.0 → レベル2 | AL41: =MAX(E41,N41,W41,AF41) | AM41: 2 | AN41: =MAX(G41,P41,Y41,AH41) | AO41: =4-AN41 | AP41: =IF(AND(AL41=3,AM41*AO41>=6),"A",IF(AND(AL41=3,AM41*AO41>=3),"B",IF(AND(AL41=3,AM41*AO41>=1),"C",""))) | AQ41: ="Scenario-level Threat=2; Step1="&I41&" Step2="&R41&" Step3="&AA41&" Step4="&AJ41&" ; Overall Threat fixed=2, Max Mitigation="&AN41&" => Overall="&AP41
A42: 41 | B42: =SPRV_Source_For_Formulas!D162 | C42: VDI Auth server | D42: 外出先からSASE経由でVDI Auth Serverにアクセスする職員の通信を狙い、Citrix Gatewayの既知の脆弱性（例：CVE-2019-19781 など）を悪用して認証バイパスを実行。正規ユーザになりすまし、庁内ネットワークへの初期侵入に成功。 | E42: 3 | F42: 2 | G42: =IF(SPRV_Source_For_Formulas!G162<=0.2,3,IF(SPRV_Source_For_Formulas!G162<=0.5,2,1)) | H42: =4-G42 | I42: =IF(AND(E42=3,F42*H42>=6),"A",IF(AND(E42=3,F42*H42>=3),"B",IF(AND(E42=3,F42*H42>=1),"C",""))) | J42: 根拠（既知脆弱性への限定対応とβ’モデル基準）： 既知脆弱性に対する対策は技術・運用の両面で確立可能 総務省β’モデル「3.2.3 脆弱性管理」では、重大脆弱性に対し「48時間以内にパッチ適用」などのSLAを定めることが推奨されている。 さらに、「脆弱性の収集 → 影響評価 → 優先順位付け → 修正 → 再確認」の脆弱性管理ライフサイクルが整備されていれば、CVE-2019-19781のような既知の脆弱性はカバー可能。 SASE＋WAF＋ZTNAによる多層防御が機能すれば、侵入リスクは大幅に軽減 WAFにおける既知の攻撃シグネチャ対応は一般的であり、IDS/IPSやEDRとの組み合わせで侵入前に阻止できる。 SASEにおけるZTNAの導入により、「未認証端末からの直接到達不可」「職員IDベースの接続制御」「MDMによる端末衛生チェック」が可能。 構成管理や攻撃面最小化（attack surface reduction）も含めた対応が前提 公開Webアプリに対する構成管理（例：DMZ分離、最小限ポート公開、不要機能無効化等）が実施されていれば、既知脆弱性を突かれる余地は少ない。 | K42: =SPRV_Source_For_Formulas!D163 | L42: VDI Auth server | M42: クラウド認証で使用されるIAMトークンやAPIキーを盗み出し、正規ユーザになりすまし再ログイン。 | N42: 3 | O42: 2 | P42: =IF(SPRV_Source_For_Formulas!G163<=0.2,3,IF(SPRV_Source_For_Formulas!G163<=0.5,2,1)) | Q42: =4-P42 | R42: =IF(AND(N42=3,O42*Q42>=6),"A",IF(AND(N42=3,O42*Q42>=3),"B",IF(AND(N42=3,O42*Q42>=1),"C",""))) | S42: 管理者アカウント削除防止策として、RBACとMFA、CloudTrail等の操作ログ監視が推奨されている（β’モデル 3.4.2）が、削除自体の即時ブロックは難しく、事後検知になるケースも多いため効果は中程度。 | T42: =SPRV_Source_For_Formulas!D164 | U42: VDI server | V42: クラウドAPIを介してスクリプトを実行し、横展開やシステム操作を実施。 | W42: 3 | X42: 2 | Y42: =IF(SPRV_Source_For_Formulas!G164<=0.2,3,IF(SPRV_Source_For_Formulas!G164<=0.5,2,1)) | Z42: =4-Y42 | AA42: =IF(AND(W42=3,X42*Z42>=6),"A",IF(AND(W42=3,X42*Z42>=3),"B",IF(AND(W42=3,X42*Z42>=1),"C",""))) | AB42: β’モデル「3.3.6 コマンド実行制御」や「3.2.3 脆弱性管理」、Cloud API利用は正規用途でもあり、異常操作の見分けが困難、CSPMやSIEMによる振る舞い監視が必要だが完全ではない | AC42: =SPRV_Source_For_Formulas!D165 | AD42: My Number Administrative System on GovCloud | AE42: クラウドサービスを異常終了させ、業務継続を妨害する（DoS）。 | AF42: 3 | AG42: 2 | AH42: =IF(SPRV_Source_For_Formulas!G165<=0.2,3,IF(SPRV_Source_For_Formulas!G165<=0.5,2,1)) | AI42: =4-AH42 | AJ42: =IF(AND(AF42=3,AG42*AI42>=6),"A",IF(AND(AF42=3,AG42*AI42>=3),"B",IF(AND(AF42=3,AG42*AI42>=1),"C",""))) | AK42: β’モデル＋ガバメントクラウド資料にてIAM最小権限、API監査、CSPM運用が整備されていれば、有効性は高い。ただし初期検知遅延やアラート無視等には注意が必要。 | AL42: =MAX(E42,N42,W42,AF42) | AM42: 2 | AN42: =MAX(G42,P42,Y42,AH42) | AO42: =4-AN42 | AP42: =IF(AND(AL42=3,AM42*AO42>=6),"A",IF(AND(AL42=3,AM42*AO42>=3),"B",IF(AND(AL42=3,AM42*AO42>=1),"C",""))) | AQ42: ="Scenario-level Threat=2; Step1="&I42&" Step2="&R42&" Step3="&AA42&" Step4="&AJ42&" ; Overall Threat fixed=2, Max Mitigation="&AN42&" => Overall="&AP42
A43: 42 | B43: =SPRV_Source_For_Formulas!D166 | C43: VDI Auth server | D43: 外出先からSASE経由でVDI Auth Serverにアクセスする職員の通信を狙い、Citrix Gatewayの既知の脆弱性（例：CVE-2019-19781 など）を悪用して認証バイパスを実行。正規ユーザになりすまし、庁内ネットワークへの初期侵入に成功。 | E43: 3 | F43: 2 | G43: =IF(SPRV_Source_For_Formulas!G166<=0.2,3,IF(SPRV_Source_For_Formulas!G166<=0.5,2,1)) | H43: =4-G43 | I43: =IF(AND(E43=3,F43*H43>=6),"A",IF(AND(E43=3,F43*H43>=3),"B",IF(AND(E43=3,F43*H43>=1),"C",""))) | J43: 根拠（既知脆弱性への限定対応とβ’モデル基準）： 既知脆弱性に対する対策は技術・運用の両面で確立可能 総務省β’モデル「3.2.3 脆弱性管理」では、重大脆弱性に対し「48時間以内にパッチ適用」などのSLAを定めることが推奨されている。 さらに、「脆弱性の収集 → 影響評価 → 優先順位付け → 修正 → 再確認」の脆弱性管理ライフサイクルが整備されていれば、CVE-2019-19781のような既知の脆弱性はカバー可能。 SASE＋WAF＋ZTNAによる多層防御が機能すれば、侵入リスクは大幅に軽減 WAFにおける既知の攻撃シグネチャ対応は一般的であり、IDS/IPSやEDRとの組み合わせで侵入前に阻止できる。 SASEにおけるZTNAの導入により、「未認証端末からの直接到達不可」「職員IDベースの接続制御」「MDMによる端末衛生チェック」が可能。 構成管理や攻撃面最小化（attack surface reduction）も含めた対応が前提 公開Webアプリに対する構成管理（例：DMZ分離、最小限ポート公開、不要機能無効化等）が実施されていれば、既知脆弱性を突かれる余地は少ない。 | K43: =SPRV_Source_For_Formulas!D167 | L43: VDI Auth server | M43: クラウド認証で使用されるIAMトークンやAPIキーを盗み出し、正規ユーザになりすまし再ログイン。 | N43: 3 | O43: 2 | P43: =IF(SPRV_Source_For_Formulas!G167<=0.2,3,IF(SPRV_Source_For_Formulas!G167<=0.5,2,1)) | Q43: =4-P43 | R43: =IF(AND(N43=3,O43*Q43>=6),"A",IF(AND(N43=3,O43*Q43>=3),"B",IF(AND(N43=3,O43*Q43>=1),"C",""))) | S43: 管理者アカウント削除防止策として、RBACとMFA、CloudTrail等の操作ログ監視が推奨されている（β’モデル 3.4.2）が、削除自体の即時ブロックは難しく、事後検知になるケースも多いため効果は中程度。 | T43: =SPRV_Source_For_Formulas!D168 | U43: VDI server | V43: クラウドAPIを介してスクリプトを実行し、横展開やシステム操作を実施。 | W43: 3 | X43: 2 | Y43: =IF(SPRV_Source_For_Formulas!G168<=0.2,3,IF(SPRV_Source_For_Formulas!G168<=0.5,2,1)) | Z43: =4-Y43 | AA43: =IF(AND(W43=3,X43*Z43>=6),"A",IF(AND(W43=3,X43*Z43>=3),"B",IF(AND(W43=3,X43*Z43>=1),"C",""))) | AB43: β’モデル「3.3.6 コマンド実行制御」や「3.2.3 脆弱性管理」、Cloud API利用は正規用途でもあり、異常操作の見分けが困難、CSPMやSIEMによる振る舞い監視が必要だが完全ではない | AC43: =SPRV_Source_For_Formulas!D169 | AD43: My Number Administrative System on GovCloud | AE43: クラウドサービスを強制終了し、可用性を毀損。 | AF43: 3 | AG43: 2 | AH43: =IF(SPRV_Source_For_Formulas!G169<=0.2,3,IF(SPRV_Source_For_Formulas!G169<=0.5,2,1)) | AI43: =4-AH43 | AJ43: =IF(AND(AF43=3,AG43*AI43>=6),"A",IF(AND(AF43=3,AG43*AI43>=3),"B",IF(AND(AF43=3,AG43*AI43>=1),"C",""))) | AK43: 仮想マシンに対するネットワーク分離、IAM制御、ログ監視により不正操作の抑止・検知が可能。推奨対策と合致。 | AL43: =MAX(E43,N43,W43,AF43) | AM43: 2 | AN43: =MAX(G43,P43,Y43,AH43) | AO43: =4-AN43 | AP43: =IF(AND(AL43=3,AM43*AO43>=6),"A",IF(AND(AL43=3,AM43*AO43>=3),"B",IF(AND(AL43=3,AM43*AO43>=1),"C",""))) | AQ43: ="Scenario-level Threat=2; Step1="&I43&" Step2="&R43&" Step3="&AA43&" Step4="&AJ43&" ; Overall Threat fixed=2, Max Mitigation="&AN43&" => Overall="&AP43
A44: 43 | B44: =SPRV_Source_For_Formulas!D170 | C44: VDI Auth server | D44: 外出先からSASE経由でVDI Auth Serverにアクセスする職員の通信を狙い、Citrix Gatewayの既知の脆弱性（例：CVE-2019-19781 など）を悪用して認証バイパスを実行。正規ユーザになりすまし、庁内ネットワークへの初期侵入に成功。 | E44: 3 | F44: 2 | G44: =IF(SPRV_Source_For_Formulas!G170<=0.2,3,IF(SPRV_Source_For_Formulas!G170<=0.5,2,1)) | H44: =4-G44 | I44: =IF(AND(E44=3,F44*H44>=6),"A",IF(AND(E44=3,F44*H44>=3),"B",IF(AND(E44=3,F44*H44>=1),"C",""))) | J44: 根拠（既知脆弱性への限定対応とβ’モデル基準）： 既知脆弱性に対する対策は技術・運用の両面で確立可能 総務省β’モデル「3.2.3 脆弱性管理」では、重大脆弱性に対し「48時間以内にパッチ適用」などのSLAを定めることが推奨されている。 さらに、「脆弱性の収集 → 影響評価 → 優先順位付け → 修正 → 再確認」の脆弱性管理ライフサイクルが整備されていれば、CVE-2019-19781のような既知の脆弱性はカバー可能。 SASE＋WAF＋ZTNAによる多層防御が機能すれば、侵入リスクは大幅に軽減 WAFにおける既知の攻撃シグネチャ対応は一般的であり、IDS/IPSやEDRとの組み合わせで侵入前に阻止できる。 SASEにおけるZTNAの導入により、「未認証端末からの直接到達不可」「職員IDベースの接続制御」「MDMによる端末衛生チェック」が可能。 構成管理や攻撃面最小化（attack surface reduction）も含めた対応が前提 公開Webアプリに対する構成管理（例：DMZ分離、最小限ポート公開、不要機能無効化等）が実施されていれば、既知脆弱性を突かれる余地は少ない。 | K44: =SPRV_Source_For_Formulas!D171 | L44: VDI Auth server | M44: クラウド認証で使用されるIAMトークンやAPIキーを盗み出し、正規ユーザになりすまし再ログイン。 | N44: 3 | O44: 2 | P44: =IF(SPRV_Source_For_Formulas!G171<=0.2,3,IF(SPRV_Source_For_Formulas!G171<=0.5,2,1)) | Q44: =4-P44 | R44: =IF(AND(N44=3,O44*Q44>=6),"A",IF(AND(N44=3,O44*Q44>=3),"B",IF(AND(N44=3,O44*Q44>=1),"C",""))) | S44: 管理者アカウント削除防止策として、RBACとMFA、CloudTrail等の操作ログ監視が推奨されている（β’モデル 3.4.2）が、削除自体の即時ブロックは難しく、事後検知になるケースも多いため効果は中程度。 | T44: =SPRV_Source_For_Formulas!D172 | U44: VDI server | V44: クラウドAPIを介してスクリプトを実行し、横展開やシステム操作を実施。 | W44: 3 | X44: 2 | Y44: =IF(SPRV_Source_For_Formulas!G172<=0.2,3,IF(SPRV_Source_For_Formulas!G172<=0.5,2,1)) | Z44: =4-Y44 | AA44: =IF(AND(W44=3,X44*Z44>=6),"A",IF(AND(W44=3,X44*Z44>=3),"B",IF(AND(W44=3,X44*Z44>=1),"C",""))) | AB44: β’モデル「3.3.6 コマンド実行制御」や「3.2.3 脆弱性管理」、Cloud API利用は正規用途でもあり、異常操作の見分けが困難、CSPMやSIEMによる振る舞い監視が必要だが完全ではない | AC44: =SPRV_Source_For_Formulas!D173 | AD44: My Number Administrative System on GovCloud | AE44: 攻撃手法の具体化 Step1〜Step3を経て攻撃者は VDI Auth → VDI Serverを経由し、クラウド管理権限を取得済み。 この状態で、攻撃者は My Number System上の業務データを暗号化し、業務停止やデータロックアウトを引き起こす。 想定される攻撃シナリオは以下： クラウド管理API／CLIを利用して、DBボリュームやストレージ（EBS, Blob, RDS等）を強制暗号化。 新しいKMSキーを攻撃者側で生成・割当し、既存キーを削除または無効化。 OSレベルでスクリプトを投入し、ファイルシステム全体を暗号化（Linux LUKS, Windows BitLocker等）。 Cloud Snapshotやバックアップを削除／無効化し、復旧不能状態に誘導。 結果として、マイナンバー業務全体が停止し、行政サービスに甚大な影響が発生する。 | AF44: 3 | AG44: 2 | AH44: =IF(SPRV_Source_For_Formulas!G173<=0.2,3,IF(SPRV_Source_For_Formulas!G173<=0.5,2,1)) | AI44: =4-AH44 | AJ44: =IF(AND(AF44=3,AG44*AI44>=6),"A",IF(AND(AF44=3,AG44*AI44>=3),"B",IF(AND(AF44=3,AG44*AI44>=1),"C",""))) | AK44: | 評価観点 | 状況・施策内容 | 評価 | | ----------------- | ------------------------------------------------------------ | ------ | | データ暗号化制御 | KMSによる暗号化・権限分離は導入済。ただし攻撃者が管理者権限を奪取した場合、正規の暗号化APIを利用され迂回可能。 | ★★☆（2） | | バックアップとリストア体制 | バックアップは定期取得されているが、スナップショット削除防止機能（Vault Lock等）は未導入で、削除耐性に弱点。 | ★★☆（2） | | API監視・検知 | CloudTrail＋SIEMで監査は有効。しかし暗号化コマンドやスナップショット削除のリアルタイム検知ルールは不完全。 | ★★☆（2） | | 承認フロー | 通常業務での暗号化設定変更は承認必須だが、緊急対応・管理者例外が存在し、悪用される可能性を残している。 | ★★☆（2） | | **CSPM／CIEM逸脱検知** | CSPMは導入済。だが暗号化操作やバックアップ削除の挙動検知は限定的。CIEMによる権限逸脱検知も一部のみ適用。 | ★★☆（2） |→総合評価：２ | AL44: =MAX(E44,N44,W44,AF44) | AM44: 2 | AN44: =MAX(G44,P44,Y44,AH44) | AO44: =4-AN44 | AP44: =IF(AND(AL44=3,AM44*AO44>=6),"A",IF(AND(AL44=3,AM44*AO44>=3),"B",IF(AND(AL44=3,AM44*AO44>=1),"C",""))) | AQ44: ="Scenario-level Threat=2; Step1="&I44&" Step2="&R44&" Step3="&AA44&" Step4="&AJ44&" ; Overall Threat fixed=2, Max Mitigation="&AN44&" => Overall="&AP44
A45: 44 | B45: =SPRV_Source_For_Formulas!D174 | C45: VDI Auth server | D45: 外出先からSASE経由でVDI Auth Serverにアクセスする職員の通信を狙い、Citrix Gatewayの既知の脆弱性（例：CVE-2019-19781 など）を悪用して認証バイパスを実行。正規ユーザになりすまし、庁内ネットワークへの初期侵入に成功。 | E45: 3 | F45: 2 | G45: =IF(SPRV_Source_For_Formulas!G174<=0.2,3,IF(SPRV_Source_For_Formulas!G174<=0.5,2,1)) | H45: =4-G45 | I45: =IF(AND(E45=3,F45*H45>=6),"A",IF(AND(E45=3,F45*H45>=3),"B",IF(AND(E45=3,F45*H45>=1),"C",""))) | J45: 根拠（既知脆弱性への限定対応とβ’モデル基準）： 既知脆弱性に対する対策は技術・運用の両面で確立可能 総務省β’モデル「3.2.3 脆弱性管理」では、重大脆弱性に対し「48時間以内にパッチ適用」などのSLAを定めることが推奨されている。 さらに、「脆弱性の収集 → 影響評価 → 優先順位付け → 修正 → 再確認」の脆弱性管理ライフサイクルが整備されていれば、CVE-2019-19781のような既知の脆弱性はカバー可能。 SASE＋WAF＋ZTNAによる多層防御が機能すれば、侵入リスクは大幅に軽減 WAFにおける既知の攻撃シグネチャ対応は一般的であり、IDS/IPSやEDRとの組み合わせで侵入前に阻止できる。 SASEにおけるZTNAの導入により、「未認証端末からの直接到達不可」「職員IDベースの接続制御」「MDMによる端末衛生チェック」が可能。 構成管理や攻撃面最小化（attack surface reduction）も含めた対応が前提 公開Webアプリに対する構成管理（例：DMZ分離、最小限ポート公開、不要機能無効化等）が実施されていれば、既知脆弱性を突かれる余地は少ない。 | K45: =SPRV_Source_For_Formulas!D175 | L45: VDI Auth server | M45: クラウド認証で使用されるIAMトークンやAPIキーを盗み出し、正規ユーザになりすまし再ログイン。 | N45: 3 | O45: 2 | P45: =IF(SPRV_Source_For_Formulas!G175<=0.2,3,IF(SPRV_Source_For_Formulas!G175<=0.5,2,1)) | Q45: =4-P45 | R45: =IF(AND(N45=3,O45*Q45>=6),"A",IF(AND(N45=3,O45*Q45>=3),"B",IF(AND(N45=3,O45*Q45>=1),"C",""))) | S45: 管理者アカウント削除防止策として、RBACとMFA、CloudTrail等の操作ログ監視が推奨されている（β’モデル 3.4.2）が、削除自体の即時ブロックは難しく、事後検知になるケースも多いため効果は中程度。 | T45: =SPRV_Source_For_Formulas!D176 | U45: VDI server | V45: クラウドAPIを介してスクリプトを実行し、横展開やシステム操作を実施。 | W45: 3 | X45: 2 | Y45: =IF(SPRV_Source_For_Formulas!G176<=0.2,3,IF(SPRV_Source_For_Formulas!G176<=0.5,2,1)) | Z45: =4-Y45 | AA45: =IF(AND(W45=3,X45*Z45>=6),"A",IF(AND(W45=3,X45*Z45>=3),"B",IF(AND(W45=3,X45*Z45>=1),"C",""))) | AB45: β’モデル「3.3.6 コマンド実行制御」や「3.2.3 脆弱性管理」、Cloud API利用は正規用途でもあり、異常操作の見分けが困難、CSPMやSIEMによる振る舞い監視が必要だが完全ではない | AC45: =SPRV_Source_For_Formulas!D177 | AD45: My Number Administrative System on GovCloud | AE45: 攻撃手法の具体化 Step1〜Step3で VDI Auth Server → VDI Server に侵入済みの攻撃者は、最終段階として マイナンバー事務系システムのリソース（特に帯域幅）を不正利用 。 攻撃の具体例： マイナンバーシステム上で稼働する VM／コンテナに不正ソフトを導入し、外部DDoS攻撃の踏み台として帯域を消費。 内部帯域を過剰利用し、正規業務処理の遅延や停止を誘発。 帯域消費によりクラウド課金を膨張させ、経済的損害を与える。 通信トラフィックに混在させて、C2通信やデータ流出を隠蔽。 → この攻撃は 「可用性の破壊」と「リソース濫用」 の両面を狙っており、暗号化攻撃（T1486）と比べても検知が難しい特徴がある。 | AF45: 3 | AG45: 2 | AH45: =IF(SPRV_Source_For_Formulas!G177<=0.2,3,IF(SPRV_Source_For_Formulas!G177<=0.5,2,1)) | AI45: =4-AH45 | AJ45: =IF(AND(AF45=3,AG45*AI45>=6),"A",IF(AND(AF45=3,AG45*AI45>=3),"B",IF(AND(AF45=3,AG45*AI45>=1),"C",""))) | AK45: | 評価観点 | 状況・施策内容 | 評価 | | -------------- | ---------------------------------------------------- | ------ | | 帯域使用監視・検知 | CloudWatch／Monitor等で帯域監視は実施。ただしリアルタイム異常検知ルールは一部未整備。 | ★★☆（2） | | DDoS対策 | 一般的なDDoS対策サービスは契約済。ただし全トラフィック網羅ではなく、業務系ネットワークの一部対象外。 | ★★☆（2） | | 出口通信制御 | Proxy・FWルールで外部接続制御済。ただしVDI経由トラフィックは例外許容ケースあり。 | ★★☆（2） | | CSPM／CIEMによる検知 | 過剰権限は定期監査されるが、自動検知ルールは不十分。帯域逸脱の直接検知機能は限定的。 | ★★☆（2） | | 監査と課金異常モニタリング | 月次監査とクラウド課金監視あり。ただし異常利用を即座にアラート化する仕組みは未導入。 | ★★☆（2） |→ 総合評価：2.0 → レベル2 | AL45: =MAX(E45,N45,W45,AF45) | AM45: 2 | AN45: =MAX(G45,P45,Y45,AH45) | AO45: =4-AN45 | AP45: =IF(AND(AL45=3,AM45*AO45>=6),"A",IF(AND(AL45=3,AM45*AO45>=3),"B",IF(AND(AL45=3,AM45*AO45>=1),"C",""))) | AQ45: ="Scenario-level Threat=2; Step1="&I45&" Step2="&R45&" Step3="&AA45&" Step4="&AJ45&" ; Overall Threat fixed=2, Max Mitigation="&AN45&" => Overall="&AP45
A46: 45 | B46: =SPRV_Source_For_Formulas!D178 | C46: VDI Auth server | D46: 外出先からSASE経由でVDI Auth Serverにアクセスする職員の通信を狙い、Citrix Gatewayの既知の脆弱性（例：CVE-2019-19781 など）を悪用して認証バイパスを実行。正規ユーザになりすまし、庁内ネットワークへの初期侵入に成功。 | E46: 3 | F46: 2 | G46: =IF(SPRV_Source_For_Formulas!G178<=0.2,3,IF(SPRV_Source_For_Formulas!G178<=0.5,2,1)) | H46: =4-G46 | I46: =IF(AND(E46=3,F46*H46>=6),"A",IF(AND(E46=3,F46*H46>=3),"B",IF(AND(E46=3,F46*H46>=1),"C",""))) | J46: 根拠（既知脆弱性への限定対応とβ’モデル基準）： 既知脆弱性に対する対策は技術・運用の両面で確立可能 総務省β’モデル「3.2.3 脆弱性管理」では、重大脆弱性に対し「48時間以内にパッチ適用」などのSLAを定めることが推奨されている。 さらに、「脆弱性の収集 → 影響評価 → 優先順位付け → 修正 → 再確認」の脆弱性管理ライフサイクルが整備されていれば、CVE-2019-19781のような既知の脆弱性はカバー可能。 SASE＋WAF＋ZTNAによる多層防御が機能すれば、侵入リスクは大幅に軽減 WAFにおける既知の攻撃シグネチャ対応は一般的であり、IDS/IPSやEDRとの組み合わせで侵入前に阻止できる。 SASEにおけるZTNAの導入により、「未認証端末からの直接到達不可」「職員IDベースの接続制御」「MDMによる端末衛生チェック」が可能。 構成管理や攻撃面最小化（attack surface reduction）も含めた対応が前提 公開Webアプリに対する構成管理（例：DMZ分離、最小限ポート公開、不要機能無効化等）が実施されていれば、既知脆弱性を突かれる余地は少ない。 | K46: =SPRV_Source_For_Formulas!D179 | L46: VDI Auth server | M46: クラウド認証で使用されるIAMトークンやAPIキーを盗み出し、正規ユーザになりすまし再ログイン。 | N46: 3 | O46: 2 | P46: =IF(SPRV_Source_For_Formulas!G179<=0.2,3,IF(SPRV_Source_For_Formulas!G179<=0.5,2,1)) | Q46: =4-P46 | R46: =IF(AND(N46=3,O46*Q46>=6),"A",IF(AND(N46=3,O46*Q46>=3),"B",IF(AND(N46=3,O46*Q46>=1),"C",""))) | S46: 管理者アカウント削除防止策として、RBACとMFA、CloudTrail等の操作ログ監視が推奨されている（β’モデル 3.4.2）が、削除自体の即時ブロックは難しく、事後検知になるケースも多いため効果は中程度。 | T46: =SPRV_Source_For_Formulas!D180 | U46: VDI server | V46: グループポリシーやAzure ADの設定変更により、認可ルールを操作。 | W46: 3 | X46: 2 | Y46: =IF(SPRV_Source_For_Formulas!G180<=0.2,3,IF(SPRV_Source_For_Formulas!G180<=0.5,2,1)) | Z46: =4-Y46 | AA46: =IF(AND(W46=3,X46*Z46>=6),"A",IF(AND(W46=3,X46*Z46>=3),"B",IF(AND(W46=3,X46*Z46>=1),"C",""))) | AB46: β’モデル： 「3.3.1 権限管理」「3.3.5 設定変更検知」「3.4.1 操作記録」等。 補足評価： GPO改変は一度権限を奪取された後に、正規操作として行われる可能性が高く、検知・阻止が難しい。 特にVDI環境などでは検知の即時性に限界があるため、評価「2（低）」は妥当。 | AC46: =SPRV_Source_For_Formulas!D181 | AD46: My Number Administrative System on GovCloud | AE46: クラウドサービスの意図的な異常終了により業務を妨害。 | AF46: 3 | AG46: 2 | AH46: =IF(SPRV_Source_For_Formulas!G181<=0.2,3,IF(SPRV_Source_For_Formulas!G181<=0.5,2,1)) | AI46: =4-AH46 | AJ46: =IF(AND(AF46=3,AG46*AI46>=6),"A",IF(AND(AF46=3,AG46*AI46>=3),"B",IF(AND(AF46=3,AG46*AI46>=1),"C",""))) | AK46: β’モデル＋ガバメントクラウド資料にてIAM最小権限、API監査、CSPM運用が整備されていれば、有効性は高い。ただし初期検知遅延やアラート無視等には注意が必要。 | AL46: =MAX(E46,N46,W46,AF46) | AM46: 2 | AN46: =MAX(G46,P46,Y46,AH46) | AO46: =4-AN46 | AP46: =IF(AND(AL46=3,AM46*AO46>=6),"A",IF(AND(AL46=3,AM46*AO46>=3),"B",IF(AND(AL46=3,AM46*AO46>=1),"C",""))) | AQ46: ="Scenario-level Threat=2; Step1="&I46&" Step2="&R46&" Step3="&AA46&" Step4="&AJ46&" ; Overall Threat fixed=2, Max Mitigation="&AN46&" => Overall="&AP46
A47: 46 | B47: =SPRV_Source_For_Formulas!D182 | C47: VDI Auth server | D47: 外出先からSASE経由でVDI Auth Serverにアクセスする職員の通信を狙い、Citrix Gatewayの既知の脆弱性（例：CVE-2019-19781 など）を悪用して認証バイパスを実行。正規ユーザになりすまし、庁内ネットワークへの初期侵入に成功。 | E47: 3 | F47: 2 | G47: =IF(SPRV_Source_For_Formulas!G182<=0.2,3,IF(SPRV_Source_For_Formulas!G182<=0.5,2,1)) | H47: =4-G47 | I47: =IF(AND(E47=3,F47*H47>=6),"A",IF(AND(E47=3,F47*H47>=3),"B",IF(AND(E47=3,F47*H47>=1),"C",""))) | J47: 根拠（既知脆弱性への限定対応とβ’モデル基準）： 既知脆弱性に対する対策は技術・運用の両面で確立可能 総務省β’モデル「3.2.3 脆弱性管理」では、重大脆弱性に対し「48時間以内にパッチ適用」などのSLAを定めることが推奨されている。 さらに、「脆弱性の収集 → 影響評価 → 優先順位付け → 修正 → 再確認」の脆弱性管理ライフサイクルが整備されていれば、CVE-2019-19781のような既知の脆弱性はカバー可能。 SASE＋WAF＋ZTNAによる多層防御が機能すれば、侵入リスクは大幅に軽減 WAFにおける既知の攻撃シグネチャ対応は一般的であり、IDS/IPSやEDRとの組み合わせで侵入前に阻止できる。 SASEにおけるZTNAの導入により、「未認証端末からの直接到達不可」「職員IDベースの接続制御」「MDMによる端末衛生チェック」が可能。 構成管理や攻撃面最小化（attack surface reduction）も含めた対応が前提 公開Webアプリに対する構成管理（例：DMZ分離、最小限ポート公開、不要機能無効化等）が実施されていれば、既知脆弱性を突かれる余地は少ない。 | K47: =SPRV_Source_For_Formulas!D183 | L47: VDI Auth server | M47: クラウド認証で使用されるIAMトークンやAPIキーを盗み出し、正規ユーザになりすまし再ログイン。 | N47: 3 | O47: 2 | P47: =IF(SPRV_Source_For_Formulas!G183<=0.2,3,IF(SPRV_Source_For_Formulas!G183<=0.5,2,1)) | Q47: =4-P47 | R47: =IF(AND(N47=3,O47*Q47>=6),"A",IF(AND(N47=3,O47*Q47>=3),"B",IF(AND(N47=3,O47*Q47>=1),"C",""))) | S47: 管理者アカウント削除防止策として、RBACとMFA、CloudTrail等の操作ログ監視が推奨されている（β’モデル 3.4.2）が、削除自体の即時ブロックは難しく、事後検知になるケースも多いため効果は中程度。 | T47: =SPRV_Source_For_Formulas!D184 | U47: VDI server | V47: グループポリシーやAzure ADの設定変更により、認可ルールを操作。 | W47: 3 | X47: 2 | Y47: =IF(SPRV_Source_For_Formulas!G184<=0.2,3,IF(SPRV_Source_For_Formulas!G184<=0.5,2,1)) | Z47: =4-Y47 | AA47: =IF(AND(W47=3,X47*Z47>=6),"A",IF(AND(W47=3,X47*Z47>=3),"B",IF(AND(W47=3,X47*Z47>=1),"C",""))) | AB47: β’モデル： 「3.3.1 権限管理」「3.3.5 設定変更検知」「3.4.1 操作記録」等。 補足評価： GPO改変は一度権限を奪取された後に、正規操作として行われる可能性が高く、検知・阻止が難しい。 特にVDI環境などでは検知の即時性に限界があるため、評価「2（低）」は妥当。 | AC47: =SPRV_Source_For_Formulas!D185 | AD47: My Number Administrative System on GovCloud | AE47: クラウドサービスを完全停止に近い状態に追い込み、持続的業務不能にする。 | AF47: 3 | AG47: 2 | AH47: =IF(SPRV_Source_For_Formulas!G185<=0.2,3,IF(SPRV_Source_For_Formulas!G185<=0.5,2,1)) | AI47: =4-AH47 | AJ47: =IF(AND(AF47=3,AG47*AI47>=6),"A",IF(AND(AF47=3,AG47*AI47>=3),"B",IF(AND(AF47=3,AG47*AI47>=1),"C",""))) | AK47: 仮想マシンに対するネットワーク分離、IAM制御、ログ監視により不正操作の抑止・検知が可能。推奨対策と合致。 | AL47: =MAX(E47,N47,W47,AF47) | AM47: 2 | AN47: =MAX(G47,P47,Y47,AH47) | AO47: =4-AN47 | AP47: =IF(AND(AL47=3,AM47*AO47>=6),"A",IF(AND(AL47=3,AM47*AO47>=3),"B",IF(AND(AL47=3,AM47*AO47>=1),"C",""))) | AQ47: ="Scenario-level Threat=2; Step1="&I47&" Step2="&R47&" Step3="&AA47&" Step4="&AJ47&" ; Overall Threat fixed=2, Max Mitigation="&AN47&" => Overall="&AP47
A48: 47 | B48: =SPRV_Source_For_Formulas!D186 | C48: VDI Auth server | D48: 外出先からSASE経由でVDI Auth Serverにアクセスする職員の通信を狙い、Citrix Gatewayの既知の脆弱性（例：CVE-2019-19781 など）を悪用して認証バイパスを実行。正規ユーザになりすまし、庁内ネットワークへの初期侵入に成功。 | E48: 3 | F48: 2 | G48: =IF(SPRV_Source_For_Formulas!G186<=0.2,3,IF(SPRV_Source_For_Formulas!G186<=0.5,2,1)) | H48: =4-G48 | I48: =IF(AND(E48=3,F48*H48>=6),"A",IF(AND(E48=3,F48*H48>=3),"B",IF(AND(E48=3,F48*H48>=1),"C",""))) | J48: 根拠（既知脆弱性への限定対応とβ’モデル基準）： 既知脆弱性に対する対策は技術・運用の両面で確立可能 総務省β’モデル「3.2.3 脆弱性管理」では、重大脆弱性に対し「48時間以内にパッチ適用」などのSLAを定めることが推奨されている。 さらに、「脆弱性の収集 → 影響評価 → 優先順位付け → 修正 → 再確認」の脆弱性管理ライフサイクルが整備されていれば、CVE-2019-19781のような既知の脆弱性はカバー可能。 SASE＋WAF＋ZTNAによる多層防御が機能すれば、侵入リスクは大幅に軽減 WAFにおける既知の攻撃シグネチャ対応は一般的であり、IDS/IPSやEDRとの組み合わせで侵入前に阻止できる。 SASEにおけるZTNAの導入により、「未認証端末からの直接到達不可」「職員IDベースの接続制御」「MDMによる端末衛生チェック」が可能。 構成管理や攻撃面最小化（attack surface reduction）も含めた対応が前提 公開Webアプリに対する構成管理（例：DMZ分離、最小限ポート公開、不要機能無効化等）が実施されていれば、既知脆弱性を突かれる余地は少ない。 | K48: =SPRV_Source_For_Formulas!D187 | L48: VDI Auth server | M48: クラウド認証で使用されるIAMトークンやAPIキーを盗み出し、正規ユーザになりすまし再ログイン。 | N48: 3 | O48: 2 | P48: =IF(SPRV_Source_For_Formulas!G187<=0.2,3,IF(SPRV_Source_For_Formulas!G187<=0.5,2,1)) | Q48: =4-P48 | R48: =IF(AND(N48=3,O48*Q48>=6),"A",IF(AND(N48=3,O48*Q48>=3),"B",IF(AND(N48=3,O48*Q48>=1),"C",""))) | S48: 管理者アカウント削除防止策として、RBACとMFA、CloudTrail等の操作ログ監視が推奨されている（β’モデル 3.4.2）が、削除自体の即時ブロックは難しく、事後検知になるケースも多いため効果は中程度。 | T48: =SPRV_Source_For_Formulas!D188 | U48: VDI server | V48: グループポリシーやAzure ADの設定変更により、認可ルールを操作。 | W48: 3 | X48: 2 | Y48: =IF(SPRV_Source_For_Formulas!G188<=0.2,3,IF(SPRV_Source_For_Formulas!G188<=0.5,2,1)) | Z48: =4-Y48 | AA48: =IF(AND(W48=3,X48*Z48>=6),"A",IF(AND(W48=3,X48*Z48>=3),"B",IF(AND(W48=3,X48*Z48>=1),"C",""))) | AB48: β’モデル： 「3.3.1 権限管理」「3.3.5 設定変更検知」「3.4.1 操作記録」等。 補足評価： GPO改変は一度権限を奪取された後に、正規操作として行われる可能性が高く、検知・阻止が難しい。 特にVDI環境などでは検知の即時性に限界があるため、評価「2（低）」は妥当。 | AC48: =SPRV_Source_For_Formulas!D189 | AD48: My Number Administrative System on GovCloud | AE48: 攻撃手法の具体化 Step1〜Step3を経て攻撃者は VDI Auth → VDI Serverを経由し、クラウド管理権限を取得済み。 この状態で、攻撃者は My Number System上の業務データを暗号化し、業務停止やデータロックアウトを引き起こす。 想定される攻撃シナリオは以下： クラウド管理API／CLIを利用して、DBボリュームやストレージ（EBS, Blob, RDS等）を強制暗号化。 新しいKMSキーを攻撃者側で生成・割当し、既存キーを削除または無効化。 OSレベルでスクリプトを投入し、ファイルシステム全体を暗号化（Linux LUKS, Windows BitLocker等）。 Cloud Snapshotやバックアップを削除／無効化し、復旧不能状態に誘導。 結果として、マイナンバー業務全体が停止し、行政サービスに甚大な影響が発生する。 | AF48: 3 | AG48: 2 | AH48: =IF(SPRV_Source_For_Formulas!G189<=0.2,3,IF(SPRV_Source_For_Formulas!G189<=0.5,2,1)) | AI48: =4-AH48 | AJ48: =IF(AND(AF48=3,AG48*AI48>=6),"A",IF(AND(AF48=3,AG48*AI48>=3),"B",IF(AND(AF48=3,AG48*AI48>=1),"C",""))) | AK48: | 評価観点 | 状況・施策内容 | 評価 | | ----------------- | ------------------------------------------------------------ | ------ | | データ暗号化制御 | KMSによる暗号化・権限分離は導入済。ただし攻撃者が管理者権限を奪取した場合、正規の暗号化APIを利用され迂回可能。 | ★★☆（2） | | バックアップとリストア体制 | バックアップは定期取得されているが、スナップショット削除防止機能（Vault Lock等）は未導入で、削除耐性に弱点。 | ★★☆（2） | | API監視・検知 | CloudTrail＋SIEMで監査は有効。しかし暗号化コマンドやスナップショット削除のリアルタイム検知ルールは不完全。 | ★★☆（2） | | 承認フロー | 通常業務での暗号化設定変更は承認必須だが、緊急対応・管理者例外が存在し、悪用される可能性を残している。 | ★★☆（2） | | **CSPM／CIEM逸脱検知** | CSPMは導入済。だが暗号化操作やバックアップ削除の挙動検知は限定的。CIEMによる権限逸脱検知も一部のみ適用。 | ★★☆（2） |→総合評価：２ | AL48: =MAX(E48,N48,W48,AF48) | AM48: 2 | AN48: =MAX(G48,P48,Y48,AH48) | AO48: =4-AN48 | AP48: =IF(AND(AL48=3,AM48*AO48>=6),"A",IF(AND(AL48=3,AM48*AO48>=3),"B",IF(AND(AL48=3,AM48*AO48>=1),"C",""))) | AQ48: ="Scenario-level Threat=2; Step1="&I48&" Step2="&R48&" Step3="&AA48&" Step4="&AJ48&" ; Overall Threat fixed=2, Max Mitigation="&AN48&" => Overall="&AP48
A49: 48 | B49: =SPRV_Source_For_Formulas!D190 | C49: VDI Auth server | D49: 外出先からSASE経由でVDI Auth Serverにアクセスする職員の通信を狙い、Citrix Gatewayの既知の脆弱性（例：CVE-2019-19781 など）を悪用して認証バイパスを実行。正規ユーザになりすまし、庁内ネットワークへの初期侵入に成功。 | E49: 3 | F49: 2 | G49: =IF(SPRV_Source_For_Formulas!G190<=0.2,3,IF(SPRV_Source_For_Formulas!G190<=0.5,2,1)) | H49: =4-G49 | I49: =IF(AND(E49=3,F49*H49>=6),"A",IF(AND(E49=3,F49*H49>=3),"B",IF(AND(E49=3,F49*H49>=1),"C",""))) | J49: 根拠（既知脆弱性への限定対応とβ’モデル基準）： 既知脆弱性に対する対策は技術・運用の両面で確立可能 総務省β’モデル「3.2.3 脆弱性管理」では、重大脆弱性に対し「48時間以内にパッチ適用」などのSLAを定めることが推奨されている。 さらに、「脆弱性の収集 → 影響評価 → 優先順位付け → 修正 → 再確認」の脆弱性管理ライフサイクルが整備されていれば、CVE-2019-19781のような既知の脆弱性はカバー可能。 SASE＋WAF＋ZTNAによる多層防御が機能すれば、侵入リスクは大幅に軽減 WAFにおける既知の攻撃シグネチャ対応は一般的であり、IDS/IPSやEDRとの組み合わせで侵入前に阻止できる。 SASEにおけるZTNAの導入により、「未認証端末からの直接到達不可」「職員IDベースの接続制御」「MDMによる端末衛生チェック」が可能。 構成管理や攻撃面最小化（attack surface reduction）も含めた対応が前提 公開Webアプリに対する構成管理（例：DMZ分離、最小限ポート公開、不要機能無効化等）が実施されていれば、既知脆弱性を突かれる余地は少ない。 | K49: =SPRV_Source_For_Formulas!D191 | L49: VDI Auth server | M49: クラウド認証で使用されるIAMトークンやAPIキーを盗み出し、正規ユーザになりすまし再ログイン。 | N49: 3 | O49: 2 | P49: =IF(SPRV_Source_For_Formulas!G191<=0.2,3,IF(SPRV_Source_For_Formulas!G191<=0.5,2,1)) | Q49: =4-P49 | R49: =IF(AND(N49=3,O49*Q49>=6),"A",IF(AND(N49=3,O49*Q49>=3),"B",IF(AND(N49=3,O49*Q49>=1),"C",""))) | S49: 管理者アカウント削除防止策として、RBACとMFA、CloudTrail等の操作ログ監視が推奨されている（β’モデル 3.4.2）が、削除自体の即時ブロックは難しく、事後検知になるケースも多いため効果は中程度。 | T49: =SPRV_Source_For_Formulas!D192 | U49: VDI server | V49: グループポリシーやAzure ADの設定変更により、認可ルールを操作。 | W49: 3 | X49: 2 | Y49: =IF(SPRV_Source_For_Formulas!G192<=0.2,3,IF(SPRV_Source_For_Formulas!G192<=0.5,2,1)) | Z49: =4-Y49 | AA49: =IF(AND(W49=3,X49*Z49>=6),"A",IF(AND(W49=3,X49*Z49>=3),"B",IF(AND(W49=3,X49*Z49>=1),"C",""))) | AB49: β’モデル： 「3.3.1 権限管理」「3.3.5 設定変更検知」「3.4.1 操作記録」等。 補足評価： GPO改変は一度権限を奪取された後に、正規操作として行われる可能性が高く、検知・阻止が難しい。 特にVDI環境などでは検知の即時性に限界があるため、評価「2（低）」は妥当。 | AC49: =SPRV_Source_For_Formulas!D193 | AD49: My Number Administrative System on GovCloud | AE49: 攻撃手法の具体化 Step1〜Step3で VDI Auth Server → VDI Server に侵入済みの攻撃者は、最終段階として マイナンバー事務系システムのリソース（特に帯域幅）を不正利用 。 攻撃の具体例： マイナンバーシステム上で稼働する VM／コンテナに不正ソフトを導入し、外部DDoS攻撃の踏み台として帯域を消費。 内部帯域を過剰利用し、正規業務処理の遅延や停止を誘発。 帯域消費によりクラウド課金を膨張させ、経済的損害を与える。 通信トラフィックに混在させて、C2通信やデータ流出を隠蔽。 → この攻撃は 「可用性の破壊」と「リソース濫用」 の両面を狙っており、暗号化攻撃（T1486）と比べても検知が難しい特徴がある。 | AF49: 3 | AG49: 2 | AH49: =IF(SPRV_Source_For_Formulas!G193<=0.2,3,IF(SPRV_Source_For_Formulas!G193<=0.5,2,1)) | AI49: =4-AH49 | AJ49: =IF(AND(AF49=3,AG49*AI49>=6),"A",IF(AND(AF49=3,AG49*AI49>=3),"B",IF(AND(AF49=3,AG49*AI49>=1),"C",""))) | AK49: | 評価観点 | 状況・施策内容 | 評価 | | -------------- | ---------------------------------------------------- | ------ | | 帯域使用監視・検知 | CloudWatch／Monitor等で帯域監視は実施。ただしリアルタイム異常検知ルールは一部未整備。 | ★★☆（2） | | DDoS対策 | 一般的なDDoS対策サービスは契約済。ただし全トラフィック網羅ではなく、業務系ネットワークの一部対象外。 | ★★☆（2） | | 出口通信制御 | Proxy・FWルールで外部接続制御済。ただしVDI経由トラフィックは例外許容ケースあり。 | ★★☆（2） | | CSPM／CIEMによる検知 | 過剰権限は定期監査されるが、自動検知ルールは不十分。帯域逸脱の直接検知機能は限定的。 | ★★☆（2） | | 監査と課金異常モニタリング | 月次監査とクラウド課金監視あり。ただし異常利用を即座にアラート化する仕組みは未導入。 | ★★☆（2） |→ 総合評価：2.0 → レベル2 | AL49: =MAX(E49,N49,W49,AF49) | AM49: 2 | AN49: =MAX(G49,P49,Y49,AH49) | AO49: =4-AN49 | AP49: =IF(AND(AL49=3,AM49*AO49>=6),"A",IF(AND(AL49=3,AM49*AO49>=3),"B",IF(AND(AL49=3,AM49*AO49>=1),"C",""))) | AQ49: ="Scenario-level Threat=2; Step1="&I49&" Step2="&R49&" Step3="&AA49&" Step4="&AJ49&" ; Overall Threat fixed=2, Max Mitigation="&AN49&" => Overall="&AP49
A50: 49 | B50: =SPRV_Source_For_Formulas!D194 | C50: VDI Auth server | D50: 外出先からSASE経由でVDI Auth Serverにアクセスする職員の通信を狙い、Citrix Gatewayの既知の脆弱性（例：CVE-2019-19781 など）を悪用して認証バイパスを実行。正規ユーザになりすまし、庁内ネットワークへの初期侵入に成功。 | E50: 3 | F50: 2 | G50: =IF(SPRV_Source_For_Formulas!G194<=0.2,3,IF(SPRV_Source_For_Formulas!G194<=0.5,2,1)) | H50: =4-G50 | I50: =IF(AND(E50=3,F50*H50>=6),"A",IF(AND(E50=3,F50*H50>=3),"B",IF(AND(E50=3,F50*H50>=1),"C",""))) | J50: 根拠（既知脆弱性への限定対応とβ’モデル基準）： 既知脆弱性に対する対策は技術・運用の両面で確立可能 総務省β’モデル「3.2.3 脆弱性管理」では、重大脆弱性に対し「48時間以内にパッチ適用」などのSLAを定めることが推奨されている。 さらに、「脆弱性の収集 → 影響評価 → 優先順位付け → 修正 → 再確認」の脆弱性管理ライフサイクルが整備されていれば、CVE-2019-19781のような既知の脆弱性はカバー可能。 SASE＋WAF＋ZTNAによる多層防御が機能すれば、侵入リスクは大幅に軽減 WAFにおける既知の攻撃シグネチャ対応は一般的であり、IDS/IPSやEDRとの組み合わせで侵入前に阻止できる。 SASEにおけるZTNAの導入により、「未認証端末からの直接到達不可」「職員IDベースの接続制御」「MDMによる端末衛生チェック」が可能。 構成管理や攻撃面最小化（attack surface reduction）も含めた対応が前提 公開Webアプリに対する構成管理（例：DMZ分離、最小限ポート公開、不要機能無効化等）が実施されていれば、既知脆弱性を突かれる余地は少ない。 | K50: =SPRV_Source_For_Formulas!D195 | L50: VDI Auth server | M50: 管理ポリシー変更を通じて内部制御権を乗っ取り、サーバ接続ルートを確保。 ＜VDI Auth serverへのGPO改変＞ ドメイン内の認証サーバ（VDI Auth server）に対して、攻撃者が GPOを変更。 たとえば、「監査ログの無効化」「パスワード変更の禁止」「RDPの無制限有効化」など。 これにより検知回避や恒久的な不正アクセス手段の確保（Persistence）を図る。 | N50: 3 | O50: 2 | P50: =IF(SPRV_Source_For_Formulas!G195<=0.2,3,IF(SPRV_Source_For_Formulas!G195<=0.5,2,1)) | Q50: =4-P50 | R50: =IF(AND(N50=3,O50*Q50>=6),"A",IF(AND(N50=3,O50*Q50>=3),"B",IF(AND(N50=3,O50*Q50>=1),"C",""))) | S50: GPO改変防止のためには、専用の管理OU、GPO変更通知、RBAC制限など複合的対策が必要であり、構成が整っていれば防止可能。ガイドラインにも「管理者権限の最小化」「設定変更の多層的検知」が記載（β’モデル 3.2.1, 3.3.1）。 | T50: =SPRV_Source_For_Formulas!D196 | U50: VDI server | V50: Step1で VDI Auth Serverを突破 し、Step2で 不正クラウドインスタンス生成（T1578.002） に成功した攻撃者は、VDI環境全体を制御するために クラウド管理コマンドを直接行使 。 想定される操作例は以下の通り： クラウド管理API/CLIを使用してVDI Serverの設定変更を実行 仮想NIC設定を変更してC2通信を許可 ストレージスナップショットを外部リージョンへ転送 認証関連構成を改変 VDIログオンポリシーを緩和 管理者アカウントの権限を昇格 痕跡隠蔽 監査ログを削除または外部に退避し検知回避 VDI Serverの構成を一時的に復旧させ、運用担当者に異常を気づかせない → 攻撃の本質は、クラウド環境の“正規管理操作”を不正に実行してVDI基盤を乗っ取る点にあり、検知困難性が非常に高いのが特徴 | W50: 3 | X50: 2 | Y50: =IF(SPRV_Source_For_Formulas!G196<=0.2,3,IF(SPRV_Source_For_Formulas!G196<=0.5,2,1)) | Z50: =4-Y50 | AA50: =IF(AND(W50=3,X50*Z50>=6),"A",IF(AND(W50=3,X50*Z50>=3),"B",IF(AND(W50=3,X50*Z50>=1),"C",""))) | AB50: β’モデル「3.3.4 認証」：ID管理・パスワード強度・MFA導入を規定 ガイドラインはID統制とアクセスログ確認を強調。一方で正規認証情報が漏洩した場合の防御は難しい（内部者攻撃やクレデンシャル再利用には限界） | AC50: =SPRV_Source_For_Formulas!D197 | AD50: My Number Administrative System on GovCloud | AE50: クラウドを異常終了させ、DoS状態に追い込む。 | AF50: 3 | AG50: 2 | AH50: =IF(SPRV_Source_For_Formulas!G197<=0.2,3,IF(SPRV_Source_For_Formulas!G197<=0.5,2,1)) | AI50: =4-AH50 | AJ50: =IF(AND(AF50=3,AG50*AI50>=6),"A",IF(AND(AF50=3,AG50*AI50>=3),"B",IF(AND(AF50=3,AG50*AI50>=1),"C",""))) | AK50: β’モデル＋ガバメントクラウド資料にてIAM最小権限、API監査、CSPM運用が整備されていれば、有効性は高い。ただし初期検知遅延やアラート無視等には注意が必要。 | AL50: =MAX(E50,N50,W50,AF50) | AM50: 2 | AN50: =MAX(G50,P50,Y50,AH50) | AO50: =4-AN50 | AP50: =IF(AND(AL50=3,AM50*AO50>=6),"A",IF(AND(AL50=3,AM50*AO50>=3),"B",IF(AND(AL50=3,AM50*AO50>=1),"C",""))) | AQ50: ="Scenario-level Threat=2; Step1="&I50&" Step2="&R50&" Step3="&AA50&" Step4="&AJ50&" ; Overall Threat fixed=2, Max Mitigation="&AN50&" => Overall="&AP50
A51: 50 | B51: =SPRV_Source_For_Formulas!D198 | C51: VDI Auth server | D51: 外出先からSASE経由でVDI Auth Serverにアクセスする職員の通信を狙い、Citrix Gatewayの既知の脆弱性（例：CVE-2019-19781 など）を悪用して認証バイパスを実行。正規ユーザになりすまし、庁内ネットワークへの初期侵入に成功。 | E51: 3 | F51: 2 | G51: =IF(SPRV_Source_For_Formulas!G198<=0.2,3,IF(SPRV_Source_For_Formulas!G198<=0.5,2,1)) | H51: =4-G51 | I51: =IF(AND(E51=3,F51*H51>=6),"A",IF(AND(E51=3,F51*H51>=3),"B",IF(AND(E51=3,F51*H51>=1),"C",""))) | J51: 根拠（既知脆弱性への限定対応とβ’モデル基準）： 既知脆弱性に対する対策は技術・運用の両面で確立可能 総務省β’モデル「3.2.3 脆弱性管理」では、重大脆弱性に対し「48時間以内にパッチ適用」などのSLAを定めることが推奨されている。 さらに、「脆弱性の収集 → 影響評価 → 優先順位付け → 修正 → 再確認」の脆弱性管理ライフサイクルが整備されていれば、CVE-2019-19781のような既知の脆弱性はカバー可能。 SASE＋WAF＋ZTNAによる多層防御が機能すれば、侵入リスクは大幅に軽減 WAFにおける既知の攻撃シグネチャ対応は一般的であり、IDS/IPSやEDRとの組み合わせで侵入前に阻止できる。 SASEにおけるZTNAの導入により、「未認証端末からの直接到達不可」「職員IDベースの接続制御」「MDMによる端末衛生チェック」が可能。 構成管理や攻撃面最小化（attack surface reduction）も含めた対応が前提 公開Webアプリに対する構成管理（例：DMZ分離、最小限ポート公開、不要機能無効化等）が実施されていれば、既知脆弱性を突かれる余地は少ない。 | K51: =SPRV_Source_For_Formulas!D199 | L51: VDI Auth server | M51: 管理ポリシー変更を通じて内部制御権を乗っ取り、サーバ接続ルートを確保。 | N51: 3 | O51: 2 | P51: =IF(SPRV_Source_For_Formulas!G199<=0.2,3,IF(SPRV_Source_For_Formulas!G199<=0.5,2,1)) | Q51: =4-P51 | R51: =IF(AND(N51=3,O51*Q51>=6),"A",IF(AND(N51=3,O51*Q51>=3),"B",IF(AND(N51=3,O51*Q51>=1),"C",""))) | S51: GPO改変防止のためには、専用の管理OU、GPO変更通知、RBAC制限など複合的対策が必要であり、構成が整っていれば防止可能。ガイドラインにも「管理者権限の最小化」「設定変更の多層的検知」が記載（β’モデル 3.2.1, 3.3.1）。 | T51: =SPRV_Source_For_Formulas!D200 | U51: VDI server | V51: Step1で VDI Auth Serverを突破 し、Step2で 不正クラウドインスタンス生成（T1578.002） に成功した攻撃者は、VDI環境全体を制御するために クラウド管理コマンドを直接行使 。 想定される操作例は以下の通り： クラウド管理API/CLIを使用してVDI Serverの設定変更を実行 仮想NIC設定を変更してC2通信を許可 ストレージスナップショットを外部リージョンへ転送 認証関連構成を改変 VDIログオンポリシーを緩和 管理者アカウントの権限を昇格 痕跡隠蔽 監査ログを削除または外部に退避し検知回避 VDI Serverの構成を一時的に復旧させ、運用担当者に異常を気づかせない → 攻撃の本質は、クラウド環境の“正規管理操作”を不正に実行してVDI基盤を乗っ取る点にあり、検知困難性が非常に高いのが特徴 | W51: 3 | X51: 2 | Y51: =IF(SPRV_Source_For_Formulas!G200<=0.2,3,IF(SPRV_Source_For_Formulas!G200<=0.5,2,1)) | Z51: =4-Y51 | AA51: =IF(AND(W51=3,X51*Z51>=6),"A",IF(AND(W51=3,X51*Z51>=3),"B",IF(AND(W51=3,X51*Z51>=1),"C",""))) | AB51: β’モデル「3.3.4 認証」：ID管理・パスワード強度・MFA導入を規定 ガイドラインはID統制とアクセスログ確認を強調。一方で正規認証情報が漏洩した場合の防御は難しい（内部者攻撃やクレデンシャル再利用には限界） | AC51: =SPRV_Source_For_Formulas!D201 | AD51: My Number Administrative System on GovCloud | AE51: クラウド停止操作により業務継続性を妨害。 | AF51: 3 | AG51: 2 | AH51: =IF(SPRV_Source_For_Formulas!G201<=0.2,3,IF(SPRV_Source_For_Formulas!G201<=0.5,2,1)) | AI51: =4-AH51 | AJ51: =IF(AND(AF51=3,AG51*AI51>=6),"A",IF(AND(AF51=3,AG51*AI51>=3),"B",IF(AND(AF51=3,AG51*AI51>=1),"C",""))) | AK51: 仮想マシンに対するネットワーク分離、IAM制御、ログ監視により不正操作の抑止・検知が可能。推奨対策と合致。 | AL51: =MAX(E51,N51,W51,AF51) | AM51: 2 | AN51: =MAX(G51,P51,Y51,AH51) | AO51: =4-AN51 | AP51: =IF(AND(AL51=3,AM51*AO51>=6),"A",IF(AND(AL51=3,AM51*AO51>=3),"B",IF(AND(AL51=3,AM51*AO51>=1),"C",""))) | AQ51: ="Scenario-level Threat=2; Step1="&I51&" Step2="&R51&" Step3="&AA51&" Step4="&AJ51&" ; Overall Threat fixed=2, Max Mitigation="&AN51&" => Overall="&AP51
A52: 51 | B52: =SPRV_Source_For_Formulas!D202 | C52: VDI Auth server | D52: 外出先からSASE経由でVDI Auth Serverにアクセスする職員の通信を狙い、Citrix Gatewayの既知の脆弱性（例：CVE-2019-19781 など）を悪用して認証バイパスを実行。正規ユーザになりすまし、庁内ネットワークへの初期侵入に成功。 | E52: 3 | F52: 2 | G52: =IF(SPRV_Source_For_Formulas!G202<=0.2,3,IF(SPRV_Source_For_Formulas!G202<=0.5,2,1)) | H52: =4-G52 | I52: =IF(AND(E52=3,F52*H52>=6),"A",IF(AND(E52=3,F52*H52>=3),"B",IF(AND(E52=3,F52*H52>=1),"C",""))) | J52: 根拠（既知脆弱性への限定対応とβ’モデル基準）： 既知脆弱性に対する対策は技術・運用の両面で確立可能 総務省β’モデル「3.2.3 脆弱性管理」では、重大脆弱性に対し「48時間以内にパッチ適用」などのSLAを定めることが推奨されている。 さらに、「脆弱性の収集 → 影響評価 → 優先順位付け → 修正 → 再確認」の脆弱性管理ライフサイクルが整備されていれば、CVE-2019-19781のような既知の脆弱性はカバー可能。 SASE＋WAF＋ZTNAによる多層防御が機能すれば、侵入リスクは大幅に軽減 WAFにおける既知の攻撃シグネチャ対応は一般的であり、IDS/IPSやEDRとの組み合わせで侵入前に阻止できる。 SASEにおけるZTNAの導入により、「未認証端末からの直接到達不可」「職員IDベースの接続制御」「MDMによる端末衛生チェック」が可能。 構成管理や攻撃面最小化（attack surface reduction）も含めた対応が前提 公開Webアプリに対する構成管理（例：DMZ分離、最小限ポート公開、不要機能無効化等）が実施されていれば、既知脆弱性を突かれる余地は少ない。 | K52: =SPRV_Source_For_Formulas!D203 | L52: VDI Auth server | M52: 管理ポリシー変更を通じて内部制御権を乗っ取り、サーバ接続ルートを確保。 | N52: 3 | O52: 2 | P52: =IF(SPRV_Source_For_Formulas!G203<=0.2,3,IF(SPRV_Source_For_Formulas!G203<=0.5,2,1)) | Q52: =4-P52 | R52: =IF(AND(N52=3,O52*Q52>=6),"A",IF(AND(N52=3,O52*Q52>=3),"B",IF(AND(N52=3,O52*Q52>=1),"C",""))) | S52: GPO改変防止のためには、専用の管理OU、GPO変更通知、RBAC制限など複合的対策が必要であり、構成が整っていれば防止可能。ガイドラインにも「管理者権限の最小化」「設定変更の多層的検知」が記載（β’モデル 3.2.1, 3.3.1）。 | T52: =SPRV_Source_For_Formulas!D204 | U52: VDI server | V52: Step1で VDI Auth Serverを突破 し、Step2で 不正クラウドインスタンス生成（T1578.002） に成功した攻撃者は、VDI環境全体を制御するために クラウド管理コマンドを直接行使 。 想定される操作例は以下の通り： クラウド管理API/CLIを使用してVDI Serverの設定変更を実行 仮想NIC設定を変更してC2通信を許可 ストレージスナップショットを外部リージョンへ転送 認証関連構成を改変 VDIログオンポリシーを緩和 管理者アカウントの権限を昇格 痕跡隠蔽 監査ログを削除または外部に退避し検知回避 VDI Serverの構成を一時的に復旧させ、運用担当者に異常を気づかせない → 攻撃の本質は、クラウド環境の“正規管理操作”を不正に実行してVDI基盤を乗っ取る点にあり、検知困難性が非常に高いのが特徴 | W52: 3 | X52: 2 | Y52: =IF(SPRV_Source_For_Formulas!G204<=0.2,3,IF(SPRV_Source_For_Formulas!G204<=0.5,2,1)) | Z52: =4-Y52 | AA52: =IF(AND(W52=3,X52*Z52>=6),"A",IF(AND(W52=3,X52*Z52>=3),"B",IF(AND(W52=3,X52*Z52>=1),"C",""))) | AB52: β’モデル「3.3.4 認証」：ID管理・パスワード強度・MFA導入を規定 ガイドラインはID統制とアクセスログ確認を強調。一方で正規認証情報が漏洩した場合の防御は難しい（内部者攻撃やクレデンシャル再利用には限界） | AC52: =SPRV_Source_For_Formulas!D205 | AD52: My Number Administrative System on GovCloud | AE52: 攻撃手法の具体化 Step1〜Step3を経て攻撃者は VDI Auth → VDI Serverを経由し、クラウド管理権限を取得済み。 この状態で、攻撃者は My Number System上の業務データを暗号化し、業務停止やデータロックアウトを引き起こす。 想定される攻撃シナリオは以下： クラウド管理API／CLIを利用して、DBボリュームやストレージ（EBS, Blob, RDS等）を強制暗号化。 新しいKMSキーを攻撃者側で生成・割当し、既存キーを削除または無効化。 OSレベルでスクリプトを投入し、ファイルシステム全体を暗号化（Linux LUKS, Windows BitLocker等）。 Cloud Snapshotやバックアップを削除／無効化し、復旧不能状態に誘導。 結果として、マイナンバー業務全体が停止し、行政サービスに甚大な影響が発生する。 | AF52: 3 | AG52: 2 | AH52: =IF(SPRV_Source_For_Formulas!G205<=0.2,3,IF(SPRV_Source_For_Formulas!G205<=0.5,2,1)) | AI52: =4-AH52 | AJ52: =IF(AND(AF52=3,AG52*AI52>=6),"A",IF(AND(AF52=3,AG52*AI52>=3),"B",IF(AND(AF52=3,AG52*AI52>=1),"C",""))) | AK52: | 評価観点 | 状況・施策内容 | 評価 | | ----------------- | ------------------------------------------------------------ | ------ | | データ暗号化制御 | KMSによる暗号化・権限分離は導入済。ただし攻撃者が管理者権限を奪取した場合、正規の暗号化APIを利用され迂回可能。 | ★★☆（2） | | バックアップとリストア体制 | バックアップは定期取得されているが、スナップショット削除防止機能（Vault Lock等）は未導入で、削除耐性に弱点。 | ★★☆（2） | | API監視・検知 | CloudTrail＋SIEMで監査は有効。しかし暗号化コマンドやスナップショット削除のリアルタイム検知ルールは不完全。 | ★★☆（2） | | 承認フロー | 通常業務での暗号化設定変更は承認必須だが、緊急対応・管理者例外が存在し、悪用される可能性を残している。 | ★★☆（2） | | **CSPM／CIEM逸脱検知** | CSPMは導入済。だが暗号化操作やバックアップ削除の挙動検知は限定的。CIEMによる権限逸脱検知も一部のみ適用。 | ★★☆（2） |→総合評価：２ | AL52: =MAX(E52,N52,W52,AF52) | AM52: 2 | AN52: =MAX(G52,P52,Y52,AH52) | AO52: =4-AN52 | AP52: =IF(AND(AL52=3,AM52*AO52>=6),"A",IF(AND(AL52=3,AM52*AO52>=3),"B",IF(AND(AL52=3,AM52*AO52>=1),"C",""))) | AQ52: ="Scenario-level Threat=2; Step1="&I52&" Step2="&R52&" Step3="&AA52&" Step4="&AJ52&" ; Overall Threat fixed=2, Max Mitigation="&AN52&" => Overall="&AP52
A53: 52 | B53: =SPRV_Source_For_Formulas!D206 | C53: VDI Auth server | D53: 外出先からSASE経由でVDI Auth Serverにアクセスする職員の通信を狙い、Citrix Gatewayの既知の脆弱性（例：CVE-2019-19781 など）を悪用して認証バイパスを実行。正規ユーザになりすまし、庁内ネットワークへの初期侵入に成功。 | E53: 3 | F53: 2 | G53: =IF(SPRV_Source_For_Formulas!G206<=0.2,3,IF(SPRV_Source_For_Formulas!G206<=0.5,2,1)) | H53: =4-G53 | I53: =IF(AND(E53=3,F53*H53>=6),"A",IF(AND(E53=3,F53*H53>=3),"B",IF(AND(E53=3,F53*H53>=1),"C",""))) | J53: 根拠（既知脆弱性への限定対応とβ’モデル基準）： 既知脆弱性に対する対策は技術・運用の両面で確立可能 総務省β’モデル「3.2.3 脆弱性管理」では、重大脆弱性に対し「48時間以内にパッチ適用」などのSLAを定めることが推奨されている。 さらに、「脆弱性の収集 → 影響評価 → 優先順位付け → 修正 → 再確認」の脆弱性管理ライフサイクルが整備されていれば、CVE-2019-19781のような既知の脆弱性はカバー可能。 SASE＋WAF＋ZTNAによる多層防御が機能すれば、侵入リスクは大幅に軽減 WAFにおける既知の攻撃シグネチャ対応は一般的であり、IDS/IPSやEDRとの組み合わせで侵入前に阻止できる。 SASEにおけるZTNAの導入により、「未認証端末からの直接到達不可」「職員IDベースの接続制御」「MDMによる端末衛生チェック」が可能。 構成管理や攻撃面最小化（attack surface reduction）も含めた対応が前提 公開Webアプリに対する構成管理（例：DMZ分離、最小限ポート公開、不要機能無効化等）が実施されていれば、既知脆弱性を突かれる余地は少ない。 | K53: =SPRV_Source_For_Formulas!D207 | L53: VDI Auth server | M53: 管理ポリシー変更を通じて内部制御権を乗っ取り、サーバ接続ルートを確保。 | N53: 3 | O53: 2 | P53: =IF(SPRV_Source_For_Formulas!G207<=0.2,3,IF(SPRV_Source_For_Formulas!G207<=0.5,2,1)) | Q53: =4-P53 | R53: =IF(AND(N53=3,O53*Q53>=6),"A",IF(AND(N53=3,O53*Q53>=3),"B",IF(AND(N53=3,O53*Q53>=1),"C",""))) | S53: GPO改変防止のためには、専用の管理OU、GPO変更通知、RBAC制限など複合的対策が必要であり、構成が整っていれば防止可能。ガイドラインにも「管理者権限の最小化」「設定変更の多層的検知」が記載（β’モデル 3.2.1, 3.3.1）。 | T53: =SPRV_Source_For_Formulas!D208 | U53: VDI server | V53: Step1で VDI Auth Serverを突破 し、Step2で 不正クラウドインスタンス生成（T1578.002） に成功した攻撃者は、VDI環境全体を制御するために クラウド管理コマンドを直接行使 。 想定される操作例は以下の通り： クラウド管理API/CLIを使用してVDI Serverの設定変更を実行 仮想NIC設定を変更してC2通信を許可 ストレージスナップショットを外部リージョンへ転送 認証関連構成を改変 VDIログオンポリシーを緩和 管理者アカウントの権限を昇格 痕跡隠蔽 監査ログを削除または外部に退避し検知回避 VDI Serverの構成を一時的に復旧させ、運用担当者に異常を気づかせない → 攻撃の本質は、クラウド環境の“正規管理操作”を不正に実行してVDI基盤を乗っ取る点にあり、検知困難性が非常に高いのが特徴 | W53: 3 | X53: 2 | Y53: =IF(SPRV_Source_For_Formulas!G208<=0.2,3,IF(SPRV_Source_For_Formulas!G208<=0.5,2,1)) | Z53: =4-Y53 | AA53: =IF(AND(W53=3,X53*Z53>=6),"A",IF(AND(W53=3,X53*Z53>=3),"B",IF(AND(W53=3,X53*Z53>=1),"C",""))) | AB53: β’モデル「3.3.4 認証」：ID管理・パスワード強度・MFA導入を規定 ガイドラインはID統制とアクセスログ確認を強調。一方で正規認証情報が漏洩した場合の防御は難しい（内部者攻撃やクレデンシャル再利用には限界） | AC53: =SPRV_Source_For_Formulas!D209 | AD53: My Number Administrative System on GovCloud | AE53: 攻撃手法の具体化 Step1〜Step3で VDI Auth Server → VDI Server に侵入済みの攻撃者は、最終段階として マイナンバー事務系システムのリソース（特に帯域幅）を不正利用 。 攻撃の具体例： マイナンバーシステム上で稼働する VM／コンテナに不正ソフトを導入し、外部DDoS攻撃の踏み台として帯域を消費。 内部帯域を過剰利用し、正規業務処理の遅延や停止を誘発。 帯域消費によりクラウド課金を膨張させ、経済的損害を与える。 通信トラフィックに混在させて、C2通信やデータ流出を隠蔽。 → この攻撃は 「可用性の破壊」と「リソース濫用」 の両面を狙っており、暗号化攻撃（T1486）と比べても検知が難しい特徴がある。 | AF53: 3 | AG53: 2 | AH53: =IF(SPRV_Source_For_Formulas!G209<=0.2,3,IF(SPRV_Source_For_Formulas!G209<=0.5,2,1)) | AI53: =4-AH53 | AJ53: =IF(AND(AF53=3,AG53*AI53>=6),"A",IF(AND(AF53=3,AG53*AI53>=3),"B",IF(AND(AF53=3,AG53*AI53>=1),"C",""))) | AK53: | 評価観点 | 状況・施策内容 | 評価 | | -------------- | ---------------------------------------------------- | ------ | | 帯域使用監視・検知 | CloudWatch／Monitor等で帯域監視は実施。ただしリアルタイム異常検知ルールは一部未整備。 | ★★☆（2） | | DDoS対策 | 一般的なDDoS対策サービスは契約済。ただし全トラフィック網羅ではなく、業務系ネットワークの一部対象外。 | ★★☆（2） | | 出口通信制御 | Proxy・FWルールで外部接続制御済。ただしVDI経由トラフィックは例外許容ケースあり。 | ★★☆（2） | | CSPM／CIEMによる検知 | 過剰権限は定期監査されるが、自動検知ルールは不十分。帯域逸脱の直接検知機能は限定的。 | ★★☆（2） | | 監査と課金異常モニタリング | 月次監査とクラウド課金監視あり。ただし異常利用を即座にアラート化する仕組みは未導入。 | ★★☆（2） |→ 総合評価：2.0 → レベル2 | AL53: =MAX(E53,N53,W53,AF53) | AM53: 2 | AN53: =MAX(G53,P53,Y53,AH53) | AO53: =4-AN53 | AP53: =IF(AND(AL53=3,AM53*AO53>=6),"A",IF(AND(AL53=3,AM53*AO53>=3),"B",IF(AND(AL53=3,AM53*AO53>=1),"C",""))) | AQ53: ="Scenario-level Threat=2; Step1="&I53&" Step2="&R53&" Step3="&AA53&" Step4="&AJ53&" ; Overall Threat fixed=2, Max Mitigation="&AN53&" => Overall="&AP53
A54: 53 | B54: =SPRV_Source_For_Formulas!D210 | C54: VDI Auth server | D54: 外出先からSASE経由でVDI Auth Serverにアクセスする職員の通信を狙い、Citrix Gatewayの既知の脆弱性（例：CVE-2019-19781 など）を悪用して認証バイパスを実行。正規ユーザになりすまし、庁内ネットワークへの初期侵入に成功。 | E54: 3 | F54: 2 | G54: =IF(SPRV_Source_For_Formulas!G210<=0.2,3,IF(SPRV_Source_For_Formulas!G210<=0.5,2,1)) | H54: =4-G54 | I54: =IF(AND(E54=3,F54*H54>=6),"A",IF(AND(E54=3,F54*H54>=3),"B",IF(AND(E54=3,F54*H54>=1),"C",""))) | J54: 根拠（既知脆弱性への限定対応とβ’モデル基準）： 既知脆弱性に対する対策は技術・運用の両面で確立可能 総務省β’モデル「3.2.3 脆弱性管理」では、重大脆弱性に対し「48時間以内にパッチ適用」などのSLAを定めることが推奨されている。 さらに、「脆弱性の収集 → 影響評価 → 優先順位付け → 修正 → 再確認」の脆弱性管理ライフサイクルが整備されていれば、CVE-2019-19781のような既知の脆弱性はカバー可能。 SASE＋WAF＋ZTNAによる多層防御が機能すれば、侵入リスクは大幅に軽減 WAFにおける既知の攻撃シグネチャ対応は一般的であり、IDS/IPSやEDRとの組み合わせで侵入前に阻止できる。 SASEにおけるZTNAの導入により、「未認証端末からの直接到達不可」「職員IDベースの接続制御」「MDMによる端末衛生チェック」が可能。 構成管理や攻撃面最小化（attack surface reduction）も含めた対応が前提 公開Webアプリに対する構成管理（例：DMZ分離、最小限ポート公開、不要機能無効化等）が実施されていれば、既知脆弱性を突かれる余地は少ない。 | K54: =SPRV_Source_For_Formulas!D211 | L54: VDI Auth server | M54: 管理ポリシー変更を通じて内部制御権を乗っ取り、サーバ接続ルートを確保。 | N54: 3 | O54: 2 | P54: =IF(SPRV_Source_For_Formulas!G211<=0.2,3,IF(SPRV_Source_For_Formulas!G211<=0.5,2,1)) | Q54: =4-P54 | R54: =IF(AND(N54=3,O54*Q54>=6),"A",IF(AND(N54=3,O54*Q54>=3),"B",IF(AND(N54=3,O54*Q54>=1),"C",""))) | S54: GPO改変防止のためには、専用の管理OU、GPO変更通知、RBAC制限など複合的対策が必要であり、構成が整っていれば防止可能。ガイドラインにも「管理者権限の最小化」「設定変更の多層的検知」が記載（β’モデル 3.2.1, 3.3.1）。 | T54: =SPRV_Source_For_Formulas!D212 | U54: VDI server | V54: 攻撃者は Step1・Step2 で VDI Auth Serverに侵入 → 不正クラウドインスタンス作成 に成功。次のStep3では、VDI Serverに保存されているクラウドシークレット管理ストアへのアクセスを悪用します。 具体的な攻撃手法は以下： VDI Serverや関連アプリが利用する Secrets Manager／Key Vault／環境変数ストア を探索。 APIキー、VDI管理者アカウントのパスワード、DB認証情報、トークン等を抽出。 これらのSecretsを用いて、VDI管理コンソールや下位システムへ追加侵入。 認証情報を悪用して横展開や持続的アクセスを確立。 → 特にVDIサーバは「認証の中枢」であるため、Secretsが奪取されると他の全職員アカウントへの侵入ルートに直結するリスクがあります。 | W54: 3 | X54: 2 | Y54: =IF(SPRV_Source_For_Formulas!G212<=0.2,3,IF(SPRV_Source_For_Formulas!G212<=0.5,2,1)) | Z54: =4-Y54 | AA54: =IF(AND(W54=3,X54*Z54>=6),"A",IF(AND(W54=3,X54*Z54>=3),"B",IF(AND(W54=3,X54*Z54>=1),"C",""))) | AB54: β’モデル「3.2.5 初期ID/パスワード変更の義務」「3.3.1 権限設定」、初期アカウントの削除・無効化を義務付け済みであれば抑止可能、運用が徹底されていれば高い有効性 | AC54: =SPRV_Source_For_Formulas!D213 | AD54: My Number Administrative System on GovCloud | AE54: クラウドを異常終了させ、DoS状態に追い込む。 | AF54: 3 | AG54: 2 | AH54: =IF(SPRV_Source_For_Formulas!G213<=0.2,3,IF(SPRV_Source_For_Formulas!G213<=0.5,2,1)) | AI54: =4-AH54 | AJ54: =IF(AND(AF54=3,AG54*AI54>=6),"A",IF(AND(AF54=3,AG54*AI54>=3),"B",IF(AND(AF54=3,AG54*AI54>=1),"C",""))) | AK54: β’モデル＋ガバメントクラウド資料にてIAM最小権限、API監査、CSPM運用が整備されていれば、有効性は高い。ただし初期検知遅延やアラート無視等には注意が必要。 | AL54: =MAX(E54,N54,W54,AF54) | AM54: 2 | AN54: =MAX(G54,P54,Y54,AH54) | AO54: =4-AN54 | AP54: =IF(AND(AL54=3,AM54*AO54>=6),"A",IF(AND(AL54=3,AM54*AO54>=3),"B",IF(AND(AL54=3,AM54*AO54>=1),"C",""))) | AQ54: ="Scenario-level Threat=2; Step1="&I54&" Step2="&R54&" Step3="&AA54&" Step4="&AJ54&" ; Overall Threat fixed=2, Max Mitigation="&AN54&" => Overall="&AP54
A55: 54 | B55: =SPRV_Source_For_Formulas!D214 | C55: VDI Auth server | D55: 外出先からSASE経由でVDI Auth Serverにアクセスする職員の通信を狙い、Citrix Gatewayの既知の脆弱性（例：CVE-2019-19781 など）を悪用して認証バイパスを実行。正規ユーザになりすまし、庁内ネットワークへの初期侵入に成功。 | E55: 3 | F55: 2 | G55: =IF(SPRV_Source_For_Formulas!G214<=0.2,3,IF(SPRV_Source_For_Formulas!G214<=0.5,2,1)) | H55: =4-G55 | I55: =IF(AND(E55=3,F55*H55>=6),"A",IF(AND(E55=3,F55*H55>=3),"B",IF(AND(E55=3,F55*H55>=1),"C",""))) | J55: 根拠（既知脆弱性への限定対応とβ’モデル基準）： 既知脆弱性に対する対策は技術・運用の両面で確立可能 総務省β’モデル「3.2.3 脆弱性管理」では、重大脆弱性に対し「48時間以内にパッチ適用」などのSLAを定めることが推奨されている。 さらに、「脆弱性の収集 → 影響評価 → 優先順位付け → 修正 → 再確認」の脆弱性管理ライフサイクルが整備されていれば、CVE-2019-19781のような既知の脆弱性はカバー可能。 SASE＋WAF＋ZTNAによる多層防御が機能すれば、侵入リスクは大幅に軽減 WAFにおける既知の攻撃シグネチャ対応は一般的であり、IDS/IPSやEDRとの組み合わせで侵入前に阻止できる。 SASEにおけるZTNAの導入により、「未認証端末からの直接到達不可」「職員IDベースの接続制御」「MDMによる端末衛生チェック」が可能。 構成管理や攻撃面最小化（attack surface reduction）も含めた対応が前提 公開Webアプリに対する構成管理（例：DMZ分離、最小限ポート公開、不要機能無効化等）が実施されていれば、既知脆弱性を突かれる余地は少ない。 | K55: =SPRV_Source_For_Formulas!D215 | L55: VDI Auth server | M55: 管理ポリシー変更を通じて内部制御権を乗っ取り、サーバ接続ルートを確保。 | N55: 3 | O55: 2 | P55: =IF(SPRV_Source_For_Formulas!G215<=0.2,3,IF(SPRV_Source_For_Formulas!G215<=0.5,2,1)) | Q55: =4-P55 | R55: =IF(AND(N55=3,O55*Q55>=6),"A",IF(AND(N55=3,O55*Q55>=3),"B",IF(AND(N55=3,O55*Q55>=1),"C",""))) | S55: GPO改変防止のためには、専用の管理OU、GPO変更通知、RBAC制限など複合的対策が必要であり、構成が整っていれば防止可能。ガイドラインにも「管理者権限の最小化」「設定変更の多層的検知」が記載（β’モデル 3.2.1, 3.3.1）。 | T55: =SPRV_Source_For_Formulas!D216 | U55: VDI server | V55: 攻撃者は Step1・Step2 で VDI Auth Serverに侵入 → 不正クラウドインスタンス作成 に成功。次のStep3では、VDI Serverに保存されているクラウドシークレット管理ストアへのアクセスを悪用します。 具体的な攻撃手法は以下： VDI Serverや関連アプリが利用する Secrets Manager／Key Vault／環境変数ストア を探索。 APIキー、VDI管理者アカウントのパスワード、DB認証情報、トークン等を抽出。 これらのSecretsを用いて、VDI管理コンソールや下位システムへ追加侵入。 認証情報を悪用して横展開や持続的アクセスを確立。 → 特にVDIサーバは「認証の中枢」であるため、Secretsが奪取されると他の全職員アカウントへの侵入ルートに直結するリスクがあります。 | W55: 3 | X55: 2 | Y55: =IF(SPRV_Source_For_Formulas!G216<=0.2,3,IF(SPRV_Source_For_Formulas!G216<=0.5,2,1)) | Z55: =4-Y55 | AA55: =IF(AND(W55=3,X55*Z55>=6),"A",IF(AND(W55=3,X55*Z55>=3),"B",IF(AND(W55=3,X55*Z55>=1),"C",""))) | AB55: β’モデル「3.2.5 初期ID/パスワード変更の義務」「3.3.1 権限設定」、初期アカウントの削除・無効化を義務付け済みであれば抑止可能、運用が徹底されていれば高い有効性 | AC55: =SPRV_Source_For_Formulas!D217 | AD55: My Number Administrative System on GovCloud | AE55: クラウド停止操作により業務継続性を妨害。 | AF55: 3 | AG55: 2 | AH55: =IF(SPRV_Source_For_Formulas!G217<=0.2,3,IF(SPRV_Source_For_Formulas!G217<=0.5,2,1)) | AI55: =4-AH55 | AJ55: =IF(AND(AF55=3,AG55*AI55>=6),"A",IF(AND(AF55=3,AG55*AI55>=3),"B",IF(AND(AF55=3,AG55*AI55>=1),"C",""))) | AK55: 仮想マシンに対するネットワーク分離、IAM制御、ログ監視により不正操作の抑止・検知が可能。推奨対策と合致。 | AL55: =MAX(E55,N55,W55,AF55) | AM55: 2 | AN55: =MAX(G55,P55,Y55,AH55) | AO55: =4-AN55 | AP55: =IF(AND(AL55=3,AM55*AO55>=6),"A",IF(AND(AL55=3,AM55*AO55>=3),"B",IF(AND(AL55=3,AM55*AO55>=1),"C",""))) | AQ55: ="Scenario-level Threat=2; Step1="&I55&" Step2="&R55&" Step3="&AA55&" Step4="&AJ55&" ; Overall Threat fixed=2, Max Mitigation="&AN55&" => Overall="&AP55
A56: 55 | B56: =SPRV_Source_For_Formulas!D218 | C56: VDI Auth server | D56: 外出先からSASE経由でVDI Auth Serverにアクセスする職員の通信を狙い、Citrix Gatewayの既知の脆弱性（例：CVE-2019-19781 など）を悪用して認証バイパスを実行。正規ユーザになりすまし、庁内ネットワークへの初期侵入に成功。 | E56: 3 | F56: 2 | G56: =IF(SPRV_Source_For_Formulas!G218<=0.2,3,IF(SPRV_Source_For_Formulas!G218<=0.5,2,1)) | H56: =4-G56 | I56: =IF(AND(E56=3,F56*H56>=6),"A",IF(AND(E56=3,F56*H56>=3),"B",IF(AND(E56=3,F56*H56>=1),"C",""))) | J56: 根拠（既知脆弱性への限定対応とβ’モデル基準）： 既知脆弱性に対する対策は技術・運用の両面で確立可能 総務省β’モデル「3.2.3 脆弱性管理」では、重大脆弱性に対し「48時間以内にパッチ適用」などのSLAを定めることが推奨されている。 さらに、「脆弱性の収集 → 影響評価 → 優先順位付け → 修正 → 再確認」の脆弱性管理ライフサイクルが整備されていれば、CVE-2019-19781のような既知の脆弱性はカバー可能。 SASE＋WAF＋ZTNAによる多層防御が機能すれば、侵入リスクは大幅に軽減 WAFにおける既知の攻撃シグネチャ対応は一般的であり、IDS/IPSやEDRとの組み合わせで侵入前に阻止できる。 SASEにおけるZTNAの導入により、「未認証端末からの直接到達不可」「職員IDベースの接続制御」「MDMによる端末衛生チェック」が可能。 構成管理や攻撃面最小化（attack surface reduction）も含めた対応が前提 公開Webアプリに対する構成管理（例：DMZ分離、最小限ポート公開、不要機能無効化等）が実施されていれば、既知脆弱性を突かれる余地は少ない。 | K56: =SPRV_Source_For_Formulas!D219 | L56: VDI Auth server | M56: 管理ポリシー変更を通じて内部制御権を乗っ取り、サーバ接続ルートを確保。 | N56: 3 | O56: 2 | P56: =IF(SPRV_Source_For_Formulas!G219<=0.2,3,IF(SPRV_Source_For_Formulas!G219<=0.5,2,1)) | Q56: =4-P56 | R56: =IF(AND(N56=3,O56*Q56>=6),"A",IF(AND(N56=3,O56*Q56>=3),"B",IF(AND(N56=3,O56*Q56>=1),"C",""))) | S56: GPO改変防止のためには、専用の管理OU、GPO変更通知、RBAC制限など複合的対策が必要であり、構成が整っていれば防止可能。ガイドラインにも「管理者権限の最小化」「設定変更の多層的検知」が記載（β’モデル 3.2.1, 3.3.1）。 | T56: =SPRV_Source_For_Formulas!D220 | U56: VDI server | V56: 攻撃者は Step1・Step2 で VDI Auth Serverに侵入 → 不正クラウドインスタンス作成 に成功。次のStep3では、VDI Serverに保存されているクラウドシークレット管理ストアへのアクセスを悪用します。 具体的な攻撃手法は以下： VDI Serverや関連アプリが利用する Secrets Manager／Key Vault／環境変数ストア を探索。 APIキー、VDI管理者アカウントのパスワード、DB認証情報、トークン等を抽出。 これらのSecretsを用いて、VDI管理コンソールや下位システムへ追加侵入。 認証情報を悪用して横展開や持続的アクセスを確立。 → 特にVDIサーバは「認証の中枢」であるため、Secretsが奪取されると他の全職員アカウントへの侵入ルートに直結するリスクがあります。 | W56: 3 | X56: 2 | Y56: =IF(SPRV_Source_For_Formulas!G220<=0.2,3,IF(SPRV_Source_For_Formulas!G220<=0.5,2,1)) | Z56: =4-Y56 | AA56: =IF(AND(W56=3,X56*Z56>=6),"A",IF(AND(W56=3,X56*Z56>=3),"B",IF(AND(W56=3,X56*Z56>=1),"C",""))) | AB56: β’モデル「3.2.5 初期ID/パスワード変更の義務」「3.3.1 権限設定」、初期アカウントの削除・無効化を義務付け済みであれば抑止可能、運用が徹底されていれば高い有効性 | AC56: =SPRV_Source_For_Formulas!D221 | AD56: My Number Administrative System on GovCloud | AE56: 攻撃手法の具体化 Step1〜Step3を経て攻撃者は VDI Auth → VDI Serverを経由し、クラウド管理権限を取得済み。 この状態で、攻撃者は My Number System上の業務データを暗号化し、業務停止やデータロックアウトを引き起こす。 想定される攻撃シナリオは以下： クラウド管理API／CLIを利用して、DBボリュームやストレージ（EBS, Blob, RDS等）を強制暗号化。 新しいKMSキーを攻撃者側で生成・割当し、既存キーを削除または無効化。 OSレベルでスクリプトを投入し、ファイルシステム全体を暗号化（Linux LUKS, Windows BitLocker等）。 Cloud Snapshotやバックアップを削除／無効化し、復旧不能状態に誘導。 結果として、マイナンバー業務全体が停止し、行政サービスに甚大な影響が発生する。 | AF56: 3 | AG56: 2 | AH56: =IF(SPRV_Source_For_Formulas!G221<=0.2,3,IF(SPRV_Source_For_Formulas!G221<=0.5,2,1)) | AI56: =4-AH56 | AJ56: =IF(AND(AF56=3,AG56*AI56>=6),"A",IF(AND(AF56=3,AG56*AI56>=3),"B",IF(AND(AF56=3,AG56*AI56>=1),"C",""))) | AK56: | 評価観点 | 状況・施策内容 | 評価 | | ----------------- | ------------------------------------------------------------ | ------ | | データ暗号化制御 | KMSによる暗号化・権限分離は導入済。ただし攻撃者が管理者権限を奪取した場合、正規の暗号化APIを利用され迂回可能。 | ★★☆（2） | | バックアップとリストア体制 | バックアップは定期取得されているが、スナップショット削除防止機能（Vault Lock等）は未導入で、削除耐性に弱点。 | ★★☆（2） | | API監視・検知 | CloudTrail＋SIEMで監査は有効。しかし暗号化コマンドやスナップショット削除のリアルタイム検知ルールは不完全。 | ★★☆（2） | | 承認フロー | 通常業務での暗号化設定変更は承認必須だが、緊急対応・管理者例外が存在し、悪用される可能性を残している。 | ★★☆（2） | | **CSPM／CIEM逸脱検知** | CSPMは導入済。だが暗号化操作やバックアップ削除の挙動検知は限定的。CIEMによる権限逸脱検知も一部のみ適用。 | ★★☆（2） |→総合評価：２ | AL56: =MAX(E56,N56,W56,AF56) | AM56: 2 | AN56: =MAX(G56,P56,Y56,AH56) | AO56: =4-AN56 | AP56: =IF(AND(AL56=3,AM56*AO56>=6),"A",IF(AND(AL56=3,AM56*AO56>=3),"B",IF(AND(AL56=3,AM56*AO56>=1),"C",""))) | AQ56: ="Scenario-level Threat=2; Step1="&I56&" Step2="&R56&" Step3="&AA56&" Step4="&AJ56&" ; Overall Threat fixed=2, Max Mitigation="&AN56&" => Overall="&AP56
