Workbook

Sheet ScenarioC_Attack_Tree_64Combina
A1: Step1_TechniqueID | B1: description | D1: Business Impact | E1: Threat | F1: Mitigation | G1: Vulnerability | H1: Risk Score | I1: 対策根拠（既知脆弱性） | J1: Step2_TechniqueID | K1: description | L1: Business Impact | M1: Threat | N1: Mitigation | O1: Vulnerability | P1: Risk Score | Q1: 対策根拠（既知脆弱性） | R1: Step3_TechniqueID | S1: description | T1: Business Impact | U1: Threat | V1: Mitigation | W1: Vulnerability | X1: Risk Score | Y1: 対策根拠（既知脆弱性） | Z1: Step4_TechniqueID | AA1: description | AB1: Business Impact | AC1: Threat | AD1: Mitigation | AE1: Vulnerability | AF1: Risk Score | AG1: 対策根拠（既知脆弱性） | AP1: Business Impact | AQ1: Threat | AR1: Vulnerability | AS1: Mitigation | AT1: Risk Score | AU1: 判定根拠
A2: =SPRV_Source_For_Formulas!D2 -> T1189 | B2: 攻撃手法の具体化 運用管理者が、日常的に利用する 業務関連Webポータル／ガバメントクラウド管理サイト にアクセス。 攻撃者がWebサイトを改ざんし、マルウェアを仕込んでいる。 管理者が 閲覧またはファイルをダウンロードするだけで自動的にマルウェア感染。 結果として： 管理者端末を初期感染させ、GovCloud管理コンソールへの認証情報（セッションCookie、MFAトークン等）を窃取 その後の クラウドリソース操作権限の奪取 に直結。 | D2: 3 | E2: 1 | F2: =IF(SPRV_Source_For_Formulas!G2<=0.2,3,IF(SPRV_Source_For_Formulas!G2<=0.5,2,1)) -> 3 | G2: =4-F2 -> 1 | H2: =IF(AND(D2=3,E2*G2>=6),"A",IF(AND(D2=3,E2*G2>=3),"B",IF(AND(D2=3,E2*G2>=1),"C",""))) -> C | I2: | 評価観点 | 状況・施策内容 | 評価 | | ----------------- | -------------------------------------------------- | ------ | | エンドポイント防御（EDR/AV） | EDR導入済み、シグネチャ更新自動化。未知マルウェアにはふるまい検知依存。 | ★★★（3） | | Webフィルタリング／改ざん検知 | SWG導入済。不審サイト遮断可能。ただし正規業務ポータル改ざんのゼロデイ検知は困難。 | ★★☆（2） | | パッチ管理／ソフト更新 | ブラウザ・OSはMDMで強制更新。48時間以内に重大パッチ適用（β’モデル準拠）。 | ★★★（3） | | アクセス制御（ZTNA） | 管理端末以外からのアクセスは不可。職員ID＋MFA必須。ただし端末感染時のセッション乗っ取りは残る。 | ★★☆（2） | | ログ監視・SOC連携 | SOC監視下にあり、端末挙動ログをSIEMで分析。ただし初期感染段階での即時検知は限定的。 | ★★☆（2） |→ 総合評価：2.4 → 切り上げて レベル3 | J2: =SPRV_Source_For_Formulas!D3 -> T1578.002 | K2: クラウド管理権限を悪用し、Update Serverと同一VPC内または他VPCに不正なクラウドインスタンス（C2やバックドア用）を作成し、横展開を試みる | L2: 3 | M2: 1 | N2: =IF(SPRV_Source_For_Formulas!G3<=0.2,3,IF(SPRV_Source_For_Formulas!G3<=0.5,2,1)) -> 2 | O2: =4-N2 -> 2 | P2: =IF(AND(L2=3,M2*O2>=6),"A",IF(AND(L2=3,M2*O2>=3),"B",IF(AND(L2=3,M2*O2>=1),"C",""))) -> C | Q2: 評価観点 評価内容 評価 認証管理 Step1でMFA導入・監視ログ・アラート通知設定済み ★★★（3） 権限管理（IAM） 管理者権限の最小化、RBAC運用、Update ServerのIAMロールも定期監査対象 ★★★（3） インスタンス作成の監視 CloudTrail相当のログ収集有効化とSIEM連携、異常インスタンス作成アラート設定 ★★★（3） ガードレール制御 テンプレート制限・事前承認フロー未導入（自動インスタンス作成が可能な設定あり） ★★☆（2） 構成ミスの検出自動化 CSPMは導入済、ただしSSPMは未導入 ★★☆（2） 監査と事後対応 月次の操作監査あり。外部監査は年1回 ★★☆（2） → 総合評価：2.5 → 切り上げて 3（レベル3） | R2: =SPRV_Source_For_Formulas!D4 -> T1651 | S2: クラウドAPI/CLIを利用してマイナンバー系業務システムに対し、スナップショット取得・設定変更・証拠隠滅などの攻撃的管理コマンドを実行 | T2: 3 | U2: 1 | V2: =IF(SPRV_Source_For_Formulas!G4<=0.2,3,IF(SPRV_Source_For_Formulas!G4<=0.5,2,1)) -> 3 | W2: =4-V2 -> 1 | X2: =IF(AND(T2=3,U2*W2>=6),"A",IF(AND(T2=3,U2*W2>=3),"B",IF(AND(T2=3,U2*W2>=1),"C",""))) -> C | Y2: | 評価項目 | 状況・施策内容 | 評価 | | ----------- | ------------------------------------------------------------ | ------ | | 認証管理（MFA） | CLI/APIアクセスにもMFA必須。IAMユーザではなくロールベースの一時トークンを使用 | ★★★（3） | | ログ監視・改ざん防止 | CloudTrail＋WORMストレージでログ改ざん防止。ただし外部SIEM連携は一部の操作のみ対象 | ★★☆（2） | | 操作の定型化 | TerraformによるInfrastructure as Codeはマイナンバー系でも導入済。ただし一部GUI設定残存 | ★★☆（2） | | RBACとワークフロー | 管理者権限の委譲に承認フローあり。CLI操作には内部発番のチケット必要 | ★★★（3） | | 検知・リアルタイム対応 | GuardDuty相当の異常API検知機能は未導入（導入予定あり） | ★☆☆（1） |→ 総合評価：2.2 → 切り下げて ★★（2） | Z2: =SPRV_Source_For_Formulas!D5 -> T1486 | AA2: クラウドリソース（仮想マシン等）を乗っ取り、暗号資産マイニング/DDoS中継に悪用。 | AB2: 3 | AC2: 1 | AD2: =IF(SPRV_Source_For_Formulas!G5<=0.2,3,IF(SPRV_Source_For_Formulas!G5<=0.5,2,1)) -> 3 | AE2: =4-AD2 -> 1 | AF2: =IF(AND(AB2=3,AC2*AE2>=6),"A",IF(AND(AB2=3,AC2*AE2>=3),"B",IF(AND(AB2=3,AC2*AE2>=1),"C",""))) -> C | AG2: CSPMによるリソース使用率監視、アラート設定が有効（β’3.4.3相当）。 | AP2: =MAX(D2,L2,T2,AB2) -> 3 | AQ2: 1 | AR2: =4-AS2 -> 1 | AS2: =MAX(F2,N2,V2,AD2) -> 3 | AT2: =IF(AND(AP2=3,AQ2*AR2>=6),"A",IF(AND(AP2=3,AQ2*AR2>=3),"B",IF(AND(AP2=3,AQ2*AR2>=1),"C",""))) -> C | AU2: ="Scenario-level Threat=1; Step1="&H2&" Step2="&P2&" Step3="&X2&" Step4="&AF2&" ; Overall Threat fixed=1, Max Mitigation="&AS2&" => Overall="&AT2 -> Scenario-level Threat=1; Step1=C Step2=C Step3=C Step4=C ; Overall Threat fixed=1, Max Mitigation=3 => Overall=C
A3: =SPRV_Source_For_Formulas!D6 -> T1189 | B3: 攻撃手法の具体化 運用管理者が、日常的に利用する 業務関連Webポータル／ガバメントクラウド管理サイト にアクセス。 攻撃者がWebサイトを改ざんし、マルウェアを仕込んでいる。 管理者が 閲覧またはファイルをダウンロードするだけで自動的にマルウェア感染。 結果として： 管理者端末を初期感染させ、GovCloud管理コンソールへの認証情報（セッションCookie、MFAトークン等）を窃取 その後の クラウドリソース操作権限の奪取 に直結。 | D3: 3 | E3: 1 | F3: =IF(SPRV_Source_For_Formulas!G6<=0.2,3,IF(SPRV_Source_For_Formulas!G6<=0.5,2,1)) -> 3 | G3: =4-F3 -> 1 | H3: =IF(AND(D3=3,E3*G3>=6),"A",IF(AND(D3=3,E3*G3>=3),"B",IF(AND(D3=3,E3*G3>=1),"C",""))) -> C | I3: | 評価観点 | 状況・施策内容 | 評価 | | ----------------- | -------------------------------------------------- | ------ | | エンドポイント防御（EDR/AV） | EDR導入済み、シグネチャ更新自動化。未知マルウェアにはふるまい検知依存。 | ★★★（3） | | Webフィルタリング／改ざん検知 | SWG導入済。不審サイト遮断可能。ただし正規業務ポータル改ざんのゼロデイ検知は困難。 | ★★☆（2） | | パッチ管理／ソフト更新 | ブラウザ・OSはMDMで強制更新。48時間以内に重大パッチ適用（β’モデル準拠）。 | ★★★（3） | | アクセス制御（ZTNA） | 管理端末以外からのアクセスは不可。職員ID＋MFA必須。ただし端末感染時のセッション乗っ取りは残る。 | ★★☆（2） | | ログ監視・SOC連携 | SOC監視下にあり、端末挙動ログをSIEMで分析。ただし初期感染段階での即時検知は限定的。 | ★★☆（2） |→ 総合評価：2.4 → 切り上げて レベル3 | J3: =SPRV_Source_For_Formulas!D7 -> T1578.002 | K3: クラウド管理権限を悪用し、Update Serverと同一VPC内または他VPCに不正なクラウドインスタンス（C2やバックドア用）を作成し、横展開を試みる | L3: 3 | M3: 1 | N3: =IF(SPRV_Source_For_Formulas!G7<=0.2,3,IF(SPRV_Source_For_Formulas!G7<=0.5,2,1)) -> 2 | O3: =4-N3 -> 2 | P3: =IF(AND(L3=3,M3*O3>=6),"A",IF(AND(L3=3,M3*O3>=3),"B",IF(AND(L3=3,M3*O3>=1),"C",""))) -> C | Q3: 評価観点 評価内容 評価 認証管理 Step1でMFA導入・監視ログ・アラート通知設定済み ★★★（3） 権限管理（IAM） 管理者権限の最小化、RBAC運用、Update ServerのIAMロールも定期監査対象 ★★★（3） インスタンス作成の監視 CloudTrail相当のログ収集有効化とSIEM連携、異常インスタンス作成アラート設定 ★★★（3） ガードレール制御 テンプレート制限・事前承認フロー未導入（自動インスタンス作成が可能な設定あり） ★★☆（2） 構成ミスの検出自動化 CSPMは導入済、ただしSSPMは未導入 ★★☆（2） 監査と事後対応 月次の操作監査あり。外部監査は年1回 ★★☆（2） → 総合評価：2.5 → 切り上げて 3（レベル3） | R3: =SPRV_Source_For_Formulas!D8 -> T1651 | S3: クラウドAPI/CLIを利用してマイナンバー系業務システムに対し、スナップショット取得・設定変更・証拠隠滅などの攻撃的管理コマンドを実行 | T3: 3 | U3: 1 | V3: =IF(SPRV_Source_For_Formulas!G8<=0.2,3,IF(SPRV_Source_For_Formulas!G8<=0.5,2,1)) -> 3 | W3: =4-V3 -> 1 | X3: =IF(AND(T3=3,U3*W3>=6),"A",IF(AND(T3=3,U3*W3>=3),"B",IF(AND(T3=3,U3*W3>=1),"C",""))) -> C | Y3: | 評価項目 | 状況・施策内容 | 評価 | | ----------- | ------------------------------------------------------------ | ------ | | 認証管理（MFA） | CLI/APIアクセスにもMFA必須。IAMユーザではなくロールベースの一時トークンを使用 | ★★★（3） | | ログ監視・改ざん防止 | CloudTrail＋WORMストレージでログ改ざん防止。ただし外部SIEM連携は一部の操作のみ対象 | ★★☆（2） | | 操作の定型化 | TerraformによるInfrastructure as Codeはマイナンバー系でも導入済。ただし一部GUI設定残存 | ★★☆（2） | | RBACとワークフロー | 管理者権限の委譲に承認フローあり。CLI操作には内部発番のチケット必要 | ★★★（3） | | 検知・リアルタイム対応 | GuardDuty相当の異常API検知機能は未導入（導入予定あり） | ★☆☆（1） |→ 総合評価：2.2 → 切り下げて ★★（2） | Z3: =SPRV_Source_For_Formulas!D9 -> T1496.001 | AA3: 計算リソースを秘匿的に不正利用（Compute Hijacking）。 | AB3: 3 | AC3: 1 | AD3: =IF(SPRV_Source_For_Formulas!G9<=0.2,3,IF(SPRV_Source_For_Formulas!G9<=0.5,2,1)) -> 2 | AE3: =4-AD3 -> 2 | AF3: =IF(AND(AB3=3,AC3*AE3>=6),"A",IF(AND(AB3=3,AC3*AE3>=3),"B",IF(AND(AB3=3,AC3*AE3>=1),"C",""))) -> C | AG3: モニタリング＋しきい値制限（Azure Monitor等）で抑止可能。 | AP3: =MAX(D3,L3,T3,AB3) -> 3 | AQ3: 1 | AR3: =4-AS3 -> 1 | AS3: =MAX(F3,N3,V3,AD3) -> 3 | AT3: =IF(AND(AP3=3,AQ3*AR3>=6),"A",IF(AND(AP3=3,AQ3*AR3>=3),"B",IF(AND(AP3=3,AQ3*AR3>=1),"C",""))) -> C | AU3: ="Scenario-level Threat=1; Step1="&H3&" Step2="&P3&" Step3="&X3&" Step4="&AF3&" ; Overall Threat fixed=1, Max Mitigation="&AS3&" => Overall="&AT3 -> Scenario-level Threat=1; Step1=C Step2=C Step3=C Step4=C ; Overall Threat fixed=1, Max Mitigation=3 => Overall=C
A4: =SPRV_Source_For_Formulas!D10 -> T1189 | B4: 攻撃手法の具体化 運用管理者が、日常的に利用する 業務関連Webポータル／ガバメントクラウド管理サイト にアクセス。 攻撃者がWebサイトを改ざんし、マルウェアを仕込んでいる。 管理者が 閲覧またはファイルをダウンロードするだけで自動的にマルウェア感染。 結果として： 管理者端末を初期感染させ、GovCloud管理コンソールへの認証情報（セッションCookie、MFAトークン等）を窃取 その後の クラウドリソース操作権限の奪取 に直結。 | D4: 3 | E4: 1 | F4: =IF(SPRV_Source_For_Formulas!G10<=0.2,3,IF(SPRV_Source_For_Formulas!G10<=0.5,2,1)) -> 3 | G4: =4-F4 -> 1 | H4: =IF(AND(D4=3,E4*G4>=6),"A",IF(AND(D4=3,E4*G4>=3),"B",IF(AND(D4=3,E4*G4>=1),"C",""))) -> C | I4: | 評価観点 | 状況・施策内容 | 評価 | | ----------------- | -------------------------------------------------- | ------ | | エンドポイント防御（EDR/AV） | EDR導入済み、シグネチャ更新自動化。未知マルウェアにはふるまい検知依存。 | ★★★（3） | | Webフィルタリング／改ざん検知 | SWG導入済。不審サイト遮断可能。ただし正規業務ポータル改ざんのゼロデイ検知は困難。 | ★★☆（2） | | パッチ管理／ソフト更新 | ブラウザ・OSはMDMで強制更新。48時間以内に重大パッチ適用（β’モデル準拠）。 | ★★★（3） | | アクセス制御（ZTNA） | 管理端末以外からのアクセスは不可。職員ID＋MFA必須。ただし端末感染時のセッション乗っ取りは残る。 | ★★☆（2） | | ログ監視・SOC連携 | SOC監視下にあり、端末挙動ログをSIEMで分析。ただし初期感染段階での即時検知は限定的。 | ★★☆（2） |→ 総合評価：2.4 → 切り上げて レベル3 | J4: =SPRV_Source_For_Formulas!D11 -> T1578.002 | K4: クラウド管理権限を悪用し、Update Serverと同一VPC内または他VPCに不正なクラウドインスタンス（C2やバックドア用）を作成し、横展開を試みる | L4: 3 | M4: 1 | N4: =IF(SPRV_Source_For_Formulas!G11<=0.2,3,IF(SPRV_Source_For_Formulas!G11<=0.5,2,1)) -> 2 | O4: =4-N4 -> 2 | P4: =IF(AND(L4=3,M4*O4>=6),"A",IF(AND(L4=3,M4*O4>=3),"B",IF(AND(L4=3,M4*O4>=1),"C",""))) -> C | Q4: 評価観点 評価内容 評価 認証管理 Step1でMFA導入・監視ログ・アラート通知設定済み ★★★（3） 権限管理（IAM） 管理者権限の最小化、RBAC運用、Update ServerのIAMロールも定期監査対象 ★★★（3） インスタンス作成の監視 CloudTrail相当のログ収集有効化とSIEM連携、異常インスタンス作成アラート設定 ★★★（3） ガードレール制御 テンプレート制限・事前承認フロー未導入（自動インスタンス作成が可能な設定あり） ★★☆（2） 構成ミスの検出自動化 CSPMは導入済、ただしSSPMは未導入 ★★☆（2） 監査と事後対応 月次の操作監査あり。外部監査は年1回 ★★☆（2） → 総合評価：2.5 → 切り上げて 3（レベル3） | R4: =SPRV_Source_For_Formulas!D12 -> T1651 | S4: クラウドAPI/CLIを利用してマイナンバー系業務システムに対し、スナップショット取得・設定変更・証拠隠滅などの攻撃的管理コマンドを実行 | T4: 3 | U4: 1 | V4: =IF(SPRV_Source_For_Formulas!G12<=0.2,3,IF(SPRV_Source_For_Formulas!G12<=0.5,2,1)) -> 3 | W4: =4-V4 -> 1 | X4: =IF(AND(T4=3,U4*W4>=6),"A",IF(AND(T4=3,U4*W4>=3),"B",IF(AND(T4=3,U4*W4>=1),"C",""))) -> C | Y4: | 評価項目 | 状況・施策内容 | 評価 | | ----------- | ------------------------------------------------------------ | ------ | | 認証管理（MFA） | CLI/APIアクセスにもMFA必須。IAMユーザではなくロールベースの一時トークンを使用 | ★★★（3） | | ログ監視・改ざん防止 | CloudTrail＋WORMストレージでログ改ざん防止。ただし外部SIEM連携は一部の操作のみ対象 | ★★☆（2） | | 操作の定型化 | TerraformによるInfrastructure as Codeはマイナンバー系でも導入済。ただし一部GUI設定残存 | ★★☆（2） | | RBACとワークフロー | 管理者権限の委譲に承認フローあり。CLI操作には内部発番のチケット必要 | ★★★（3） | | 検知・リアルタイム対応 | GuardDuty相当の異常API検知機能は未導入（導入予定あり） | ★☆☆（1） |→ 総合評価：2.2 → 切り下げて ★★（2） | Z4: =SPRV_Source_For_Formulas!D13 -> T1496.004 | AA4: クラウドAPI経由で Proxy Server on GovCloud に対して以下を実施： EC2/EBSなどのストレージを暗号化（KMSキーを使って再暗号化またはKMSキーを削除） OSレベルでスクリプトを投入し、ボリュームをBitLockerやLinuxのLUKS等で暗号化 システムログやスナップショットの削除による復旧妨害 IAMの一時的制御権を用いた“復旧阻止”工作 ガバメントクラウド内で復旧オプションが封じられた状態にされることで、実質的なデータロックアウトが生じる。 | AB4: 3 | AC4: 1 | AD4: =IF(SPRV_Source_For_Formulas!G13<=0.2,3,IF(SPRV_Source_For_Formulas!G13<=0.5,2,1)) -> 2 | AE4: =4-AD4 -> 2 | AF4: =IF(AND(AB4=3,AC4*AE4>=6),"A",IF(AND(AB4=3,AC4*AE4>=3),"B",IF(AND(AB4=3,AC4*AE4>=1),"C",""))) -> C | AG4: | 評価観点 | 評価内容 | 評価 | | ------------- | ---------------------------------------------------- | ------ | | データ暗号化制御 | KMSのアクセス制御やEBS暗号化ポリシーは一部導入。ただしProxy Server単体の制御は未記載。 | ★★☆（2） | | ログ・スナップショット保全 | CloudTrailログ保全は一部設定あり。スナップショット削除阻止や整合性保全策は記載なし。 | ★★☆（2） | | API実行制御 | Step3でAPI攻撃が成立済のため、IAM/API制御に抜けあり。SSPM未導入。 | ★☆☆（1） |→ 総合評価：1.7 → 切り捨てて「レベル1」 | AP4: =MAX(D4,L4,T4,AB4) -> 3 | AQ4: 1 | AR4: =4-AS4 -> 1 | AS4: =MAX(F4,N4,V4,AD4) -> 3 | AT4: =IF(AND(AP4=3,AQ4*AR4>=6),"A",IF(AND(AP4=3,AQ4*AR4>=3),"B",IF(AND(AP4=3,AQ4*AR4>=1),"C",""))) -> C | AU4: ="Scenario-level Threat=1; Step1="&H4&" Step2="&P4&" Step3="&X4&" Step4="&AF4&" ; Overall Threat fixed=1, Max Mitigation="&AS4&" => Overall="&AT4 -> Scenario-level Threat=1; Step1=C Step2=C Step3=C Step4=C ; Overall Threat fixed=1, Max Mitigation=3 => Overall=C
A5: =SPRV_Source_For_Formulas!D14 -> T1189 | B5: 攻撃手法の具体化 運用管理者が、日常的に利用する 業務関連Webポータル／ガバメントクラウド管理サイト にアクセス。 攻撃者がWebサイトを改ざんし、マルウェアを仕込んでいる。 管理者が 閲覧またはファイルをダウンロードするだけで自動的にマルウェア感染。 結果として： 管理者端末を初期感染させ、GovCloud管理コンソールへの認証情報（セッションCookie、MFAトークン等）を窃取 その後の クラウドリソース操作権限の奪取 に直結。 | D5: 3 | E5: 1 | F5: =IF(SPRV_Source_For_Formulas!G14<=0.2,3,IF(SPRV_Source_For_Formulas!G14<=0.5,2,1)) -> 3 | G5: =4-F5 -> 1 | H5: =IF(AND(D5=3,E5*G5>=6),"A",IF(AND(D5=3,E5*G5>=3),"B",IF(AND(D5=3,E5*G5>=1),"C",""))) -> C | I5: | 評価観点 | 状況・施策内容 | 評価 | | ----------------- | -------------------------------------------------- | ------ | | エンドポイント防御（EDR/AV） | EDR導入済み、シグネチャ更新自動化。未知マルウェアにはふるまい検知依存。 | ★★★（3） | | Webフィルタリング／改ざん検知 | SWG導入済。不審サイト遮断可能。ただし正規業務ポータル改ざんのゼロデイ検知は困難。 | ★★☆（2） | | パッチ管理／ソフト更新 | ブラウザ・OSはMDMで強制更新。48時間以内に重大パッチ適用（β’モデル準拠）。 | ★★★（3） | | アクセス制御（ZTNA） | 管理端末以外からのアクセスは不可。職員ID＋MFA必須。ただし端末感染時のセッション乗っ取りは残る。 | ★★☆（2） | | ログ監視・SOC連携 | SOC監視下にあり、端末挙動ログをSIEMで分析。ただし初期感染段階での即時検知は限定的。 | ★★☆（2） |→ 総合評価：2.4 → 切り上げて レベル3 | J5: =SPRV_Source_For_Formulas!D15 -> T1578.002 | K5: クラウド管理権限を悪用し、Update Serverと同一VPC内または他VPCに不正なクラウドインスタンス（C2やバックドア用）を作成し、横展開を試みる | L5: 3 | M5: 1 | N5: =IF(SPRV_Source_For_Formulas!G15<=0.2,3,IF(SPRV_Source_For_Formulas!G15<=0.5,2,1)) -> 2 | O5: =4-N5 -> 2 | P5: =IF(AND(L5=3,M5*O5>=6),"A",IF(AND(L5=3,M5*O5>=3),"B",IF(AND(L5=3,M5*O5>=1),"C",""))) -> C | Q5: 評価観点 評価内容 評価 認証管理 Step1でMFA導入・監視ログ・アラート通知設定済み ★★★（3） 権限管理（IAM） 管理者権限の最小化、RBAC運用、Update ServerのIAMロールも定期監査対象 ★★★（3） インスタンス作成の監視 CloudTrail相当のログ収集有効化とSIEM連携、異常インスタンス作成アラート設定 ★★★（3） ガードレール制御 テンプレート制限・事前承認フロー未導入（自動インスタンス作成が可能な設定あり） ★★☆（2） 構成ミスの検出自動化 CSPMは導入済、ただしSSPMは未導入 ★★☆（2） 監査と事後対応 月次の操作監査あり。外部監査は年1回 ★★☆（2） → 総合評価：2.5 → 切り上げて 3（レベル3） | R5: =SPRV_Source_For_Formulas!D16 -> T1651 | S5: クラウドAPI/CLIを利用してマイナンバー系業務システムに対し、スナップショット取得・設定変更・証拠隠滅などの攻撃的管理コマンドを実行 | T5: 3 | U5: 1 | V5: =IF(SPRV_Source_For_Formulas!G16<=0.2,3,IF(SPRV_Source_For_Formulas!G16<=0.5,2,1)) -> 3 | W5: =4-V5 -> 1 | X5: =IF(AND(T5=3,U5*W5>=6),"A",IF(AND(T5=3,U5*W5>=3),"B",IF(AND(T5=3,U5*W5>=1),"C",""))) -> C | Y5: | 評価項目 | 状況・施策内容 | 評価 | | ----------- | ------------------------------------------------------------ | ------ | | 認証管理（MFA） | CLI/APIアクセスにもMFA必須。IAMユーザではなくロールベースの一時トークンを使用 | ★★★（3） | | ログ監視・改ざん防止 | CloudTrail＋WORMストレージでログ改ざん防止。ただし外部SIEM連携は一部の操作のみ対象 | ★★☆（2） | | 操作の定型化 | TerraformによるInfrastructure as Codeはマイナンバー系でも導入済。ただし一部GUI設定残存 | ★★☆（2） | | RBACとワークフロー | 管理者権限の委譲に承認フローあり。CLI操作には内部発番のチケット必要 | ★★★（3） | | 検知・リアルタイム対応 | GuardDuty相当の異常API検知機能は未導入（導入予定あり） | ★☆☆（1） |→ 総合評価：2.2 → 切り下げて ★★（2） | Z5: =SPRV_Source_For_Formulas!D17 -> T1496.002 | AA5: 侵入済みのクラウド環境において、プロキシサーバの帯域を意図的に消費（例：大量データ送信、仮想マイニングノードの設置など）することで、ガバメントクラウドやVPN経路の通信品質を劣化させ、他の通信遅延・業務妨害を引き起こすDoS型の資源枯渇攻撃に該当。システム停止を伴わずに“リソース占有”による間接的な被害を狙う | AB5: 3 | AC5: 1 | AD5: =IF(SPRV_Source_For_Formulas!G17<=0.2,3,IF(SPRV_Source_For_Formulas!G17<=0.5,2,1)) -> 2 | AE5: =4-AD5 -> 2 | AF5: =IF(AND(AB5=3,AC5*AE5>=6),"A",IF(AND(AB5=3,AC5*AE5>=3),"B",IF(AND(AB5=3,AC5*AE5>=1),"C",""))) -> C | AG5: | 評価カテゴリ | 対策内容（遵守済と仮定） | 評価 | | ----------------- | -------------------------------------------------------- | ------ | | **プロキシ通信監視** | SWG・Proxyログは収集済、SIEM連携も実施。DNSや宛先IPでのトラフィック可視化が可能。 | ★★★（3） | | **異常帯域検出とアラート** | GuardDuty相当で異常通信のアラートはあるが、**帯域使用量ベースのしきい値監視は未設定** | ★★☆（2） | | **アウトバウンド制御** | Egress制御ポリシーあり（国別やFQDN制限）。ただし動的アノマリー検知は未導入。 | ★★☆（2） | | **構成ミス・ルーティング検知** | CSPMは導入済。SWGの過剰許可設定については検出対象。 | ★★★（3） | | **サービス間通信制限** | VPCピアリングやプロキシ経路の制限は設計上存在。ただし、**運用上の例外が散見される**（一部緩いルールあり） | ★★☆（2） |総合評価（レベル判定） 評価平均：約 2.4 → 切り上げ処理により レベル：★★★（3） | AP5: =MAX(D5,L5,T5,AB5) -> 3 | AQ5: 1 | AR5: =4-AS5 -> 1 | AS5: =MAX(F5,N5,V5,AD5) -> 3 | AT5: =IF(AND(AP5=3,AQ5*AR5>=6),"A",IF(AND(AP5=3,AQ5*AR5>=3),"B",IF(AND(AP5=3,AQ5*AR5>=1),"C",""))) -> C | AU5: ="Scenario-level Threat=1; Step1="&H5&" Step2="&P5&" Step3="&X5&" Step4="&AF5&" ; Overall Threat fixed=1, Max Mitigation="&AS5&" => Overall="&AT5 -> Scenario-level Threat=1; Step1=C Step2=C Step3=C Step4=C ; Overall Threat fixed=1, Max Mitigation=3 => Overall=C
A6: =SPRV_Source_For_Formulas!D18 -> T1189 | B6: 攻撃手法の具体化 運用管理者が、日常的に利用する 業務関連Webポータル／ガバメントクラウド管理サイト にアクセス。 攻撃者がWebサイトを改ざんし、マルウェアを仕込んでいる。 管理者が 閲覧またはファイルをダウンロードするだけで自動的にマルウェア感染。 結果として： 管理者端末を初期感染させ、GovCloud管理コンソールへの認証情報（セッションCookie、MFAトークン等）を窃取 その後の クラウドリソース操作権限の奪取 に直結。 | D6: 3 | E6: 1 | F6: =IF(SPRV_Source_For_Formulas!G18<=0.2,3,IF(SPRV_Source_For_Formulas!G18<=0.5,2,1)) -> 3 | G6: =4-F6 -> 1 | H6: =IF(AND(D6=3,E6*G6>=6),"A",IF(AND(D6=3,E6*G6>=3),"B",IF(AND(D6=3,E6*G6>=1),"C",""))) -> C | I6: | 評価観点 | 状況・施策内容 | 評価 | | ----------------- | -------------------------------------------------- | ------ | | エンドポイント防御（EDR/AV） | EDR導入済み、シグネチャ更新自動化。未知マルウェアにはふるまい検知依存。 | ★★★（3） | | Webフィルタリング／改ざん検知 | SWG導入済。不審サイト遮断可能。ただし正規業務ポータル改ざんのゼロデイ検知は困難。 | ★★☆（2） | | パッチ管理／ソフト更新 | ブラウザ・OSはMDMで強制更新。48時間以内に重大パッチ適用（β’モデル準拠）。 | ★★★（3） | | アクセス制御（ZTNA） | 管理端末以外からのアクセスは不可。職員ID＋MFA必須。ただし端末感染時のセッション乗っ取りは残る。 | ★★☆（2） | | ログ監視・SOC連携 | SOC監視下にあり、端末挙動ログをSIEMで分析。ただし初期感染段階での即時検知は限定的。 | ★★☆（2） |→ 総合評価：2.4 → 切り上げて レベル3 | J6: =SPRV_Source_For_Formulas!D19 -> T1578.002 | K6: クラウド管理権限を悪用し、Update Serverと同一VPC内または他VPCに不正なクラウドインスタンス（C2やバックドア用）を作成し、横展開を試みる | L6: 3 | M6: 1 | N6: =IF(SPRV_Source_For_Formulas!G19<=0.2,3,IF(SPRV_Source_For_Formulas!G19<=0.5,2,1)) -> 2 | O6: =4-N6 -> 2 | P6: =IF(AND(L6=3,M6*O6>=6),"A",IF(AND(L6=3,M6*O6>=3),"B",IF(AND(L6=3,M6*O6>=1),"C",""))) -> C | Q6: 評価観点 評価内容 評価 認証管理 Step1でMFA導入・監視ログ・アラート通知設定済み ★★★（3） 権限管理（IAM） 管理者権限の最小化、RBAC運用、Update ServerのIAMロールも定期監査対象 ★★★（3） インスタンス作成の監視 CloudTrail相当のログ収集有効化とSIEM連携、異常インスタンス作成アラート設定 ★★★（3） ガードレール制御 テンプレート制限・事前承認フロー未導入（自動インスタンス作成が可能な設定あり） ★★☆（2） 構成ミスの検出自動化 CSPMは導入済、ただしSSPMは未導入 ★★☆（2） 監査と事後対応 月次の操作監査あり。外部監査は年1回 ★★☆（2） → 総合評価：2.5 → 切り上げて 3（レベル3） | R6: =SPRV_Source_For_Formulas!D20 -> T1555.006 | S6: Secrets ManagerやKey VaultからDBパスワードやAPI鍵を抽出し、My Number系システムへの認証回避を試みる高度なクラウド認証情報窃取攻撃。 | T6: 3 | U6: 1 | V6: =IF(SPRV_Source_For_Formulas!G20<=0.2,3,IF(SPRV_Source_For_Formulas!G20<=0.5,2,1)) -> 3 | W6: =4-V6 -> 1 | X6: =IF(AND(T6=3,U6*W6>=6),"A",IF(AND(T6=3,U6*W6>=3),"B",IF(AND(T6=3,U6*W6>=1),"C",""))) -> C | Y6: | 評価項目 | 状況・施策内容 | 評価 | | ------------- | -------------------------------------------------- | ------ | | Secretsアクセス制御 | IAMにてSecretsごとにアクセス制御が設定されている。ただし一部ロールは広範囲に許可されている | ★★☆（2） | | Secretsの暗号化 | KMSによる暗号化は実施済み。KMSキーは別ロールで管理 | ★★★（3） | | アクセス監視・検知 | CloudTrail有効だが、**Secretsへの読み取りに対する即時アラート設定が不完全** | ★★☆（2） | | ローテーション運用 | 自動ローテーションは一部適用（APIキー等）。DBパスワードは手動更新ベース | ★★☆（2） | | SSPMなどの逸脱検知 | CSPM導入済、SSPMは評価中。ルールベース検知は整備途上 | ★★☆（2） |→ 総合評価：2.2 → 切り下げて ★★（2） | Z6: =SPRV_Source_For_Formulas!D21 -> T1486 | AA6: クラウドリソース（仮想マシン等）を乗っ取り、暗号資産マイニング/DDoS中継に悪用。 | AB6: 3 | AC6: 1 | AD6: =IF(SPRV_Source_For_Formulas!G21<=0.2,3,IF(SPRV_Source_For_Formulas!G21<=0.5,2,1)) -> 3 | AE6: =4-AD6 -> 1 | AF6: =IF(AND(AB6=3,AC6*AE6>=6),"A",IF(AND(AB6=3,AC6*AE6>=3),"B",IF(AND(AB6=3,AC6*AE6>=1),"C",""))) -> C | AG6: CSPMによるリソース使用率監視、アラート設定が有効（β’3.4.3相当）。 | AP6: =MAX(D6,L6,T6,AB6) -> 3 | AQ6: 1 | AR6: =4-AS6 -> 1 | AS6: =MAX(F6,N6,V6,AD6) -> 3 | AT6: =IF(AND(AP6=3,AQ6*AR6>=6),"A",IF(AND(AP6=3,AQ6*AR6>=3),"B",IF(AND(AP6=3,AQ6*AR6>=1),"C",""))) -> C | AU6: ="Scenario-level Threat=1; Step1="&H6&" Step2="&P6&" Step3="&X6&" Step4="&AF6&" ; Overall Threat fixed=1, Max Mitigation="&AS6&" => Overall="&AT6 -> Scenario-level Threat=1; Step1=C Step2=C Step3=C Step4=C ; Overall Threat fixed=1, Max Mitigation=3 => Overall=C
A7: =SPRV_Source_For_Formulas!D22 -> T1189 | B7: 攻撃手法の具体化 運用管理者が、日常的に利用する 業務関連Webポータル／ガバメントクラウド管理サイト にアクセス。 攻撃者がWebサイトを改ざんし、マルウェアを仕込んでいる。 管理者が 閲覧またはファイルをダウンロードするだけで自動的にマルウェア感染。 結果として： 管理者端末を初期感染させ、GovCloud管理コンソールへの認証情報（セッションCookie、MFAトークン等）を窃取 その後の クラウドリソース操作権限の奪取 に直結。 | D7: 3 | E7: 1 | F7: =IF(SPRV_Source_For_Formulas!G22<=0.2,3,IF(SPRV_Source_For_Formulas!G22<=0.5,2,1)) -> 3 | G7: =4-F7 -> 1 | H7: =IF(AND(D7=3,E7*G7>=6),"A",IF(AND(D7=3,E7*G7>=3),"B",IF(AND(D7=3,E7*G7>=1),"C",""))) -> C | I7: | 評価観点 | 状況・施策内容 | 評価 | | ----------------- | -------------------------------------------------- | ------ | | エンドポイント防御（EDR/AV） | EDR導入済み、シグネチャ更新自動化。未知マルウェアにはふるまい検知依存。 | ★★★（3） | | Webフィルタリング／改ざん検知 | SWG導入済。不審サイト遮断可能。ただし正規業務ポータル改ざんのゼロデイ検知は困難。 | ★★☆（2） | | パッチ管理／ソフト更新 | ブラウザ・OSはMDMで強制更新。48時間以内に重大パッチ適用（β’モデル準拠）。 | ★★★（3） | | アクセス制御（ZTNA） | 管理端末以外からのアクセスは不可。職員ID＋MFA必須。ただし端末感染時のセッション乗っ取りは残る。 | ★★☆（2） | | ログ監視・SOC連携 | SOC監視下にあり、端末挙動ログをSIEMで分析。ただし初期感染段階での即時検知は限定的。 | ★★☆（2） |→ 総合評価：2.4 → 切り上げて レベル3 | J7: =SPRV_Source_For_Formulas!D23 -> T1578.002 | K7: クラウド管理権限を悪用し、Update Serverと同一VPC内または他VPCに不正なクラウドインスタンス（C2やバックドア用）を作成し、横展開を試みる | L7: 3 | M7: 1 | N7: =IF(SPRV_Source_For_Formulas!G23<=0.2,3,IF(SPRV_Source_For_Formulas!G23<=0.5,2,1)) -> 2 | O7: =4-N7 -> 2 | P7: =IF(AND(L7=3,M7*O7>=6),"A",IF(AND(L7=3,M7*O7>=3),"B",IF(AND(L7=3,M7*O7>=1),"C",""))) -> C | Q7: 評価観点 評価内容 評価 認証管理 Step1でMFA導入・監視ログ・アラート通知設定済み ★★★（3） 権限管理（IAM） 管理者権限の最小化、RBAC運用、Update ServerのIAMロールも定期監査対象 ★★★（3） インスタンス作成の監視 CloudTrail相当のログ収集有効化とSIEM連携、異常インスタンス作成アラート設定 ★★★（3） ガードレール制御 テンプレート制限・事前承認フロー未導入（自動インスタンス作成が可能な設定あり） ★★☆（2） 構成ミスの検出自動化 CSPMは導入済、ただしSSPMは未導入 ★★☆（2） 監査と事後対応 月次の操作監査あり。外部監査は年1回 ★★☆（2） → 総合評価：2.5 → 切り上げて 3（レベル3） | R7: =SPRV_Source_For_Formulas!D24 -> T1555.006 | S7: Secrets ManagerやKey VaultからDBパスワードやAPI鍵を抽出し、My Number系システムへの認証回避を試みる高度なクラウド認証情報窃取攻撃。 | T7: 3 | U7: 1 | V7: =IF(SPRV_Source_For_Formulas!G24<=0.2,3,IF(SPRV_Source_For_Formulas!G24<=0.5,2,1)) -> 3 | W7: =4-V7 -> 1 | X7: =IF(AND(T7=3,U7*W7>=6),"A",IF(AND(T7=3,U7*W7>=3),"B",IF(AND(T7=3,U7*W7>=1),"C",""))) -> C | Y7: | 評価項目 | 状況・施策内容 | 評価 | | ------------- | -------------------------------------------------- | ------ | | Secretsアクセス制御 | IAMにてSecretsごとにアクセス制御が設定されている。ただし一部ロールは広範囲に許可されている | ★★☆（2） | | Secretsの暗号化 | KMSによる暗号化は実施済み。KMSキーは別ロールで管理 | ★★★（3） | | アクセス監視・検知 | CloudTrail有効だが、**Secretsへの読み取りに対する即時アラート設定が不完全** | ★★☆（2） | | ローテーション運用 | 自動ローテーションは一部適用（APIキー等）。DBパスワードは手動更新ベース | ★★☆（2） | | SSPMなどの逸脱検知 | CSPM導入済、SSPMは評価中。ルールベース検知は整備途上 | ★★☆（2） |→ 総合評価：2.2 → 切り下げて ★★（2） | Z7: =SPRV_Source_For_Formulas!D25 -> T1496.001 | AA7: 計算リソースを秘匿的に不正利用（Compute Hijacking）。 | AB7: 3 | AC7: 1 | AD7: =IF(SPRV_Source_For_Formulas!G25<=0.2,3,IF(SPRV_Source_For_Formulas!G25<=0.5,2,1)) -> 2 | AE7: =4-AD7 -> 2 | AF7: =IF(AND(AB7=3,AC7*AE7>=6),"A",IF(AND(AB7=3,AC7*AE7>=3),"B",IF(AND(AB7=3,AC7*AE7>=1),"C",""))) -> C | AG7: モニタリング＋しきい値制限（Azure Monitor等）で抑止可能。 | AP7: =MAX(D7,L7,T7,AB7) -> 3 | AQ7: 1 | AR7: =4-AS7 -> 1 | AS7: =MAX(F7,N7,V7,AD7) -> 3 | AT7: =IF(AND(AP7=3,AQ7*AR7>=6),"A",IF(AND(AP7=3,AQ7*AR7>=3),"B",IF(AND(AP7=3,AQ7*AR7>=1),"C",""))) -> C | AU7: ="Scenario-level Threat=1; Step1="&H7&" Step2="&P7&" Step3="&X7&" Step4="&AF7&" ; Overall Threat fixed=1, Max Mitigation="&AS7&" => Overall="&AT7 -> Scenario-level Threat=1; Step1=C Step2=C Step3=C Step4=C ; Overall Threat fixed=1, Max Mitigation=3 => Overall=C
A8: =SPRV_Source_For_Formulas!D26 -> T1189 | B8: 攻撃手法の具体化 運用管理者が、日常的に利用する 業務関連Webポータル／ガバメントクラウド管理サイト にアクセス。 攻撃者がWebサイトを改ざんし、マルウェアを仕込んでいる。 管理者が 閲覧またはファイルをダウンロードするだけで自動的にマルウェア感染。 結果として： 管理者端末を初期感染させ、GovCloud管理コンソールへの認証情報（セッションCookie、MFAトークン等）を窃取 その後の クラウドリソース操作権限の奪取 に直結。 | D8: 3 | E8: 1 | F8: =IF(SPRV_Source_For_Formulas!G26<=0.2,3,IF(SPRV_Source_For_Formulas!G26<=0.5,2,1)) -> 3 | G8: =4-F8 -> 1 | H8: =IF(AND(D8=3,E8*G8>=6),"A",IF(AND(D8=3,E8*G8>=3),"B",IF(AND(D8=3,E8*G8>=1),"C",""))) -> C | I8: | 評価観点 | 状況・施策内容 | 評価 | | ----------------- | -------------------------------------------------- | ------ | | エンドポイント防御（EDR/AV） | EDR導入済み、シグネチャ更新自動化。未知マルウェアにはふるまい検知依存。 | ★★★（3） | | Webフィルタリング／改ざん検知 | SWG導入済。不審サイト遮断可能。ただし正規業務ポータル改ざんのゼロデイ検知は困難。 | ★★☆（2） | | パッチ管理／ソフト更新 | ブラウザ・OSはMDMで強制更新。48時間以内に重大パッチ適用（β’モデル準拠）。 | ★★★（3） | | アクセス制御（ZTNA） | 管理端末以外からのアクセスは不可。職員ID＋MFA必須。ただし端末感染時のセッション乗っ取りは残る。 | ★★☆（2） | | ログ監視・SOC連携 | SOC監視下にあり、端末挙動ログをSIEMで分析。ただし初期感染段階での即時検知は限定的。 | ★★☆（2） |→ 総合評価：2.4 → 切り上げて レベル3 | J8: =SPRV_Source_For_Formulas!D27 -> T1578.002 | K8: クラウド管理権限を悪用し、Update Serverと同一VPC内または他VPCに不正なクラウドインスタンス（C2やバックドア用）を作成し、横展開を試みる | L8: 3 | M8: 1 | N8: =IF(SPRV_Source_For_Formulas!G27<=0.2,3,IF(SPRV_Source_For_Formulas!G27<=0.5,2,1)) -> 2 | O8: =4-N8 -> 2 | P8: =IF(AND(L8=3,M8*O8>=6),"A",IF(AND(L8=3,M8*O8>=3),"B",IF(AND(L8=3,M8*O8>=1),"C",""))) -> C | Q8: 評価観点 評価内容 評価 認証管理 Step1でMFA導入・監視ログ・アラート通知設定済み ★★★（3） 権限管理（IAM） 管理者権限の最小化、RBAC運用、Update ServerのIAMロールも定期監査対象 ★★★（3） インスタンス作成の監視 CloudTrail相当のログ収集有効化とSIEM連携、異常インスタンス作成アラート設定 ★★★（3） ガードレール制御 テンプレート制限・事前承認フロー未導入（自動インスタンス作成が可能な設定あり） ★★☆（2） 構成ミスの検出自動化 CSPMは導入済、ただしSSPMは未導入 ★★☆（2） 監査と事後対応 月次の操作監査あり。外部監査は年1回 ★★☆（2） → 総合評価：2.5 → 切り上げて 3（レベル3） | R8: =SPRV_Source_For_Formulas!D28 -> T1555.006 | S8: Secrets ManagerやKey VaultからDBパスワードやAPI鍵を抽出し、My Number系システムへの認証回避を試みる高度なクラウド認証情報窃取攻撃。 | T8: 3 | U8: 1 | V8: =IF(SPRV_Source_For_Formulas!G28<=0.2,3,IF(SPRV_Source_For_Formulas!G28<=0.5,2,1)) -> 3 | W8: =4-V8 -> 1 | X8: =IF(AND(T8=3,U8*W8>=6),"A",IF(AND(T8=3,U8*W8>=3),"B",IF(AND(T8=3,U8*W8>=1),"C",""))) -> C | Y8: | 評価項目 | 状況・施策内容 | 評価 | | ------------- | -------------------------------------------------- | ------ | | Secretsアクセス制御 | IAMにてSecretsごとにアクセス制御が設定されている。ただし一部ロールは広範囲に許可されている | ★★☆（2） | | Secretsの暗号化 | KMSによる暗号化は実施済み。KMSキーは別ロールで管理 | ★★★（3） | | アクセス監視・検知 | CloudTrail有効だが、**Secretsへの読み取りに対する即時アラート設定が不完全** | ★★☆（2） | | ローテーション運用 | 自動ローテーションは一部適用（APIキー等）。DBパスワードは手動更新ベース | ★★☆（2） | | SSPMなどの逸脱検知 | CSPM導入済、SSPMは評価中。ルールベース検知は整備途上 | ★★☆（2） |→ 総合評価：2.2 → 切り下げて ★★（2） | Z8: =SPRV_Source_For_Formulas!D29 -> T1496.004 | AA8: クラウドAPI経由で Proxy Server on GovCloud に対して以下を実施： EC2/EBSなどのストレージを暗号化（KMSキーを使って再暗号化またはKMSキーを削除） OSレベルでスクリプトを投入し、ボリュームをBitLockerやLinuxのLUKS等で暗号化 システムログやスナップショットの削除による復旧妨害 IAMの一時的制御権を用いた“復旧阻止”工作 ガバメントクラウド内で復旧オプションが封じられた状態にされることで、実質的なデータロックアウトが生じる。 | AB8: 3 | AC8: 1 | AD8: =IF(SPRV_Source_For_Formulas!G29<=0.2,3,IF(SPRV_Source_For_Formulas!G29<=0.5,2,1)) -> 2 | AE8: =4-AD8 -> 2 | AF8: =IF(AND(AB8=3,AC8*AE8>=6),"A",IF(AND(AB8=3,AC8*AE8>=3),"B",IF(AND(AB8=3,AC8*AE8>=1),"C",""))) -> C | AG8: | 評価観点 | 評価内容 | 評価 | | ------------- | ---------------------------------------------------- | ------ | | データ暗号化制御 | KMSのアクセス制御やEBS暗号化ポリシーは一部導入。ただしProxy Server単体の制御は未記載。 | ★★☆（2） | | ログ・スナップショット保全 | CloudTrailログ保全は一部設定あり。スナップショット削除阻止や整合性保全策は記載なし。 | ★★☆（2） | | API実行制御 | Step3でAPI攻撃が成立済のため、IAM/API制御に抜けあり。SSPM未導入。 | ★☆☆（1） |→ 総合評価：1.7 → 切り捨てて「レベル1」 | AP8: =MAX(D8,L8,T8,AB8) -> 3 | AQ8: 1 | AR8: =4-AS8 -> 1 | AS8: =MAX(F8,N8,V8,AD8) -> 3 | AT8: =IF(AND(AP8=3,AQ8*AR8>=6),"A",IF(AND(AP8=3,AQ8*AR8>=3),"B",IF(AND(AP8=3,AQ8*AR8>=1),"C",""))) -> C | AU8: ="Scenario-level Threat=1; Step1="&H8&" Step2="&P8&" Step3="&X8&" Step4="&AF8&" ; Overall Threat fixed=1, Max Mitigation="&AS8&" => Overall="&AT8 -> Scenario-level Threat=1; Step1=C Step2=C Step3=C Step4=C ; Overall Threat fixed=1, Max Mitigation=3 => Overall=C
A9: =SPRV_Source_For_Formulas!D30 -> T1189 | B9: 攻撃手法の具体化 運用管理者が、日常的に利用する 業務関連Webポータル／ガバメントクラウド管理サイト にアクセス。 攻撃者がWebサイトを改ざんし、マルウェアを仕込んでいる。 管理者が 閲覧またはファイルをダウンロードするだけで自動的にマルウェア感染。 結果として： 管理者端末を初期感染させ、GovCloud管理コンソールへの認証情報（セッションCookie、MFAトークン等）を窃取 その後の クラウドリソース操作権限の奪取 に直結。 | D9: 3 | E9: 1 | F9: =IF(SPRV_Source_For_Formulas!G30<=0.2,3,IF(SPRV_Source_For_Formulas!G30<=0.5,2,1)) -> 3 | G9: =4-F9 -> 1 | H9: =IF(AND(D9=3,E9*G9>=6),"A",IF(AND(D9=3,E9*G9>=3),"B",IF(AND(D9=3,E9*G9>=1),"C",""))) -> C | I9: | 評価観点 | 状況・施策内容 | 評価 | | ----------------- | -------------------------------------------------- | ------ | | エンドポイント防御（EDR/AV） | EDR導入済み、シグネチャ更新自動化。未知マルウェアにはふるまい検知依存。 | ★★★（3） | | Webフィルタリング／改ざん検知 | SWG導入済。不審サイト遮断可能。ただし正規業務ポータル改ざんのゼロデイ検知は困難。 | ★★☆（2） | | パッチ管理／ソフト更新 | ブラウザ・OSはMDMで強制更新。48時間以内に重大パッチ適用（β’モデル準拠）。 | ★★★（3） | | アクセス制御（ZTNA） | 管理端末以外からのアクセスは不可。職員ID＋MFA必須。ただし端末感染時のセッション乗っ取りは残る。 | ★★☆（2） | | ログ監視・SOC連携 | SOC監視下にあり、端末挙動ログをSIEMで分析。ただし初期感染段階での即時検知は限定的。 | ★★☆（2） |→ 総合評価：2.4 → 切り上げて レベル3 | J9: =SPRV_Source_For_Formulas!D31 -> T1578.002 | K9: クラウド管理権限を悪用し、Update Serverと同一VPC内または他VPCに不正なクラウドインスタンス（C2やバックドア用）を作成し、横展開を試みる | L9: 3 | M9: 1 | N9: =IF(SPRV_Source_For_Formulas!G31<=0.2,3,IF(SPRV_Source_For_Formulas!G31<=0.5,2,1)) -> 2 | O9: =4-N9 -> 2 | P9: =IF(AND(L9=3,M9*O9>=6),"A",IF(AND(L9=3,M9*O9>=3),"B",IF(AND(L9=3,M9*O9>=1),"C",""))) -> C | Q9: 評価観点 評価内容 評価 認証管理 Step1でMFA導入・監視ログ・アラート通知設定済み ★★★（3） 権限管理（IAM） 管理者権限の最小化、RBAC運用、Update ServerのIAMロールも定期監査対象 ★★★（3） インスタンス作成の監視 CloudTrail相当のログ収集有効化とSIEM連携、異常インスタンス作成アラート設定 ★★★（3） ガードレール制御 テンプレート制限・事前承認フロー未導入（自動インスタンス作成が可能な設定あり） ★★☆（2） 構成ミスの検出自動化 CSPMは導入済、ただしSSPMは未導入 ★★☆（2） 監査と事後対応 月次の操作監査あり。外部監査は年1回 ★★☆（2） → 総合評価：2.5 → 切り上げて 3（レベル3） | R9: =SPRV_Source_For_Formulas!D32 -> T1555.006 | S9: Secrets ManagerやKey VaultからDBパスワードやAPI鍵を抽出し、My Number系システムへの認証回避を試みる高度なクラウド認証情報窃取攻撃。 | T9: 3 | U9: 1 | V9: =IF(SPRV_Source_For_Formulas!G32<=0.2,3,IF(SPRV_Source_For_Formulas!G32<=0.5,2,1)) -> 3 | W9: =4-V9 -> 1 | X9: =IF(AND(T9=3,U9*W9>=6),"A",IF(AND(T9=3,U9*W9>=3),"B",IF(AND(T9=3,U9*W9>=1),"C",""))) -> C | Y9: | 評価項目 | 状況・施策内容 | 評価 | | ------------- | -------------------------------------------------- | ------ | | Secretsアクセス制御 | IAMにてSecretsごとにアクセス制御が設定されている。ただし一部ロールは広範囲に許可されている | ★★☆（2） | | Secretsの暗号化 | KMSによる暗号化は実施済み。KMSキーは別ロールで管理 | ★★★（3） | | アクセス監視・検知 | CloudTrail有効だが、**Secretsへの読み取りに対する即時アラート設定が不完全** | ★★☆（2） | | ローテーション運用 | 自動ローテーションは一部適用（APIキー等）。DBパスワードは手動更新ベース | ★★☆（2） | | SSPMなどの逸脱検知 | CSPM導入済、SSPMは評価中。ルールベース検知は整備途上 | ★★☆（2） |→ 総合評価：2.2 → 切り下げて ★★（2） | Z9: =SPRV_Source_For_Formulas!D33 -> T1496.002 | AA9: 侵入済みのクラウド環境において、プロキシサーバの帯域を意図的に消費（例：大量データ送信、仮想マイニングノードの設置など）することで、ガバメントクラウドやVPN経路の通信品質を劣化させ、他の通信遅延・業務妨害を引き起こすDoS型の資源枯渇攻撃に該当。システム停止を伴わずに“リソース占有”による間接的な被害を狙う | AB9: 3 | AC9: 1 | AD9: =IF(SPRV_Source_For_Formulas!G33<=0.2,3,IF(SPRV_Source_For_Formulas!G33<=0.5,2,1)) -> 2 | AE9: =4-AD9 -> 2 | AF9: =IF(AND(AB9=3,AC9*AE9>=6),"A",IF(AND(AB9=3,AC9*AE9>=3),"B",IF(AND(AB9=3,AC9*AE9>=1),"C",""))) -> C | AG9: | 評価カテゴリ | 対策内容（遵守済と仮定） | 評価 | | ----------------- | -------------------------------------------------------- | ------ | | **プロキシ通信監視** | SWG・Proxyログは収集済、SIEM連携も実施。DNSや宛先IPでのトラフィック可視化が可能。 | ★★★（3） | | **異常帯域検出とアラート** | GuardDuty相当で異常通信のアラートはあるが、**帯域使用量ベースのしきい値監視は未設定** | ★★☆（2） | | **アウトバウンド制御** | Egress制御ポリシーあり（国別やFQDN制限）。ただし動的アノマリー検知は未導入。 | ★★☆（2） | | **構成ミス・ルーティング検知** | CSPMは導入済。SWGの過剰許可設定については検出対象。 | ★★★（3） | | **サービス間通信制限** | VPCピアリングやプロキシ経路の制限は設計上存在。ただし、**運用上の例外が散見される**（一部緩いルールあり） | ★★☆（2） |総合評価（レベル判定） 評価平均：約 2.4 → 切り上げ処理により レベル：★★★（3） | AP9: =MAX(D9,L9,T9,AB9) -> 3 | AQ9: 1 | AR9: =4-AS9 -> 1 | AS9: =MAX(F9,N9,V9,AD9) -> 3 | AT9: =IF(AND(AP9=3,AQ9*AR9>=6),"A",IF(AND(AP9=3,AQ9*AR9>=3),"B",IF(AND(AP9=3,AQ9*AR9>=1),"C",""))) -> C | AU9: ="Scenario-level Threat=1; Step1="&H9&" Step2="&P9&" Step3="&X9&" Step4="&AF9&" ; Overall Threat fixed=1, Max Mitigation="&AS9&" => Overall="&AT9 -> Scenario-level Threat=1; Step1=C Step2=C Step3=C Step4=C ; Overall Threat fixed=1, Max Mitigation=3 => Overall=C
A10: =SPRV_Source_For_Formulas!D34 -> T1189 | B10: 攻撃手法の具体化 運用管理者が、日常的に利用する 業務関連Webポータル／ガバメントクラウド管理サイト にアクセス。 攻撃者がWebサイトを改ざんし、マルウェアを仕込んでいる。 管理者が 閲覧またはファイルをダウンロードするだけで自動的にマルウェア感染。 結果として： 管理者端末を初期感染させ、GovCloud管理コンソールへの認証情報（セッションCookie、MFAトークン等）を窃取 その後の クラウドリソース操作権限の奪取 に直結。 | D10: 3 | E10: 1 | F10: =IF(SPRV_Source_For_Formulas!G34<=0.2,3,IF(SPRV_Source_For_Formulas!G34<=0.5,2,1)) -> 3 | G10: =4-F10 -> 1 | H10: =IF(AND(D10=3,E10*G10>=6),"A",IF(AND(D10=3,E10*G10>=3),"B",IF(AND(D10=3,E10*G10>=1),"C",""))) -> C | I10: | 評価観点 | 状況・施策内容 | 評価 | | ----------------- | -------------------------------------------------- | ------ | | エンドポイント防御（EDR/AV） | EDR導入済み、シグネチャ更新自動化。未知マルウェアにはふるまい検知依存。 | ★★★（3） | | Webフィルタリング／改ざん検知 | SWG導入済。不審サイト遮断可能。ただし正規業務ポータル改ざんのゼロデイ検知は困難。 | ★★☆（2） | | パッチ管理／ソフト更新 | ブラウザ・OSはMDMで強制更新。48時間以内に重大パッチ適用（β’モデル準拠）。 | ★★★（3） | | アクセス制御（ZTNA） | 管理端末以外からのアクセスは不可。職員ID＋MFA必須。ただし端末感染時のセッション乗っ取りは残る。 | ★★☆（2） | | ログ監視・SOC連携 | SOC監視下にあり、端末挙動ログをSIEMで分析。ただし初期感染段階での即時検知は限定的。 | ★★☆（2） |→ 総合評価：2.4 → 切り上げて レベル3 | J10: =SPRV_Source_For_Formulas!D35 -> T1578.002 | K10: クラウド管理権限を悪用し、Update Serverと同一VPC内または他VPCに不正なクラウドインスタンス（C2やバックドア用）を作成し、横展開を試みる | L10: 3 | M10: 1 | N10: =IF(SPRV_Source_For_Formulas!G35<=0.2,3,IF(SPRV_Source_For_Formulas!G35<=0.5,2,1)) -> 2 | O10: =4-N10 -> 2 | P10: =IF(AND(L10=3,M10*O10>=6),"A",IF(AND(L10=3,M10*O10>=3),"B",IF(AND(L10=3,M10*O10>=1),"C",""))) -> C | Q10: 評価観点 評価内容 評価 認証管理 Step1でMFA導入・監視ログ・アラート通知設定済み ★★★（3） 権限管理（IAM） 管理者権限の最小化、RBAC運用、Update ServerのIAMロールも定期監査対象 ★★★（3） インスタンス作成の監視 CloudTrail相当のログ収集有効化とSIEM連携、異常インスタンス作成アラート設定 ★★★（3） ガードレール制御 テンプレート制限・事前承認フロー未導入（自動インスタンス作成が可能な設定あり） ★★☆（2） 構成ミスの検出自動化 CSPMは導入済、ただしSSPMは未導入 ★★☆（2） 監査と事後対応 月次の操作監査あり。外部監査は年1回 ★★☆（2） → 総合評価：2.5 → 切り上げて 3（レベル3） | R10: =SPRV_Source_For_Formulas!D36 -> T1059.009 | S10: クラウドAPIを使ってスクリプトを遠隔実行し設定変更やマルウェア展開。 | T10: 3 | U10: 1 | V10: =IF(SPRV_Source_For_Formulas!G36<=0.2,3,IF(SPRV_Source_For_Formulas!G36<=0.5,2,1)) -> 3 | W10: =4-V10 -> 1 | X10: =IF(AND(T10=3,U10*W10>=6),"A",IF(AND(T10=3,U10*W10>=3),"B",IF(AND(T10=3,U10*W10>=1),"C",""))) -> C | Y10: | 観点 | 内容 | | ------------ | ----------------------------------------------------------------------- | | ? IAM制御 | IAM最小権限ポリシー、ロールベースアクセス制御（RBAC）の適用が前提となっており、基本的な対策は講じられていると考えられる | | ? API監視 | CloudTrail（AWS）やAudit Log（GCP）等による**API呼び出しログの記録と分析**も想定されている | | ? 不安要素 | クラウドAPIは「正規操作」として処理されやすいため、不正利用が**異常検知で気付きにくい**<br>⇒ 監視設定が甘いと侵害が長期化しやすい | | ? 利用頻度 | 管理者も通常業務でAPIを使うため、攻撃と区別が困難（例：異常な時間帯やIPでの利用を監視できるかどうかが鍵） | | ? 自治体側の技術成熟度 | クラウドセキュリティに不慣れな自治体ではAPI監査設定が**未設定または過剰権限のまま**であるケースが懸念される |リスクをさらに下げる効果的な対策は、| 項目 | 推奨構成（ベンダ中立） | | ----- | --------------------------------------------- | | ログ取得 | CloudTrail / Audit Logs + 長期保管 | | 検知・分析 | GuardDuty / SCC / Defender for Cloud + SIEM連携 | | 統制 | IAM最小権限 + 条件付きアクセス + 定期レビューワークフロー | | ツール連携 | EDRやPAM、SIEMとCNAppと連携して**誤用や内部不正**にも対応 | | Z10: =SPRV_Source_For_Formulas!D37 -> T1486 | AA10: クラウドリソース（仮想マシン等）を乗っ取り、暗号資産マイニング/DDoS中継に悪用。 | AB10: 3 | AC10: 1 | AD10: =IF(SPRV_Source_For_Formulas!G37<=0.2,3,IF(SPRV_Source_For_Formulas!G37<=0.5,2,1)) -> 3 | AE10: =4-AD10 -> 1 | AF10: =IF(AND(AB10=3,AC10*AE10>=6),"A",IF(AND(AB10=3,AC10*AE10>=3),"B",IF(AND(AB10=3,AC10*AE10>=1),"C",""))) -> C | AG10: CSPMによるリソース使用率監視、アラート設定が有効（β’3.4.3相当）。 | AP10: =MAX(D10,L10,T10,AB10) -> 3 | AQ10: 1 | AR10: =4-AS10 -> 1 | AS10: =MAX(F10,N10,V10,AD10) -> 3 | AT10: =IF(AND(AP10=3,AQ10*AR10>=6),"A",IF(AND(AP10=3,AQ10*AR10>=3),"B",IF(AND(AP10=3,AQ10*AR10>=1),"C",""))) -> C | AU10: ="Scenario-level Threat=1; Step1="&H10&" Step2="&P10&" Step3="&X10&" Step4="&AF10&" ; Overall Threat fixed=1, Max Mitigation="&AS10&" => Overall="&AT10 -> Scenario-level Threat=1; Step1=C Step2=C Step3=C Step4=C ; Overall Threat fixed=1, Max Mitigation=3 => Overall=C
A11: =SPRV_Source_For_Formulas!D38 -> T1189 | B11: 攻撃手法の具体化 運用管理者が、日常的に利用する 業務関連Webポータル／ガバメントクラウド管理サイト にアクセス。 攻撃者がWebサイトを改ざんし、マルウェアを仕込んでいる。 管理者が 閲覧またはファイルをダウンロードするだけで自動的にマルウェア感染。 結果として： 管理者端末を初期感染させ、GovCloud管理コンソールへの認証情報（セッションCookie、MFAトークン等）を窃取 その後の クラウドリソース操作権限の奪取 に直結。 | D11: 3 | E11: 1 | F11: =IF(SPRV_Source_For_Formulas!G38<=0.2,3,IF(SPRV_Source_For_Formulas!G38<=0.5,2,1)) -> 3 | G11: =4-F11 -> 1 | H11: =IF(AND(D11=3,E11*G11>=6),"A",IF(AND(D11=3,E11*G11>=3),"B",IF(AND(D11=3,E11*G11>=1),"C",""))) -> C | I11: | 評価観点 | 状況・施策内容 | 評価 | | ----------------- | -------------------------------------------------- | ------ | | エンドポイント防御（EDR/AV） | EDR導入済み、シグネチャ更新自動化。未知マルウェアにはふるまい検知依存。 | ★★★（3） | | Webフィルタリング／改ざん検知 | SWG導入済。不審サイト遮断可能。ただし正規業務ポータル改ざんのゼロデイ検知は困難。 | ★★☆（2） | | パッチ管理／ソフト更新 | ブラウザ・OSはMDMで強制更新。48時間以内に重大パッチ適用（β’モデル準拠）。 | ★★★（3） | | アクセス制御（ZTNA） | 管理端末以外からのアクセスは不可。職員ID＋MFA必須。ただし端末感染時のセッション乗っ取りは残る。 | ★★☆（2） | | ログ監視・SOC連携 | SOC監視下にあり、端末挙動ログをSIEMで分析。ただし初期感染段階での即時検知は限定的。 | ★★☆（2） |→ 総合評価：2.4 → 切り上げて レベル3 | J11: =SPRV_Source_For_Formulas!D39 -> T1578.002 | K11: クラウド管理権限を悪用し、Update Serverと同一VPC内または他VPCに不正なクラウドインスタンス（C2やバックドア用）を作成し、横展開を試みる | L11: 3 | M11: 1 | N11: =IF(SPRV_Source_For_Formulas!G39<=0.2,3,IF(SPRV_Source_For_Formulas!G39<=0.5,2,1)) -> 2 | O11: =4-N11 -> 2 | P11: =IF(AND(L11=3,M11*O11>=6),"A",IF(AND(L11=3,M11*O11>=3),"B",IF(AND(L11=3,M11*O11>=1),"C",""))) -> C | Q11: 評価観点 評価内容 評価 認証管理 Step1でMFA導入・監視ログ・アラート通知設定済み ★★★（3） 権限管理（IAM） 管理者権限の最小化、RBAC運用、Update ServerのIAMロールも定期監査対象 ★★★（3） インスタンス作成の監視 CloudTrail相当のログ収集有効化とSIEM連携、異常インスタンス作成アラート設定 ★★★（3） ガードレール制御 テンプレート制限・事前承認フロー未導入（自動インスタンス作成が可能な設定あり） ★★☆（2） 構成ミスの検出自動化 CSPMは導入済、ただしSSPMは未導入 ★★☆（2） 監査と事後対応 月次の操作監査あり。外部監査は年1回 ★★☆（2） → 総合評価：2.5 → 切り上げて 3（レベル3） | R11: =SPRV_Source_For_Formulas!D40 -> T1059.009 | S11: クラウドAPIを使ってスクリプトを遠隔実行し設定変更やマルウェア展開。 | T11: 3 | U11: 1 | V11: =IF(SPRV_Source_For_Formulas!G40<=0.2,3,IF(SPRV_Source_For_Formulas!G40<=0.5,2,1)) -> 3 | W11: =4-V11 -> 1 | X11: =IF(AND(T11=3,U11*W11>=6),"A",IF(AND(T11=3,U11*W11>=3),"B",IF(AND(T11=3,U11*W11>=1),"C",""))) -> C | Y11: | 観点 | 内容 | | ------------ | ----------------------------------------------------------------------- | | ? IAM制御 | IAM最小権限ポリシー、ロールベースアクセス制御（RBAC）の適用が前提となっており、基本的な対策は講じられていると考えられる | | ? API監視 | CloudTrail（AWS）やAudit Log（GCP）等による**API呼び出しログの記録と分析**も想定されている | | ? 不安要素 | クラウドAPIは「正規操作」として処理されやすいため、不正利用が**異常検知で気付きにくい**<br>⇒ 監視設定が甘いと侵害が長期化しやすい | | ? 利用頻度 | 管理者も通常業務でAPIを使うため、攻撃と区別が困難（例：異常な時間帯やIPでの利用を監視できるかどうかが鍵） | | ? 自治体側の技術成熟度 | クラウドセキュリティに不慣れな自治体ではAPI監査設定が**未設定または過剰権限のまま**であるケースが懸念される |リスクをさらに下げる効果的な対策は、| 項目 | 推奨構成（ベンダ中立） | | ----- | --------------------------------------------- | | ログ取得 | CloudTrail / Audit Logs + 長期保管 | | 検知・分析 | GuardDuty / SCC / Defender for Cloud + SIEM連携 | | 統制 | IAM最小権限 + 条件付きアクセス + 定期レビューワークフロー | | ツール連携 | EDRやPAM、SIEMとCNAppと連携して**誤用や内部不正**にも対応 | | Z11: =SPRV_Source_For_Formulas!D41 -> T1496.001 | AA11: 計算リソースを秘匿的に不正利用（Compute Hijacking）。 | AB11: 3 | AC11: 1 | AD11: =IF(SPRV_Source_For_Formulas!G41<=0.2,3,IF(SPRV_Source_For_Formulas!G41<=0.5,2,1)) -> 2 | AE11: =4-AD11 -> 2 | AF11: =IF(AND(AB11=3,AC11*AE11>=6),"A",IF(AND(AB11=3,AC11*AE11>=3),"B",IF(AND(AB11=3,AC11*AE11>=1),"C",""))) -> C | AG11: モニタリング＋しきい値制限（Azure Monitor等）で抑止可能。 | AP11: =MAX(D11,L11,T11,AB11) -> 3 | AQ11: 1 | AR11: =4-AS11 -> 1 | AS11: =MAX(F11,N11,V11,AD11) -> 3 | AT11: =IF(AND(AP11=3,AQ11*AR11>=6),"A",IF(AND(AP11=3,AQ11*AR11>=3),"B",IF(AND(AP11=3,AQ11*AR11>=1),"C",""))) -> C | AU11: ="Scenario-level Threat=1; Step1="&H11&" Step2="&P11&" Step3="&X11&" Step4="&AF11&" ; Overall Threat fixed=1, Max Mitigation="&AS11&" => Overall="&AT11 -> Scenario-level Threat=1; Step1=C Step2=C Step3=C Step4=C ; Overall Threat fixed=1, Max Mitigation=3 => Overall=C
A12: =SPRV_Source_For_Formulas!D42 -> T1189 | B12: 攻撃手法の具体化 運用管理者が、日常的に利用する 業務関連Webポータル／ガバメントクラウド管理サイト にアクセス。 攻撃者がWebサイトを改ざんし、マルウェアを仕込んでいる。 管理者が 閲覧またはファイルをダウンロードするだけで自動的にマルウェア感染。 結果として： 管理者端末を初期感染させ、GovCloud管理コンソールへの認証情報（セッションCookie、MFAトークン等）を窃取 その後の クラウドリソース操作権限の奪取 に直結。 | D12: 3 | E12: 1 | F12: =IF(SPRV_Source_For_Formulas!G42<=0.2,3,IF(SPRV_Source_For_Formulas!G42<=0.5,2,1)) -> 3 | G12: =4-F12 -> 1 | H12: =IF(AND(D12=3,E12*G12>=6),"A",IF(AND(D12=3,E12*G12>=3),"B",IF(AND(D12=3,E12*G12>=1),"C",""))) -> C | I12: | 評価観点 | 状況・施策内容 | 評価 | | ----------------- | -------------------------------------------------- | ------ | | エンドポイント防御（EDR/AV） | EDR導入済み、シグネチャ更新自動化。未知マルウェアにはふるまい検知依存。 | ★★★（3） | | Webフィルタリング／改ざん検知 | SWG導入済。不審サイト遮断可能。ただし正規業務ポータル改ざんのゼロデイ検知は困難。 | ★★☆（2） | | パッチ管理／ソフト更新 | ブラウザ・OSはMDMで強制更新。48時間以内に重大パッチ適用（β’モデル準拠）。 | ★★★（3） | | アクセス制御（ZTNA） | 管理端末以外からのアクセスは不可。職員ID＋MFA必須。ただし端末感染時のセッション乗っ取りは残る。 | ★★☆（2） | | ログ監視・SOC連携 | SOC監視下にあり、端末挙動ログをSIEMで分析。ただし初期感染段階での即時検知は限定的。 | ★★☆（2） |→ 総合評価：2.4 → 切り上げて レベル3 | J12: =SPRV_Source_For_Formulas!D43 -> T1578.002 | K12: クラウド管理権限を悪用し、Update Serverと同一VPC内または他VPCに不正なクラウドインスタンス（C2やバックドア用）を作成し、横展開を試みる | L12: 3 | M12: 1 | N12: =IF(SPRV_Source_For_Formulas!G43<=0.2,3,IF(SPRV_Source_For_Formulas!G43<=0.5,2,1)) -> 2 | O12: =4-N12 -> 2 | P12: =IF(AND(L12=3,M12*O12>=6),"A",IF(AND(L12=3,M12*O12>=3),"B",IF(AND(L12=3,M12*O12>=1),"C",""))) -> C | Q12: 評価観点 評価内容 評価 認証管理 Step1でMFA導入・監視ログ・アラート通知設定済み ★★★（3） 権限管理（IAM） 管理者権限の最小化、RBAC運用、Update ServerのIAMロールも定期監査対象 ★★★（3） インスタンス作成の監視 CloudTrail相当のログ収集有効化とSIEM連携、異常インスタンス作成アラート設定 ★★★（3） ガードレール制御 テンプレート制限・事前承認フロー未導入（自動インスタンス作成が可能な設定あり） ★★☆（2） 構成ミスの検出自動化 CSPMは導入済、ただしSSPMは未導入 ★★☆（2） 監査と事後対応 月次の操作監査あり。外部監査は年1回 ★★☆（2） → 総合評価：2.5 → 切り上げて 3（レベル3） | R12: =SPRV_Source_For_Formulas!D44 -> T1059.009 | S12: クラウドAPIを使ってスクリプトを遠隔実行し設定変更やマルウェア展開。 | T12: 3 | U12: 1 | V12: =IF(SPRV_Source_For_Formulas!G44<=0.2,3,IF(SPRV_Source_For_Formulas!G44<=0.5,2,1)) -> 3 | W12: =4-V12 -> 1 | X12: =IF(AND(T12=3,U12*W12>=6),"A",IF(AND(T12=3,U12*W12>=3),"B",IF(AND(T12=3,U12*W12>=1),"C",""))) -> C | Y12: | 観点 | 内容 | | ------------ | ----------------------------------------------------------------------- | | ? IAM制御 | IAM最小権限ポリシー、ロールベースアクセス制御（RBAC）の適用が前提となっており、基本的な対策は講じられていると考えられる | | ? API監視 | CloudTrail（AWS）やAudit Log（GCP）等による**API呼び出しログの記録と分析**も想定されている | | ? 不安要素 | クラウドAPIは「正規操作」として処理されやすいため、不正利用が**異常検知で気付きにくい**<br>⇒ 監視設定が甘いと侵害が長期化しやすい | | ? 利用頻度 | 管理者も通常業務でAPIを使うため、攻撃と区別が困難（例：異常な時間帯やIPでの利用を監視できるかどうかが鍵） | | ? 自治体側の技術成熟度 | クラウドセキュリティに不慣れな自治体ではAPI監査設定が**未設定または過剰権限のまま**であるケースが懸念される |リスクをさらに下げる効果的な対策は、| 項目 | 推奨構成（ベンダ中立） | | ----- | --------------------------------------------- | | ログ取得 | CloudTrail / Audit Logs + 長期保管 | | 検知・分析 | GuardDuty / SCC / Defender for Cloud + SIEM連携 | | 統制 | IAM最小権限 + 条件付きアクセス + 定期レビューワークフロー | | ツール連携 | EDRやPAM、SIEMとCNAppと連携して**誤用や内部不正**にも対応 | | Z12: =SPRV_Source_For_Formulas!D45 -> T1496.004 | AA12: クラウドAPI経由で Proxy Server on GovCloud に対して以下を実施： EC2/EBSなどのストレージを暗号化（KMSキーを使って再暗号化またはKMSキーを削除） OSレベルでスクリプトを投入し、ボリュームをBitLockerやLinuxのLUKS等で暗号化 システムログやスナップショットの削除による復旧妨害 IAMの一時的制御権を用いた“復旧阻止”工作 ガバメントクラウド内で復旧オプションが封じられた状態にされることで、実質的なデータロックアウトが生じる。 | AB12: 3 | AC12: 1 | AD12: =IF(SPRV_Source_For_Formulas!G45<=0.2,3,IF(SPRV_Source_For_Formulas!G45<=0.5,2,1)) -> 2 | AE12: =4-AD12 -> 2 | AF12: =IF(AND(AB12=3,AC12*AE12>=6),"A",IF(AND(AB12=3,AC12*AE12>=3),"B",IF(AND(AB12=3,AC12*AE12>=1),"C",""))) -> C | AG12: | 評価観点 | 評価内容 | 評価 | | ------------- | ---------------------------------------------------- | ------ | | データ暗号化制御 | KMSのアクセス制御やEBS暗号化ポリシーは一部導入。ただしProxy Server単体の制御は未記載。 | ★★☆（2） | | ログ・スナップショット保全 | CloudTrailログ保全は一部設定あり。スナップショット削除阻止や整合性保全策は記載なし。 | ★★☆（2） | | API実行制御 | Step3でAPI攻撃が成立済のため、IAM/API制御に抜けあり。SSPM未導入。 | ★☆☆（1） |→ 総合評価：1.7 → 切り捨てて「レベル1」 | AP12: =MAX(D12,L12,T12,AB12) -> 3 | AQ12: 1 | AR12: =4-AS12 -> 1 | AS12: =MAX(F12,N12,V12,AD12) -> 3 | AT12: =IF(AND(AP12=3,AQ12*AR12>=6),"A",IF(AND(AP12=3,AQ12*AR12>=3),"B",IF(AND(AP12=3,AQ12*AR12>=1),"C",""))) -> C | AU12: ="Scenario-level Threat=1; Step1="&H12&" Step2="&P12&" Step3="&X12&" Step4="&AF12&" ; Overall Threat fixed=1, Max Mitigation="&AS12&" => Overall="&AT12 -> Scenario-level Threat=1; Step1=C Step2=C Step3=C Step4=C ; Overall Threat fixed=1, Max Mitigation=3 => Overall=C
A13: =SPRV_Source_For_Formulas!D46 -> T1189 | B13: 攻撃手法の具体化 運用管理者が、日常的に利用する 業務関連Webポータル／ガバメントクラウド管理サイト にアクセス。 攻撃者がWebサイトを改ざんし、マルウェアを仕込んでいる。 管理者が 閲覧またはファイルをダウンロードするだけで自動的にマルウェア感染。 結果として： 管理者端末を初期感染させ、GovCloud管理コンソールへの認証情報（セッションCookie、MFAトークン等）を窃取 その後の クラウドリソース操作権限の奪取 に直結。 | D13: 3 | E13: 1 | F13: =IF(SPRV_Source_For_Formulas!G46<=0.2,3,IF(SPRV_Source_For_Formulas!G46<=0.5,2,1)) -> 3 | G13: =4-F13 -> 1 | H13: =IF(AND(D13=3,E13*G13>=6),"A",IF(AND(D13=3,E13*G13>=3),"B",IF(AND(D13=3,E13*G13>=1),"C",""))) -> C | I13: | 評価観点 | 状況・施策内容 | 評価 | | ----------------- | -------------------------------------------------- | ------ | | エンドポイント防御（EDR/AV） | EDR導入済み、シグネチャ更新自動化。未知マルウェアにはふるまい検知依存。 | ★★★（3） | | Webフィルタリング／改ざん検知 | SWG導入済。不審サイト遮断可能。ただし正規業務ポータル改ざんのゼロデイ検知は困難。 | ★★☆（2） | | パッチ管理／ソフト更新 | ブラウザ・OSはMDMで強制更新。48時間以内に重大パッチ適用（β’モデル準拠）。 | ★★★（3） | | アクセス制御（ZTNA） | 管理端末以外からのアクセスは不可。職員ID＋MFA必須。ただし端末感染時のセッション乗っ取りは残る。 | ★★☆（2） | | ログ監視・SOC連携 | SOC監視下にあり、端末挙動ログをSIEMで分析。ただし初期感染段階での即時検知は限定的。 | ★★☆（2） |→ 総合評価：2.4 → 切り上げて レベル3 | J13: =SPRV_Source_For_Formulas!D47 -> T1578.002 | K13: クラウド管理権限を悪用し、Update Serverと同一VPC内または他VPCに不正なクラウドインスタンス（C2やバックドア用）を作成し、横展開を試みる | L13: 3 | M13: 1 | N13: =IF(SPRV_Source_For_Formulas!G47<=0.2,3,IF(SPRV_Source_For_Formulas!G47<=0.5,2,1)) -> 2 | O13: =4-N13 -> 2 | P13: =IF(AND(L13=3,M13*O13>=6),"A",IF(AND(L13=3,M13*O13>=3),"B",IF(AND(L13=3,M13*O13>=1),"C",""))) -> C | Q13: 評価観点 評価内容 評価 認証管理 Step1でMFA導入・監視ログ・アラート通知設定済み ★★★（3） 権限管理（IAM） 管理者権限の最小化、RBAC運用、Update ServerのIAMロールも定期監査対象 ★★★（3） インスタンス作成の監視 CloudTrail相当のログ収集有効化とSIEM連携、異常インスタンス作成アラート設定 ★★★（3） ガードレール制御 テンプレート制限・事前承認フロー未導入（自動インスタンス作成が可能な設定あり） ★★☆（2） 構成ミスの検出自動化 CSPMは導入済、ただしSSPMは未導入 ★★☆（2） 監査と事後対応 月次の操作監査あり。外部監査は年1回 ★★☆（2） → 総合評価：2.5 → 切り上げて 3（レベル3） | R13: =SPRV_Source_For_Formulas!D48 -> T1059.009 | S13: クラウドAPIを使ってスクリプトを遠隔実行し設定変更やマルウェア展開。 | T13: 3 | U13: 1 | V13: =IF(SPRV_Source_For_Formulas!G48<=0.2,3,IF(SPRV_Source_For_Formulas!G48<=0.5,2,1)) -> 3 | W13: =4-V13 -> 1 | X13: =IF(AND(T13=3,U13*W13>=6),"A",IF(AND(T13=3,U13*W13>=3),"B",IF(AND(T13=3,U13*W13>=1),"C",""))) -> C | Y13: | 観点 | 内容 | | ------------ | ----------------------------------------------------------------------- | | ? IAM制御 | IAM最小権限ポリシー、ロールベースアクセス制御（RBAC）の適用が前提となっており、基本的な対策は講じられていると考えられる | | ? API監視 | CloudTrail（AWS）やAudit Log（GCP）等による**API呼び出しログの記録と分析**も想定されている | | ? 不安要素 | クラウドAPIは「正規操作」として処理されやすいため、不正利用が**異常検知で気付きにくい**<br>⇒ 監視設定が甘いと侵害が長期化しやすい | | ? 利用頻度 | 管理者も通常業務でAPIを使うため、攻撃と区別が困難（例：異常な時間帯やIPでの利用を監視できるかどうかが鍵） | | ? 自治体側の技術成熟度 | クラウドセキュリティに不慣れな自治体ではAPI監査設定が**未設定または過剰権限のまま**であるケースが懸念される |リスクをさらに下げる効果的な対策は、| 項目 | 推奨構成（ベンダ中立） | | ----- | --------------------------------------------- | | ログ取得 | CloudTrail / Audit Logs + 長期保管 | | 検知・分析 | GuardDuty / SCC / Defender for Cloud + SIEM連携 | | 統制 | IAM最小権限 + 条件付きアクセス + 定期レビューワークフロー | | ツール連携 | EDRやPAM、SIEMとCNAppと連携して**誤用や内部不正**にも対応 | | Z13: =SPRV_Source_For_Formulas!D49 -> T1496.002 | AA13: 侵入済みのクラウド環境において、プロキシサーバの帯域を意図的に消費（例：大量データ送信、仮想マイニングノードの設置など）することで、ガバメントクラウドやVPN経路の通信品質を劣化させ、他の通信遅延・業務妨害を引き起こすDoS型の資源枯渇攻撃に該当。システム停止を伴わずに“リソース占有”による間接的な被害を狙う | AB13: 3 | AC13: 1 | AD13: =IF(SPRV_Source_For_Formulas!G49<=0.2,3,IF(SPRV_Source_For_Formulas!G49<=0.5,2,1)) -> 2 | AE13: =4-AD13 -> 2 | AF13: =IF(AND(AB13=3,AC13*AE13>=6),"A",IF(AND(AB13=3,AC13*AE13>=3),"B",IF(AND(AB13=3,AC13*AE13>=1),"C",""))) -> C | AG13: | 評価カテゴリ | 対策内容（遵守済と仮定） | 評価 | | ----------------- | -------------------------------------------------------- | ------ | | **プロキシ通信監視** | SWG・Proxyログは収集済、SIEM連携も実施。DNSや宛先IPでのトラフィック可視化が可能。 | ★★★（3） | | **異常帯域検出とアラート** | GuardDuty相当で異常通信のアラートはあるが、**帯域使用量ベースのしきい値監視は未設定** | ★★☆（2） | | **アウトバウンド制御** | Egress制御ポリシーあり（国別やFQDN制限）。ただし動的アノマリー検知は未導入。 | ★★☆（2） | | **構成ミス・ルーティング検知** | CSPMは導入済。SWGの過剰許可設定については検出対象。 | ★★★（3） | | **サービス間通信制限** | VPCピアリングやプロキシ経路の制限は設計上存在。ただし、**運用上の例外が散見される**（一部緩いルールあり） | ★★☆（2） |総合評価（レベル判定） 評価平均：約 2.4 → 切り上げ処理により レベル：★★★（3） | AP13: =MAX(D13,L13,T13,AB13) -> 3 | AQ13: 1 | AR13: =4-AS13 -> 1 | AS13: =MAX(F13,N13,V13,AD13) -> 3 | AT13: =IF(AND(AP13=3,AQ13*AR13>=6),"A",IF(AND(AP13=3,AQ13*AR13>=3),"B",IF(AND(AP13=3,AQ13*AR13>=1),"C",""))) -> C | AU13: ="Scenario-level Threat=1; Step1="&H13&" Step2="&P13&" Step3="&X13&" Step4="&AF13&" ; Overall Threat fixed=1, Max Mitigation="&AS13&" => Overall="&AT13 -> Scenario-level Threat=1; Step1=C Step2=C Step3=C Step4=C ; Overall Threat fixed=1, Max Mitigation=3 => Overall=C
A14: =SPRV_Source_For_Formulas!D50 -> T1189 | B14: 攻撃手法の具体化 運用管理者が、日常的に利用する 業務関連Webポータル／ガバメントクラウド管理サイト にアクセス。 攻撃者がWebサイトを改ざんし、マルウェアを仕込んでいる。 管理者が 閲覧またはファイルをダウンロードするだけで自動的にマルウェア感染。 結果として： 管理者端末を初期感染させ、GovCloud管理コンソールへの認証情報（セッションCookie、MFAトークン等）を窃取 その後の クラウドリソース操作権限の奪取 に直結。 | D14: 3 | E14: 1 | F14: =IF(SPRV_Source_For_Formulas!G50<=0.2,3,IF(SPRV_Source_For_Formulas!G50<=0.5,2,1)) -> 3 | G14: =4-F14 -> 1 | H14: =IF(AND(D14=3,E14*G14>=6),"A",IF(AND(D14=3,E14*G14>=3),"B",IF(AND(D14=3,E14*G14>=1),"C",""))) -> C | I14: | 評価観点 | 状況・施策内容 | 評価 | | ----------------- | -------------------------------------------------- | ------ | | エンドポイント防御（EDR/AV） | EDR導入済み、シグネチャ更新自動化。未知マルウェアにはふるまい検知依存。 | ★★★（3） | | Webフィルタリング／改ざん検知 | SWG導入済。不審サイト遮断可能。ただし正規業務ポータル改ざんのゼロデイ検知は困難。 | ★★☆（2） | | パッチ管理／ソフト更新 | ブラウザ・OSはMDMで強制更新。48時間以内に重大パッチ適用（β’モデル準拠）。 | ★★★（3） | | アクセス制御（ZTNA） | 管理端末以外からのアクセスは不可。職員ID＋MFA必須。ただし端末感染時のセッション乗っ取りは残る。 | ★★☆（2） | | ログ監視・SOC連携 | SOC監視下にあり、端末挙動ログをSIEMで分析。ただし初期感染段階での即時検知は限定的。 | ★★☆（2） |→ 総合評価：2.4 → 切り上げて レベル3 | J14: =SPRV_Source_For_Formulas!D51 -> T1578.002 | K14: クラウド管理権限を悪用し、Update Serverと同一VPC内または他VPCに不正なクラウドインスタンス（C2やバックドア用）を作成し、横展開を試みる | L14: 3 | M14: 1 | N14: =IF(SPRV_Source_For_Formulas!G51<=0.2,3,IF(SPRV_Source_For_Formulas!G51<=0.5,2,1)) -> 2 | O14: =4-N14 -> 2 | P14: =IF(AND(L14=3,M14*O14>=6),"A",IF(AND(L14=3,M14*O14>=3),"B",IF(AND(L14=3,M14*O14>=1),"C",""))) -> C | Q14: 評価観点 評価内容 評価 認証管理 Step1でMFA導入・監視ログ・アラート通知設定済み ★★★（3） 権限管理（IAM） 管理者権限の最小化、RBAC運用、Update ServerのIAMロールも定期監査対象 ★★★（3） インスタンス作成の監視 CloudTrail相当のログ収集有効化とSIEM連携、異常インスタンス作成アラート設定 ★★★（3） ガードレール制御 テンプレート制限・事前承認フロー未導入（自動インスタンス作成が可能な設定あり） ★★☆（2） 構成ミスの検出自動化 CSPMは導入済、ただしSSPMは未導入 ★★☆（2） 監査と事後対応 月次の操作監査あり。外部監査は年1回 ★★☆（2） → 総合評価：2.5 → 切り上げて 3（レベル3） | R14: =SPRV_Source_For_Formulas!D52 -> T1484.002 | S14: GPOなどを再度改変し、持続的侵入を確保。 | T14: 3 | U14: 1 | V14: =IF(SPRV_Source_For_Formulas!G52<=0.2,3,IF(SPRV_Source_For_Formulas!G52<=0.5,2,1)) -> 3 | W14: =4-V14 -> 1 | X14: =IF(AND(T14=3,U14*W14>=6),"A",IF(AND(T14=3,U14*W14>=3),"B",IF(AND(T14=3,U14*W14>=1),"C",""))) -> C | Y14: | 対策カテゴリ | 記載内容 | 評価 | | ------------------- | -------------------------------- | -------------- | | **IAM権限制御の厳格化** | 「特権ロールは必要最小限に限定」「特定職員のみ管理可能」 | 実施済 | | **クラウド設定の変更履歴の監査** | 「CloudTrail等を用いた変更記録」「月次で変更レビュー」 | 実施（GovCloud要件） | | **SaaS側のロール分離** | 「システム管理者とデータ閲覧者の分離」 | 一部SaaSで未対応 | | **クラウド構成管理**（CSPM等） | 「自動でポリシー逸脱を検知・可視化」 | 一部導入（推奨構成ベース） | | **異常挙動検知（UEBA）** | 「IAM操作ログの異常行動監視」 | 導入未確実（明記なし） | さらなる効果的な対策は、UEBA（ユーザー行動分析）やCNAPPの導入強化により、意図しないポリシー変更の「兆候検知」が可能 **SaaS基盤側のIAM制御精度向上（管理者ロールの細分化）**は今後の課題 **構成管理の自動逸脱修正（Auto Remediation）**の仕組み導入が望まれる | Z14: =SPRV_Source_For_Formulas!D53 -> T1486 | AA14: クラウドリソース（仮想マシン等）を乗っ取り、暗号資産マイニング/DDoS中継に悪用。 | AB14: 3 | AC14: 1 | AD14: =IF(SPRV_Source_For_Formulas!G53<=0.2,3,IF(SPRV_Source_For_Formulas!G53<=0.5,2,1)) -> 3 | AE14: =4-AD14 -> 1 | AF14: =IF(AND(AB14=3,AC14*AE14>=6),"A",IF(AND(AB14=3,AC14*AE14>=3),"B",IF(AND(AB14=3,AC14*AE14>=1),"C",""))) -> C | AG14: CSPMによるリソース使用率監視、アラート設定が有効（β’3.4.3相当）。 | AP14: =MAX(D14,L14,T14,AB14) -> 3 | AQ14: 1 | AR14: =4-AS14 -> 1 | AS14: =MAX(F14,N14,V14,AD14) -> 3 | AT14: =IF(AND(AP14=3,AQ14*AR14>=6),"A",IF(AND(AP14=3,AQ14*AR14>=3),"B",IF(AND(AP14=3,AQ14*AR14>=1),"C",""))) -> C | AU14: ="Scenario-level Threat=1; Step1="&H14&" Step2="&P14&" Step3="&X14&" Step4="&AF14&" ; Overall Threat fixed=1, Max Mitigation="&AS14&" => Overall="&AT14 -> Scenario-level Threat=1; Step1=C Step2=C Step3=C Step4=C ; Overall Threat fixed=1, Max Mitigation=3 => Overall=C
A15: =SPRV_Source_For_Formulas!D54 -> T1189 | B15: 攻撃手法の具体化 運用管理者が、日常的に利用する 業務関連Webポータル／ガバメントクラウド管理サイト にアクセス。 攻撃者がWebサイトを改ざんし、マルウェアを仕込んでいる。 管理者が 閲覧またはファイルをダウンロードするだけで自動的にマルウェア感染。 結果として： 管理者端末を初期感染させ、GovCloud管理コンソールへの認証情報（セッションCookie、MFAトークン等）を窃取 その後の クラウドリソース操作権限の奪取 に直結。 | D15: 3 | E15: 1 | F15: =IF(SPRV_Source_For_Formulas!G54<=0.2,3,IF(SPRV_Source_For_Formulas!G54<=0.5,2,1)) -> 3 | G15: =4-F15 -> 1 | H15: =IF(AND(D15=3,E15*G15>=6),"A",IF(AND(D15=3,E15*G15>=3),"B",IF(AND(D15=3,E15*G15>=1),"C",""))) -> C | I15: | 評価観点 | 状況・施策内容 | 評価 | | ----------------- | -------------------------------------------------- | ------ | | エンドポイント防御（EDR/AV） | EDR導入済み、シグネチャ更新自動化。未知マルウェアにはふるまい検知依存。 | ★★★（3） | | Webフィルタリング／改ざん検知 | SWG導入済。不審サイト遮断可能。ただし正規業務ポータル改ざんのゼロデイ検知は困難。 | ★★☆（2） | | パッチ管理／ソフト更新 | ブラウザ・OSはMDMで強制更新。48時間以内に重大パッチ適用（β’モデル準拠）。 | ★★★（3） | | アクセス制御（ZTNA） | 管理端末以外からのアクセスは不可。職員ID＋MFA必須。ただし端末感染時のセッション乗っ取りは残る。 | ★★☆（2） | | ログ監視・SOC連携 | SOC監視下にあり、端末挙動ログをSIEMで分析。ただし初期感染段階での即時検知は限定的。 | ★★☆（2） |→ 総合評価：2.4 → 切り上げて レベル3 | J15: =SPRV_Source_For_Formulas!D55 -> T1578.002 | K15: クラウド管理権限を悪用し、Update Serverと同一VPC内または他VPCに不正なクラウドインスタンス（C2やバックドア用）を作成し、横展開を試みる | L15: 3 | M15: 1 | N15: =IF(SPRV_Source_For_Formulas!G55<=0.2,3,IF(SPRV_Source_For_Formulas!G55<=0.5,2,1)) -> 2 | O15: =4-N15 -> 2 | P15: =IF(AND(L15=3,M15*O15>=6),"A",IF(AND(L15=3,M15*O15>=3),"B",IF(AND(L15=3,M15*O15>=1),"C",""))) -> C | Q15: 評価観点 評価内容 評価 認証管理 Step1でMFA導入・監視ログ・アラート通知設定済み ★★★（3） 権限管理（IAM） 管理者権限の最小化、RBAC運用、Update ServerのIAMロールも定期監査対象 ★★★（3） インスタンス作成の監視 CloudTrail相当のログ収集有効化とSIEM連携、異常インスタンス作成アラート設定 ★★★（3） ガードレール制御 テンプレート制限・事前承認フロー未導入（自動インスタンス作成が可能な設定あり） ★★☆（2） 構成ミスの検出自動化 CSPMは導入済、ただしSSPMは未導入 ★★☆（2） 監査と事後対応 月次の操作監査あり。外部監査は年1回 ★★☆（2） → 総合評価：2.5 → 切り上げて 3（レベル3） | R15: =SPRV_Source_For_Formulas!D56 -> T1484.002 | S15: GPOなどを再度改変し、持続的侵入を確保。 | T15: 3 | U15: 1 | V15: =IF(SPRV_Source_For_Formulas!G56<=0.2,3,IF(SPRV_Source_For_Formulas!G56<=0.5,2,1)) -> 3 | W15: =4-V15 -> 1 | X15: =IF(AND(T15=3,U15*W15>=6),"A",IF(AND(T15=3,U15*W15>=3),"B",IF(AND(T15=3,U15*W15>=1),"C",""))) -> C | Y15: | 対策カテゴリ | 記載内容 | 評価 | | ------------------- | -------------------------------- | -------------- | | **IAM権限制御の厳格化** | 「特権ロールは必要最小限に限定」「特定職員のみ管理可能」 | 実施済 | | **クラウド設定の変更履歴の監査** | 「CloudTrail等を用いた変更記録」「月次で変更レビュー」 | 実施（GovCloud要件） | | **SaaS側のロール分離** | 「システム管理者とデータ閲覧者の分離」 | 一部SaaSで未対応 | | **クラウド構成管理**（CSPM等） | 「自動でポリシー逸脱を検知・可視化」 | 一部導入（推奨構成ベース） | | **異常挙動検知（UEBA）** | 「IAM操作ログの異常行動監視」 | 導入未確実（明記なし） | さらなる効果的な対策は、UEBA（ユーザー行動分析）やCNAPPの導入強化により、意図しないポリシー変更の「兆候検知」が可能 **SaaS基盤側のIAM制御精度向上（管理者ロールの細分化）**は今後の課題 **構成管理の自動逸脱修正（Auto Remediation）**の仕組み導入が望まれる | Z15: =SPRV_Source_For_Formulas!D57 -> T1496.001 | AA15: 計算リソースを秘匿的に不正利用（Compute Hijacking）。 | AB15: 3 | AC15: 1 | AD15: =IF(SPRV_Source_For_Formulas!G57<=0.2,3,IF(SPRV_Source_For_Formulas!G57<=0.5,2,1)) -> 2 | AE15: =4-AD15 -> 2 | AF15: =IF(AND(AB15=3,AC15*AE15>=6),"A",IF(AND(AB15=3,AC15*AE15>=3),"B",IF(AND(AB15=3,AC15*AE15>=1),"C",""))) -> C | AG15: モニタリング＋しきい値制限（Azure Monitor等）で抑止可能。 | AP15: =MAX(D15,L15,T15,AB15) -> 3 | AQ15: 1 | AR15: =4-AS15 -> 1 | AS15: =MAX(F15,N15,V15,AD15) -> 3 | AT15: =IF(AND(AP15=3,AQ15*AR15>=6),"A",IF(AND(AP15=3,AQ15*AR15>=3),"B",IF(AND(AP15=3,AQ15*AR15>=1),"C",""))) -> C | AU15: ="Scenario-level Threat=1; Step1="&H15&" Step2="&P15&" Step3="&X15&" Step4="&AF15&" ; Overall Threat fixed=1, Max Mitigation="&AS15&" => Overall="&AT15 -> Scenario-level Threat=1; Step1=C Step2=C Step3=C Step4=C ; Overall Threat fixed=1, Max Mitigation=3 => Overall=C
A16: =SPRV_Source_For_Formulas!D58 -> T1189 | B16: 攻撃手法の具体化 運用管理者が、日常的に利用する 業務関連Webポータル／ガバメントクラウド管理サイト にアクセス。 攻撃者がWebサイトを改ざんし、マルウェアを仕込んでいる。 管理者が 閲覧またはファイルをダウンロードするだけで自動的にマルウェア感染。 結果として： 管理者端末を初期感染させ、GovCloud管理コンソールへの認証情報（セッションCookie、MFAトークン等）を窃取 その後の クラウドリソース操作権限の奪取 に直結。 | D16: 3 | E16: 1 | F16: =IF(SPRV_Source_For_Formulas!G58<=0.2,3,IF(SPRV_Source_For_Formulas!G58<=0.5,2,1)) -> 3 | G16: =4-F16 -> 1 | H16: =IF(AND(D16=3,E16*G16>=6),"A",IF(AND(D16=3,E16*G16>=3),"B",IF(AND(D16=3,E16*G16>=1),"C",""))) -> C | I16: | 評価観点 | 状況・施策内容 | 評価 | | ----------------- | -------------------------------------------------- | ------ | | エンドポイント防御（EDR/AV） | EDR導入済み、シグネチャ更新自動化。未知マルウェアにはふるまい検知依存。 | ★★★（3） | | Webフィルタリング／改ざん検知 | SWG導入済。不審サイト遮断可能。ただし正規業務ポータル改ざんのゼロデイ検知は困難。 | ★★☆（2） | | パッチ管理／ソフト更新 | ブラウザ・OSはMDMで強制更新。48時間以内に重大パッチ適用（β’モデル準拠）。 | ★★★（3） | | アクセス制御（ZTNA） | 管理端末以外からのアクセスは不可。職員ID＋MFA必須。ただし端末感染時のセッション乗っ取りは残る。 | ★★☆（2） | | ログ監視・SOC連携 | SOC監視下にあり、端末挙動ログをSIEMで分析。ただし初期感染段階での即時検知は限定的。 | ★★☆（2） |→ 総合評価：2.4 → 切り上げて レベル3 | J16: =SPRV_Source_For_Formulas!D59 -> T1578.002 | K16: クラウド管理権限を悪用し、Update Serverと同一VPC内または他VPCに不正なクラウドインスタンス（C2やバックドア用）を作成し、横展開を試みる | L16: 3 | M16: 1 | N16: =IF(SPRV_Source_For_Formulas!G59<=0.2,3,IF(SPRV_Source_For_Formulas!G59<=0.5,2,1)) -> 2 | O16: =4-N16 -> 2 | P16: =IF(AND(L16=3,M16*O16>=6),"A",IF(AND(L16=3,M16*O16>=3),"B",IF(AND(L16=3,M16*O16>=1),"C",""))) -> C | Q16: 評価観点 評価内容 評価 認証管理 Step1でMFA導入・監視ログ・アラート通知設定済み ★★★（3） 権限管理（IAM） 管理者権限の最小化、RBAC運用、Update ServerのIAMロールも定期監査対象 ★★★（3） インスタンス作成の監視 CloudTrail相当のログ収集有効化とSIEM連携、異常インスタンス作成アラート設定 ★★★（3） ガードレール制御 テンプレート制限・事前承認フロー未導入（自動インスタンス作成が可能な設定あり） ★★☆（2） 構成ミスの検出自動化 CSPMは導入済、ただしSSPMは未導入 ★★☆（2） 監査と事後対応 月次の操作監査あり。外部監査は年1回 ★★☆（2） → 総合評価：2.5 → 切り上げて 3（レベル3） | R16: =SPRV_Source_For_Formulas!D60 -> T1484.002 | S16: GPOなどを再度改変し、持続的侵入を確保。 | T16: 3 | U16: 1 | V16: =IF(SPRV_Source_For_Formulas!G60<=0.2,3,IF(SPRV_Source_For_Formulas!G60<=0.5,2,1)) -> 3 | W16: =4-V16 -> 1 | X16: =IF(AND(T16=3,U16*W16>=6),"A",IF(AND(T16=3,U16*W16>=3),"B",IF(AND(T16=3,U16*W16>=1),"C",""))) -> C | Y16: | 対策カテゴリ | 記載内容 | 評価 | | ------------------- | -------------------------------- | -------------- | | **IAM権限制御の厳格化** | 「特権ロールは必要最小限に限定」「特定職員のみ管理可能」 | 実施済 | | **クラウド設定の変更履歴の監査** | 「CloudTrail等を用いた変更記録」「月次で変更レビュー」 | 実施（GovCloud要件） | | **SaaS側のロール分離** | 「システム管理者とデータ閲覧者の分離」 | 一部SaaSで未対応 | | **クラウド構成管理**（CSPM等） | 「自動でポリシー逸脱を検知・可視化」 | 一部導入（推奨構成ベース） | | **異常挙動検知（UEBA）** | 「IAM操作ログの異常行動監視」 | 導入未確実（明記なし） | さらなる効果的な対策は、UEBA（ユーザー行動分析）やCNAPPの導入強化により、意図しないポリシー変更の「兆候検知」が可能 **SaaS基盤側のIAM制御精度向上（管理者ロールの細分化）**は今後の課題 **構成管理の自動逸脱修正（Auto Remediation）**の仕組み導入が望まれる | Z16: =SPRV_Source_For_Formulas!D61 -> T1496.004 | AA16: クラウドAPI経由で Proxy Server on GovCloud に対して以下を実施： EC2/EBSなどのストレージを暗号化（KMSキーを使って再暗号化またはKMSキーを削除） OSレベルでスクリプトを投入し、ボリュームをBitLockerやLinuxのLUKS等で暗号化 システムログやスナップショットの削除による復旧妨害 IAMの一時的制御権を用いた“復旧阻止”工作 ガバメントクラウド内で復旧オプションが封じられた状態にされることで、実質的なデータロックアウトが生じる。 | AB16: 3 | AC16: 1 | AD16: =IF(SPRV_Source_For_Formulas!G61<=0.2,3,IF(SPRV_Source_For_Formulas!G61<=0.5,2,1)) -> 2 | AE16: =4-AD16 -> 2 | AF16: =IF(AND(AB16=3,AC16*AE16>=6),"A",IF(AND(AB16=3,AC16*AE16>=3),"B",IF(AND(AB16=3,AC16*AE16>=1),"C",""))) -> C | AG16: | 評価観点 | 評価内容 | 評価 | | ------------- | ---------------------------------------------------- | ------ | | データ暗号化制御 | KMSのアクセス制御やEBS暗号化ポリシーは一部導入。ただしProxy Server単体の制御は未記載。 | ★★☆（2） | | ログ・スナップショット保全 | CloudTrailログ保全は一部設定あり。スナップショット削除阻止や整合性保全策は記載なし。 | ★★☆（2） | | API実行制御 | Step3でAPI攻撃が成立済のため、IAM/API制御に抜けあり。SSPM未導入。 | ★☆☆（1） |→ 総合評価：1.7 → 切り捨てて「レベル1」 | AP16: =MAX(D16,L16,T16,AB16) -> 3 | AQ16: 1 | AR16: =4-AS16 -> 1 | AS16: =MAX(F16,N16,V16,AD16) -> 3 | AT16: =IF(AND(AP16=3,AQ16*AR16>=6),"A",IF(AND(AP16=3,AQ16*AR16>=3),"B",IF(AND(AP16=3,AQ16*AR16>=1),"C",""))) -> C | AU16: ="Scenario-level Threat=1; Step1="&H16&" Step2="&P16&" Step3="&X16&" Step4="&AF16&" ; Overall Threat fixed=1, Max Mitigation="&AS16&" => Overall="&AT16 -> Scenario-level Threat=1; Step1=C Step2=C Step3=C Step4=C ; Overall Threat fixed=1, Max Mitigation=3 => Overall=C
A17: =SPRV_Source_For_Formulas!D62 -> T1189 | B17: 攻撃手法の具体化 運用管理者が、日常的に利用する 業務関連Webポータル／ガバメントクラウド管理サイト にアクセス。 攻撃者がWebサイトを改ざんし、マルウェアを仕込んでいる。 管理者が 閲覧またはファイルをダウンロードするだけで自動的にマルウェア感染。 結果として： 管理者端末を初期感染させ、GovCloud管理コンソールへの認証情報（セッションCookie、MFAトークン等）を窃取 その後の クラウドリソース操作権限の奪取 に直結。 | D17: 3 | E17: 1 | F17: =IF(SPRV_Source_For_Formulas!G62<=0.2,3,IF(SPRV_Source_For_Formulas!G62<=0.5,2,1)) -> 3 | G17: =4-F17 -> 1 | H17: =IF(AND(D17=3,E17*G17>=6),"A",IF(AND(D17=3,E17*G17>=3),"B",IF(AND(D17=3,E17*G17>=1),"C",""))) -> C | I17: | 評価観点 | 状況・施策内容 | 評価 | | ----------------- | -------------------------------------------------- | ------ | | エンドポイント防御（EDR/AV） | EDR導入済み、シグネチャ更新自動化。未知マルウェアにはふるまい検知依存。 | ★★★（3） | | Webフィルタリング／改ざん検知 | SWG導入済。不審サイト遮断可能。ただし正規業務ポータル改ざんのゼロデイ検知は困難。 | ★★☆（2） | | パッチ管理／ソフト更新 | ブラウザ・OSはMDMで強制更新。48時間以内に重大パッチ適用（β’モデル準拠）。 | ★★★（3） | | アクセス制御（ZTNA） | 管理端末以外からのアクセスは不可。職員ID＋MFA必須。ただし端末感染時のセッション乗っ取りは残る。 | ★★☆（2） | | ログ監視・SOC連携 | SOC監視下にあり、端末挙動ログをSIEMで分析。ただし初期感染段階での即時検知は限定的。 | ★★☆（2） |→ 総合評価：2.4 → 切り上げて レベル3 | J17: =SPRV_Source_For_Formulas!D63 -> T1578.002 | K17: クラウド管理権限を悪用し、Update Serverと同一VPC内または他VPCに不正なクラウドインスタンス（C2やバックドア用）を作成し、横展開を試みる | L17: 3 | M17: 1 | N17: =IF(SPRV_Source_For_Formulas!G63<=0.2,3,IF(SPRV_Source_For_Formulas!G63<=0.5,2,1)) -> 2 | O17: =4-N17 -> 2 | P17: =IF(AND(L17=3,M17*O17>=6),"A",IF(AND(L17=3,M17*O17>=3),"B",IF(AND(L17=3,M17*O17>=1),"C",""))) -> C | Q17: 評価観点 評価内容 評価 認証管理 Step1でMFA導入・監視ログ・アラート通知設定済み ★★★（3） 権限管理（IAM） 管理者権限の最小化、RBAC運用、Update ServerのIAMロールも定期監査対象 ★★★（3） インスタンス作成の監視 CloudTrail相当のログ収集有効化とSIEM連携、異常インスタンス作成アラート設定 ★★★（3） ガードレール制御 テンプレート制限・事前承認フロー未導入（自動インスタンス作成が可能な設定あり） ★★☆（2） 構成ミスの検出自動化 CSPMは導入済、ただしSSPMは未導入 ★★☆（2） 監査と事後対応 月次の操作監査あり。外部監査は年1回 ★★☆（2） → 総合評価：2.5 → 切り上げて 3（レベル3） | R17: =SPRV_Source_For_Formulas!D64 -> T1484.002 | S17: GPOなどを再度改変し、持続的侵入を確保。 | T17: 3 | U17: 1 | V17: =IF(SPRV_Source_For_Formulas!G64<=0.2,3,IF(SPRV_Source_For_Formulas!G64<=0.5,2,1)) -> 3 | W17: =4-V17 -> 1 | X17: =IF(AND(T17=3,U17*W17>=6),"A",IF(AND(T17=3,U17*W17>=3),"B",IF(AND(T17=3,U17*W17>=1),"C",""))) -> C | Y17: | 対策カテゴリ | 記載内容 | 評価 | | ------------------- | -------------------------------- | -------------- | | **IAM権限制御の厳格化** | 「特権ロールは必要最小限に限定」「特定職員のみ管理可能」 | 実施済 | | **クラウド設定の変更履歴の監査** | 「CloudTrail等を用いた変更記録」「月次で変更レビュー」 | 実施（GovCloud要件） | | **SaaS側のロール分離** | 「システム管理者とデータ閲覧者の分離」 | 一部SaaSで未対応 | | **クラウド構成管理**（CSPM等） | 「自動でポリシー逸脱を検知・可視化」 | 一部導入（推奨構成ベース） | | **異常挙動検知（UEBA）** | 「IAM操作ログの異常行動監視」 | 導入未確実（明記なし） | さらなる効果的な対策は、UEBA（ユーザー行動分析）やCNAPPの導入強化により、意図しないポリシー変更の「兆候検知」が可能 **SaaS基盤側のIAM制御精度向上（管理者ロールの細分化）**は今後の課題 **構成管理の自動逸脱修正（Auto Remediation）**の仕組み導入が望まれる | Z17: =SPRV_Source_For_Formulas!D65 -> T1496.002 | AA17: 侵入済みのクラウド環境において、プロキシサーバの帯域を意図的に消費（例：大量データ送信、仮想マイニングノードの設置など）することで、ガバメントクラウドやVPN経路の通信品質を劣化させ、他の通信遅延・業務妨害を引き起こすDoS型の資源枯渇攻撃に該当。システム停止を伴わずに“リソース占有”による間接的な被害を狙う | AB17: 3 | AC17: 1 | AD17: =IF(SPRV_Source_For_Formulas!G65<=0.2,3,IF(SPRV_Source_For_Formulas!G65<=0.5,2,1)) -> 2 | AE17: =4-AD17 -> 2 | AF17: =IF(AND(AB17=3,AC17*AE17>=6),"A",IF(AND(AB17=3,AC17*AE17>=3),"B",IF(AND(AB17=3,AC17*AE17>=1),"C",""))) -> C | AG17: | 評価カテゴリ | 対策内容（遵守済と仮定） | 評価 | | ----------------- | -------------------------------------------------------- | ------ | | **プロキシ通信監視** | SWG・Proxyログは収集済、SIEM連携も実施。DNSや宛先IPでのトラフィック可視化が可能。 | ★★★（3） | | **異常帯域検出とアラート** | GuardDuty相当で異常通信のアラートはあるが、**帯域使用量ベースのしきい値監視は未設定** | ★★☆（2） | | **アウトバウンド制御** | Egress制御ポリシーあり（国別やFQDN制限）。ただし動的アノマリー検知は未導入。 | ★★☆（2） | | **構成ミス・ルーティング検知** | CSPMは導入済。SWGの過剰許可設定については検出対象。 | ★★★（3） | | **サービス間通信制限** | VPCピアリングやプロキシ経路の制限は設計上存在。ただし、**運用上の例外が散見される**（一部緩いルールあり） | ★★☆（2） |総合評価（レベル判定） 評価平均：約 2.4 → 切り上げ処理により レベル：★★★（3） | AP17: =MAX(D17,L17,T17,AB17) -> 3 | AQ17: 1 | AR17: =4-AS17 -> 1 | AS17: =MAX(F17,N17,V17,AD17) -> 3 | AT17: =IF(AND(AP17=3,AQ17*AR17>=6),"A",IF(AND(AP17=3,AQ17*AR17>=3),"B",IF(AND(AP17=3,AQ17*AR17>=1),"C",""))) -> C | AU17: ="Scenario-level Threat=1; Step1="&H17&" Step2="&P17&" Step3="&X17&" Step4="&AF17&" ; Overall Threat fixed=1, Max Mitigation="&AS17&" => Overall="&AT17 -> Scenario-level Threat=1; Step1=C Step2=C Step3=C Step4=C ; Overall Threat fixed=1, Max Mitigation=3 => Overall=C
A18: =SPRV_Source_For_Formulas!D66 -> T1189 | B18: 攻撃手法の具体化 運用管理者が、日常的に利用する 業務関連Webポータル／ガバメントクラウド管理サイト にアクセス。 攻撃者がWebサイトを改ざんし、マルウェアを仕込んでいる。 管理者が 閲覧またはファイルをダウンロードするだけで自動的にマルウェア感染。 結果として： 管理者端末を初期感染させ、GovCloud管理コンソールへの認証情報（セッションCookie、MFAトークン等）を窃取 その後の クラウドリソース操作権限の奪取 に直結。 | D18: 3 | E18: 1 | F18: =IF(SPRV_Source_For_Formulas!G66<=0.2,3,IF(SPRV_Source_For_Formulas!G66<=0.5,2,1)) -> 3 | G18: =4-F18 -> 1 | H18: =IF(AND(D18=3,E18*G18>=6),"A",IF(AND(D18=3,E18*G18>=3),"B",IF(AND(D18=3,E18*G18>=1),"C",""))) -> C | I18: | 評価観点 | 状況・施策内容 | 評価 | | ----------------- | -------------------------------------------------- | ------ | | エンドポイント防御（EDR/AV） | EDR導入済み、シグネチャ更新自動化。未知マルウェアにはふるまい検知依存。 | ★★★（3） | | Webフィルタリング／改ざん検知 | SWG導入済。不審サイト遮断可能。ただし正規業務ポータル改ざんのゼロデイ検知は困難。 | ★★☆（2） | | パッチ管理／ソフト更新 | ブラウザ・OSはMDMで強制更新。48時間以内に重大パッチ適用（β’モデル準拠）。 | ★★★（3） | | アクセス制御（ZTNA） | 管理端末以外からのアクセスは不可。職員ID＋MFA必須。ただし端末感染時のセッション乗っ取りは残る。 | ★★☆（2） | | ログ監視・SOC連携 | SOC監視下にあり、端末挙動ログをSIEMで分析。ただし初期感染段階での即時検知は限定的。 | ★★☆（2） |→ 総合評価：2.4 → 切り上げて レベル3 | J18: =SPRV_Source_For_Formulas!D67 -> T1021.007 | K18: 初期侵入済みの攻撃者がCloud CLI/API経由でUpdate Serverに対し設定変更・悪性操作を行う。クラウドAPIのリモート操作悪用型の横展開攻撃。 | L18: 3 | M18: 1 | N18: =IF(SPRV_Source_For_Formulas!G67<=0.2,3,IF(SPRV_Source_For_Formulas!G67<=0.5,2,1)) -> 3 | O18: =4-N18 -> 1 | P18: =IF(AND(L18=3,M18*O18>=6),"A",IF(AND(L18=3,M18*O18>=3),"B",IF(AND(L18=3,M18*O18>=1),"C",""))) -> C | Q18: 評価項目 状況・施策内容例 評価 認証管理（MFA） APIキー発行にMFAが必須。CLI操作は基本的に制限されており、利用には承認が必要 ★★★（3） ログ取得と保管 CloudTrail相当でAPI操作は全て記録。保管期間6ヶ月（推奨1年には未達） ★★☆（2） IAM権限制御 Update Serverは固定権限ロールを使用、外部からのCLI操作は組織内VPNからのみ許可 ★★★（3） SIEMおよびアラート API経由でUpdate Serverが操作された場合はアラート設定あり。ただしアラートルールは手動更新 ★★☆（2） インフラ構成管理 IaC運用は一部実施（Terraform/Azure ARM）、まだ一部手動設定が残る ★★☆（2） → 総合評価：2.4 → 切り上げて ★★★（3） | R18: =SPRV_Source_For_Formulas!D68 -> T1651 | S18: クラウドAPI/CLIを利用してマイナンバー系業務システムに対し、スナップショット取得・設定変更・証拠隠滅などの攻撃的管理コマンドを実行 | T18: 3 | U18: 1 | V18: =IF(SPRV_Source_For_Formulas!G68<=0.2,3,IF(SPRV_Source_For_Formulas!G68<=0.5,2,1)) -> 3 | W18: =4-V18 -> 1 | X18: =IF(AND(T18=3,U18*W18>=6),"A",IF(AND(T18=3,U18*W18>=3),"B",IF(AND(T18=3,U18*W18>=1),"C",""))) -> C | Y18: | 評価項目 | 状況・施策内容 | 評価 | | ----------- | ------------------------------------------------------------ | ------ | | 認証管理（MFA） | CLI/APIアクセスにもMFA必須。IAMユーザではなくロールベースの一時トークンを使用 | ★★★（3） | | ログ監視・改ざん防止 | CloudTrail＋WORMストレージでログ改ざん防止。ただし外部SIEM連携は一部の操作のみ対象 | ★★☆（2） | | 操作の定型化 | TerraformによるInfrastructure as Codeはマイナンバー系でも導入済。ただし一部GUI設定残存 | ★★☆（2） | | RBACとワークフロー | 管理者権限の委譲に承認フローあり。CLI操作には内部発番のチケット必要 | ★★★（3） | | 検知・リアルタイム対応 | GuardDuty相当の異常API検知機能は未導入（導入予定あり） | ★☆☆（1） |→ 総合評価：2.2 → 切り下げて ★★（2） | Z18: =SPRV_Source_For_Formulas!D69 -> T1486 | AA18: クラウドリソース（仮想マシン等）を乗っ取り、暗号資産マイニング/DDoS中継に悪用。 | AB18: 3 | AC18: 1 | AD18: =IF(SPRV_Source_For_Formulas!G69<=0.2,3,IF(SPRV_Source_For_Formulas!G69<=0.5,2,1)) -> 3 | AE18: =4-AD18 -> 1 | AF18: =IF(AND(AB18=3,AC18*AE18>=6),"A",IF(AND(AB18=3,AC18*AE18>=3),"B",IF(AND(AB18=3,AC18*AE18>=1),"C",""))) -> C | AG18: CSPMによるリソース使用率監視、アラート設定が有効（β’3.4.3相当）。 | AP18: =MAX(D18,L18,T18,AB18) -> 3 | AQ18: 1 | AR18: =4-AS18 -> 1 | AS18: =MAX(F18,N18,V18,AD18) -> 3 | AT18: =IF(AND(AP18=3,AQ18*AR18>=6),"A",IF(AND(AP18=3,AQ18*AR18>=3),"B",IF(AND(AP18=3,AQ18*AR18>=1),"C",""))) -> C | AU18: ="Scenario-level Threat=1; Step1="&H18&" Step2="&P18&" Step3="&X18&" Step4="&AF18&" ; Overall Threat fixed=1, Max Mitigation="&AS18&" => Overall="&AT18 -> Scenario-level Threat=1; Step1=C Step2=C Step3=C Step4=C ; Overall Threat fixed=1, Max Mitigation=3 => Overall=C
A19: =SPRV_Source_For_Formulas!D70 -> T1189 | B19: 攻撃手法の具体化 運用管理者が、日常的に利用する 業務関連Webポータル／ガバメントクラウド管理サイト にアクセス。 攻撃者がWebサイトを改ざんし、マルウェアを仕込んでいる。 管理者が 閲覧またはファイルをダウンロードするだけで自動的にマルウェア感染。 結果として： 管理者端末を初期感染させ、GovCloud管理コンソールへの認証情報（セッションCookie、MFAトークン等）を窃取 その後の クラウドリソース操作権限の奪取 に直結。 | D19: 3 | E19: 1 | F19: =IF(SPRV_Source_For_Formulas!G70<=0.2,3,IF(SPRV_Source_For_Formulas!G70<=0.5,2,1)) -> 3 | G19: =4-F19 -> 1 | H19: =IF(AND(D19=3,E19*G19>=6),"A",IF(AND(D19=3,E19*G19>=3),"B",IF(AND(D19=3,E19*G19>=1),"C",""))) -> C | I19: | 評価観点 | 状況・施策内容 | 評価 | | ----------------- | -------------------------------------------------- | ------ | | エンドポイント防御（EDR/AV） | EDR導入済み、シグネチャ更新自動化。未知マルウェアにはふるまい検知依存。 | ★★★（3） | | Webフィルタリング／改ざん検知 | SWG導入済。不審サイト遮断可能。ただし正規業務ポータル改ざんのゼロデイ検知は困難。 | ★★☆（2） | | パッチ管理／ソフト更新 | ブラウザ・OSはMDMで強制更新。48時間以内に重大パッチ適用（β’モデル準拠）。 | ★★★（3） | | アクセス制御（ZTNA） | 管理端末以外からのアクセスは不可。職員ID＋MFA必須。ただし端末感染時のセッション乗っ取りは残る。 | ★★☆（2） | | ログ監視・SOC連携 | SOC監視下にあり、端末挙動ログをSIEMで分析。ただし初期感染段階での即時検知は限定的。 | ★★☆（2） |→ 総合評価：2.4 → 切り上げて レベル3 | J19: =SPRV_Source_For_Formulas!D71 -> T1021.007 | K19: 初期侵入済みの攻撃者がCloud CLI/API経由でUpdate Serverに対し設定変更・悪性操作を行う。クラウドAPIのリモート操作悪用型の横展開攻撃。 | L19: 3 | M19: 1 | N19: =IF(SPRV_Source_For_Formulas!G71<=0.2,3,IF(SPRV_Source_For_Formulas!G71<=0.5,2,1)) -> 3 | O19: =4-N19 -> 1 | P19: =IF(AND(L19=3,M19*O19>=6),"A",IF(AND(L19=3,M19*O19>=3),"B",IF(AND(L19=3,M19*O19>=1),"C",""))) -> C | Q19: 評価項目 状況・施策内容例 評価 認証管理（MFA） APIキー発行にMFAが必須。CLI操作は基本的に制限されており、利用には承認が必要 ★★★（3） ログ取得と保管 CloudTrail相当でAPI操作は全て記録。保管期間6ヶ月（推奨1年には未達） ★★☆（2） IAM権限制御 Update Serverは固定権限ロールを使用、外部からのCLI操作は組織内VPNからのみ許可 ★★★（3） SIEMおよびアラート API経由でUpdate Serverが操作された場合はアラート設定あり。ただしアラートルールは手動更新 ★★☆（2） インフラ構成管理 IaC運用は一部実施（Terraform/Azure ARM）、まだ一部手動設定が残る ★★☆（2） → 総合評価：2.4 → 切り上げて ★★★（3） | R19: =SPRV_Source_For_Formulas!D72 -> T1651 | S19: クラウドAPI/CLIを利用してマイナンバー系業務システムに対し、スナップショット取得・設定変更・証拠隠滅などの攻撃的管理コマンドを実行 | T19: 3 | U19: 1 | V19: =IF(SPRV_Source_For_Formulas!G72<=0.2,3,IF(SPRV_Source_For_Formulas!G72<=0.5,2,1)) -> 3 | W19: =4-V19 -> 1 | X19: =IF(AND(T19=3,U19*W19>=6),"A",IF(AND(T19=3,U19*W19>=3),"B",IF(AND(T19=3,U19*W19>=1),"C",""))) -> C | Y19: | 評価項目 | 状況・施策内容 | 評価 | | ----------- | ------------------------------------------------------------ | ------ | | 認証管理（MFA） | CLI/APIアクセスにもMFA必須。IAMユーザではなくロールベースの一時トークンを使用 | ★★★（3） | | ログ監視・改ざん防止 | CloudTrail＋WORMストレージでログ改ざん防止。ただし外部SIEM連携は一部の操作のみ対象 | ★★☆（2） | | 操作の定型化 | TerraformによるInfrastructure as Codeはマイナンバー系でも導入済。ただし一部GUI設定残存 | ★★☆（2） | | RBACとワークフロー | 管理者権限の委譲に承認フローあり。CLI操作には内部発番のチケット必要 | ★★★（3） | | 検知・リアルタイム対応 | GuardDuty相当の異常API検知機能は未導入（導入予定あり） | ★☆☆（1） |→ 総合評価：2.2 → 切り下げて ★★（2） | Z19: =SPRV_Source_For_Formulas!D73 -> T1496.001 | AA19: 計算リソースを秘匿的に不正利用（Compute Hijacking）。 | AB19: 3 | AC19: 1 | AD19: =IF(SPRV_Source_For_Formulas!G73<=0.2,3,IF(SPRV_Source_For_Formulas!G73<=0.5,2,1)) -> 2 | AE19: =4-AD19 -> 2 | AF19: =IF(AND(AB19=3,AC19*AE19>=6),"A",IF(AND(AB19=3,AC19*AE19>=3),"B",IF(AND(AB19=3,AC19*AE19>=1),"C",""))) -> C | AG19: モニタリング＋しきい値制限（Azure Monitor等）で抑止可能。 | AP19: =MAX(D19,L19,T19,AB19) -> 3 | AQ19: 1 | AR19: =4-AS19 -> 1 | AS19: =MAX(F19,N19,V19,AD19) -> 3 | AT19: =IF(AND(AP19=3,AQ19*AR19>=6),"A",IF(AND(AP19=3,AQ19*AR19>=3),"B",IF(AND(AP19=3,AQ19*AR19>=1),"C",""))) -> C | AU19: ="Scenario-level Threat=1; Step1="&H19&" Step2="&P19&" Step3="&X19&" Step4="&AF19&" ; Overall Threat fixed=1, Max Mitigation="&AS19&" => Overall="&AT19 -> Scenario-level Threat=1; Step1=C Step2=C Step3=C Step4=C ; Overall Threat fixed=1, Max Mitigation=3 => Overall=C
A20: =SPRV_Source_For_Formulas!D74 -> T1189 | B20: 攻撃手法の具体化 運用管理者が、日常的に利用する 業務関連Webポータル／ガバメントクラウド管理サイト にアクセス。 攻撃者がWebサイトを改ざんし、マルウェアを仕込んでいる。 管理者が 閲覧またはファイルをダウンロードするだけで自動的にマルウェア感染。 結果として： 管理者端末を初期感染させ、GovCloud管理コンソールへの認証情報（セッションCookie、MFAトークン等）を窃取 その後の クラウドリソース操作権限の奪取 に直結。 | D20: 3 | E20: 1 | F20: =IF(SPRV_Source_For_Formulas!G74<=0.2,3,IF(SPRV_Source_For_Formulas!G74<=0.5,2,1)) -> 3 | G20: =4-F20 -> 1 | H20: =IF(AND(D20=3,E20*G20>=6),"A",IF(AND(D20=3,E20*G20>=3),"B",IF(AND(D20=3,E20*G20>=1),"C",""))) -> C | I20: | 評価観点 | 状況・施策内容 | 評価 | | ----------------- | -------------------------------------------------- | ------ | | エンドポイント防御（EDR/AV） | EDR導入済み、シグネチャ更新自動化。未知マルウェアにはふるまい検知依存。 | ★★★（3） | | Webフィルタリング／改ざん検知 | SWG導入済。不審サイト遮断可能。ただし正規業務ポータル改ざんのゼロデイ検知は困難。 | ★★☆（2） | | パッチ管理／ソフト更新 | ブラウザ・OSはMDMで強制更新。48時間以内に重大パッチ適用（β’モデル準拠）。 | ★★★（3） | | アクセス制御（ZTNA） | 管理端末以外からのアクセスは不可。職員ID＋MFA必須。ただし端末感染時のセッション乗っ取りは残る。 | ★★☆（2） | | ログ監視・SOC連携 | SOC監視下にあり、端末挙動ログをSIEMで分析。ただし初期感染段階での即時検知は限定的。 | ★★☆（2） |→ 総合評価：2.4 → 切り上げて レベル3 | J20: =SPRV_Source_For_Formulas!D75 -> T1021.007 | K20: 初期侵入済みの攻撃者がCloud CLI/API経由でUpdate Serverに対し設定変更・悪性操作を行う。クラウドAPIのリモート操作悪用型の横展開攻撃。 | L20: 3 | M20: 1 | N20: =IF(SPRV_Source_For_Formulas!G75<=0.2,3,IF(SPRV_Source_For_Formulas!G75<=0.5,2,1)) -> 3 | O20: =4-N20 -> 1 | P20: =IF(AND(L20=3,M20*O20>=6),"A",IF(AND(L20=3,M20*O20>=3),"B",IF(AND(L20=3,M20*O20>=1),"C",""))) -> C | Q20: 評価項目 状況・施策内容例 評価 認証管理（MFA） APIキー発行にMFAが必須。CLI操作は基本的に制限されており、利用には承認が必要 ★★★（3） ログ取得と保管 CloudTrail相当でAPI操作は全て記録。保管期間6ヶ月（推奨1年には未達） ★★☆（2） IAM権限制御 Update Serverは固定権限ロールを使用、外部からのCLI操作は組織内VPNからのみ許可 ★★★（3） SIEMおよびアラート API経由でUpdate Serverが操作された場合はアラート設定あり。ただしアラートルールは手動更新 ★★☆（2） インフラ構成管理 IaC運用は一部実施（Terraform/Azure ARM）、まだ一部手動設定が残る ★★☆（2） → 総合評価：2.4 → 切り上げて ★★★（3） | R20: =SPRV_Source_For_Formulas!D76 -> T1651 | S20: クラウドAPI/CLIを利用してマイナンバー系業務システムに対し、スナップショット取得・設定変更・証拠隠滅などの攻撃的管理コマンドを実行 | T20: 3 | U20: 1 | V20: =IF(SPRV_Source_For_Formulas!G76<=0.2,3,IF(SPRV_Source_For_Formulas!G76<=0.5,2,1)) -> 3 | W20: =4-V20 -> 1 | X20: =IF(AND(T20=3,U20*W20>=6),"A",IF(AND(T20=3,U20*W20>=3),"B",IF(AND(T20=3,U20*W20>=1),"C",""))) -> C | Y20: | 評価項目 | 状況・施策内容 | 評価 | | ----------- | ------------------------------------------------------------ | ------ | | 認証管理（MFA） | CLI/APIアクセスにもMFA必須。IAMユーザではなくロールベースの一時トークンを使用 | ★★★（3） | | ログ監視・改ざん防止 | CloudTrail＋WORMストレージでログ改ざん防止。ただし外部SIEM連携は一部の操作のみ対象 | ★★☆（2） | | 操作の定型化 | TerraformによるInfrastructure as Codeはマイナンバー系でも導入済。ただし一部GUI設定残存 | ★★☆（2） | | RBACとワークフロー | 管理者権限の委譲に承認フローあり。CLI操作には内部発番のチケット必要 | ★★★（3） | | 検知・リアルタイム対応 | GuardDuty相当の異常API検知機能は未導入（導入予定あり） | ★☆☆（1） |→ 総合評価：2.2 → 切り下げて ★★（2） | Z20: =SPRV_Source_For_Formulas!D77 -> T1496.004 | AA20: クラウドAPI経由で Proxy Server on GovCloud に対して以下を実施： EC2/EBSなどのストレージを暗号化（KMSキーを使って再暗号化またはKMSキーを削除） OSレベルでスクリプトを投入し、ボリュームをBitLockerやLinuxのLUKS等で暗号化 システムログやスナップショットの削除による復旧妨害 IAMの一時的制御権を用いた“復旧阻止”工作 ガバメントクラウド内で復旧オプションが封じられた状態にされることで、実質的なデータロックアウトが生じる。 | AB20: 3 | AC20: 1 | AD20: =IF(SPRV_Source_For_Formulas!G77<=0.2,3,IF(SPRV_Source_For_Formulas!G77<=0.5,2,1)) -> 2 | AE20: =4-AD20 -> 2 | AF20: =IF(AND(AB20=3,AC20*AE20>=6),"A",IF(AND(AB20=3,AC20*AE20>=3),"B",IF(AND(AB20=3,AC20*AE20>=1),"C",""))) -> C | AG20: | 評価観点 | 評価内容 | 評価 | | ------------- | ---------------------------------------------------- | ------ | | データ暗号化制御 | KMSのアクセス制御やEBS暗号化ポリシーは一部導入。ただしProxy Server単体の制御は未記載。 | ★★☆（2） | | ログ・スナップショット保全 | CloudTrailログ保全は一部設定あり。スナップショット削除阻止や整合性保全策は記載なし。 | ★★☆（2） | | API実行制御 | Step3でAPI攻撃が成立済のため、IAM/API制御に抜けあり。SSPM未導入。 | ★☆☆（1） |→ 総合評価：1.7 → 切り捨てて「レベル1」 | AP20: =MAX(D20,L20,T20,AB20) -> 3 | AQ20: 1 | AR20: =4-AS20 -> 1 | AS20: =MAX(F20,N20,V20,AD20) -> 3 | AT20: =IF(AND(AP20=3,AQ20*AR20>=6),"A",IF(AND(AP20=3,AQ20*AR20>=3),"B",IF(AND(AP20=3,AQ20*AR20>=1),"C",""))) -> C | AU20: ="Scenario-level Threat=1; Step1="&H20&" Step2="&P20&" Step3="&X20&" Step4="&AF20&" ; Overall Threat fixed=1, Max Mitigation="&AS20&" => Overall="&AT20 -> Scenario-level Threat=1; Step1=C Step2=C Step3=C Step4=C ; Overall Threat fixed=1, Max Mitigation=3 => Overall=C
A21: =SPRV_Source_For_Formulas!D78 -> T1189 | B21: 攻撃手法の具体化 運用管理者が、日常的に利用する 業務関連Webポータル／ガバメントクラウド管理サイト にアクセス。 攻撃者がWebサイトを改ざんし、マルウェアを仕込んでいる。 管理者が 閲覧またはファイルをダウンロードするだけで自動的にマルウェア感染。 結果として： 管理者端末を初期感染させ、GovCloud管理コンソールへの認証情報（セッションCookie、MFAトークン等）を窃取 その後の クラウドリソース操作権限の奪取 に直結。 | D21: 3 | E21: 1 | F21: =IF(SPRV_Source_For_Formulas!G78<=0.2,3,IF(SPRV_Source_For_Formulas!G78<=0.5,2,1)) -> 3 | G21: =4-F21 -> 1 | H21: =IF(AND(D21=3,E21*G21>=6),"A",IF(AND(D21=3,E21*G21>=3),"B",IF(AND(D21=3,E21*G21>=1),"C",""))) -> C | I21: | 評価観点 | 状況・施策内容 | 評価 | | ----------------- | -------------------------------------------------- | ------ | | エンドポイント防御（EDR/AV） | EDR導入済み、シグネチャ更新自動化。未知マルウェアにはふるまい検知依存。 | ★★★（3） | | Webフィルタリング／改ざん検知 | SWG導入済。不審サイト遮断可能。ただし正規業務ポータル改ざんのゼロデイ検知は困難。 | ★★☆（2） | | パッチ管理／ソフト更新 | ブラウザ・OSはMDMで強制更新。48時間以内に重大パッチ適用（β’モデル準拠）。 | ★★★（3） | | アクセス制御（ZTNA） | 管理端末以外からのアクセスは不可。職員ID＋MFA必須。ただし端末感染時のセッション乗っ取りは残る。 | ★★☆（2） | | ログ監視・SOC連携 | SOC監視下にあり、端末挙動ログをSIEMで分析。ただし初期感染段階での即時検知は限定的。 | ★★☆（2） |→ 総合評価：2.4 → 切り上げて レベル3 | J21: =SPRV_Source_For_Formulas!D79 -> T1021.007 | K21: 初期侵入済みの攻撃者がCloud CLI/API経由でUpdate Serverに対し設定変更・悪性操作を行う。クラウドAPIのリモート操作悪用型の横展開攻撃。 | L21: 3 | M21: 1 | N21: =IF(SPRV_Source_For_Formulas!G79<=0.2,3,IF(SPRV_Source_For_Formulas!G79<=0.5,2,1)) -> 3 | O21: =4-N21 -> 1 | P21: =IF(AND(L21=3,M21*O21>=6),"A",IF(AND(L21=3,M21*O21>=3),"B",IF(AND(L21=3,M21*O21>=1),"C",""))) -> C | Q21: 評価項目 状況・施策内容例 評価 認証管理（MFA） APIキー発行にMFAが必須。CLI操作は基本的に制限されており、利用には承認が必要 ★★★（3） ログ取得と保管 CloudTrail相当でAPI操作は全て記録。保管期間6ヶ月（推奨1年には未達） ★★☆（2） IAM権限制御 Update Serverは固定権限ロールを使用、外部からのCLI操作は組織内VPNからのみ許可 ★★★（3） SIEMおよびアラート API経由でUpdate Serverが操作された場合はアラート設定あり。ただしアラートルールは手動更新 ★★☆（2） インフラ構成管理 IaC運用は一部実施（Terraform/Azure ARM）、まだ一部手動設定が残る ★★☆（2） → 総合評価：2.4 → 切り上げて ★★★（3） | R21: =SPRV_Source_For_Formulas!D80 -> T1651 | S21: クラウドAPI/CLIを利用してマイナンバー系業務システムに対し、スナップショット取得・設定変更・証拠隠滅などの攻撃的管理コマンドを実行 | T21: 3 | U21: 1 | V21: =IF(SPRV_Source_For_Formulas!G80<=0.2,3,IF(SPRV_Source_For_Formulas!G80<=0.5,2,1)) -> 3 | W21: =4-V21 -> 1 | X21: =IF(AND(T21=3,U21*W21>=6),"A",IF(AND(T21=3,U21*W21>=3),"B",IF(AND(T21=3,U21*W21>=1),"C",""))) -> C | Y21: | 評価項目 | 状況・施策内容 | 評価 | | ----------- | ------------------------------------------------------------ | ------ | | 認証管理（MFA） | CLI/APIアクセスにもMFA必須。IAMユーザではなくロールベースの一時トークンを使用 | ★★★（3） | | ログ監視・改ざん防止 | CloudTrail＋WORMストレージでログ改ざん防止。ただし外部SIEM連携は一部の操作のみ対象 | ★★☆（2） | | 操作の定型化 | TerraformによるInfrastructure as Codeはマイナンバー系でも導入済。ただし一部GUI設定残存 | ★★☆（2） | | RBACとワークフロー | 管理者権限の委譲に承認フローあり。CLI操作には内部発番のチケット必要 | ★★★（3） | | 検知・リアルタイム対応 | GuardDuty相当の異常API検知機能は未導入（導入予定あり） | ★☆☆（1） |→ 総合評価：2.2 → 切り下げて ★★（2） | Z21: =SPRV_Source_For_Formulas!D81 -> T1496.002 | AA21: 侵入済みのクラウド環境において、プロキシサーバの帯域を意図的に消費（例：大量データ送信、仮想マイニングノードの設置など）することで、ガバメントクラウドやVPN経路の通信品質を劣化させ、他の通信遅延・業務妨害を引き起こすDoS型の資源枯渇攻撃に該当。システム停止を伴わずに“リソース占有”による間接的な被害を狙う | AB21: 3 | AC21: 1 | AD21: =IF(SPRV_Source_For_Formulas!G81<=0.2,3,IF(SPRV_Source_For_Formulas!G81<=0.5,2,1)) -> 2 | AE21: =4-AD21 -> 2 | AF21: =IF(AND(AB21=3,AC21*AE21>=6),"A",IF(AND(AB21=3,AC21*AE21>=3),"B",IF(AND(AB21=3,AC21*AE21>=1),"C",""))) -> C | AG21: | 評価カテゴリ | 対策内容（遵守済と仮定） | 評価 | | ----------------- | -------------------------------------------------------- | ------ | | **プロキシ通信監視** | SWG・Proxyログは収集済、SIEM連携も実施。DNSや宛先IPでのトラフィック可視化が可能。 | ★★★（3） | | **異常帯域検出とアラート** | GuardDuty相当で異常通信のアラートはあるが、**帯域使用量ベースのしきい値監視は未設定** | ★★☆（2） | | **アウトバウンド制御** | Egress制御ポリシーあり（国別やFQDN制限）。ただし動的アノマリー検知は未導入。 | ★★☆（2） | | **構成ミス・ルーティング検知** | CSPMは導入済。SWGの過剰許可設定については検出対象。 | ★★★（3） | | **サービス間通信制限** | VPCピアリングやプロキシ経路の制限は設計上存在。ただし、**運用上の例外が散見される**（一部緩いルールあり） | ★★☆（2） |総合評価（レベル判定） 評価平均：約 2.4 → 切り上げ処理により レベル：★★★（3） | AP21: =MAX(D21,L21,T21,AB21) -> 3 | AQ21: 1 | AR21: =4-AS21 -> 1 | AS21: =MAX(F21,N21,V21,AD21) -> 3 | AT21: =IF(AND(AP21=3,AQ21*AR21>=6),"A",IF(AND(AP21=3,AQ21*AR21>=3),"B",IF(AND(AP21=3,AQ21*AR21>=1),"C",""))) -> C | AU21: ="Scenario-level Threat=1; Step1="&H21&" Step2="&P21&" Step3="&X21&" Step4="&AF21&" ; Overall Threat fixed=1, Max Mitigation="&AS21&" => Overall="&AT21 -> Scenario-level Threat=1; Step1=C Step2=C Step3=C Step4=C ; Overall Threat fixed=1, Max Mitigation=3 => Overall=C
A22: =SPRV_Source_For_Formulas!D82 -> T1189 | B22: 攻撃手法の具体化 運用管理者が、日常的に利用する 業務関連Webポータル／ガバメントクラウド管理サイト にアクセス。 攻撃者がWebサイトを改ざんし、マルウェアを仕込んでいる。 管理者が 閲覧またはファイルをダウンロードするだけで自動的にマルウェア感染。 結果として： 管理者端末を初期感染させ、GovCloud管理コンソールへの認証情報（セッションCookie、MFAトークン等）を窃取 その後の クラウドリソース操作権限の奪取 に直結。 | D22: 3 | E22: 1 | F22: =IF(SPRV_Source_For_Formulas!G82<=0.2,3,IF(SPRV_Source_For_Formulas!G82<=0.5,2,1)) -> 3 | G22: =4-F22 -> 1 | H22: =IF(AND(D22=3,E22*G22>=6),"A",IF(AND(D22=3,E22*G22>=3),"B",IF(AND(D22=3,E22*G22>=1),"C",""))) -> C | I22: | 評価観点 | 状況・施策内容 | 評価 | | ----------------- | -------------------------------------------------- | ------ | | エンドポイント防御（EDR/AV） | EDR導入済み、シグネチャ更新自動化。未知マルウェアにはふるまい検知依存。 | ★★★（3） | | Webフィルタリング／改ざん検知 | SWG導入済。不審サイト遮断可能。ただし正規業務ポータル改ざんのゼロデイ検知は困難。 | ★★☆（2） | | パッチ管理／ソフト更新 | ブラウザ・OSはMDMで強制更新。48時間以内に重大パッチ適用（β’モデル準拠）。 | ★★★（3） | | アクセス制御（ZTNA） | 管理端末以外からのアクセスは不可。職員ID＋MFA必須。ただし端末感染時のセッション乗っ取りは残る。 | ★★☆（2） | | ログ監視・SOC連携 | SOC監視下にあり、端末挙動ログをSIEMで分析。ただし初期感染段階での即時検知は限定的。 | ★★☆（2） |→ 総合評価：2.4 → 切り上げて レベル3 | J22: =SPRV_Source_For_Formulas!D83 -> T1021.007 | K22: 初期侵入済みの攻撃者がCloud CLI/API経由でUpdate Serverに対し設定変更・悪性操作を行う。クラウドAPIのリモート操作悪用型の横展開攻撃。 | L22: 3 | M22: 1 | N22: =IF(SPRV_Source_For_Formulas!G83<=0.2,3,IF(SPRV_Source_For_Formulas!G83<=0.5,2,1)) -> 3 | O22: =4-N22 -> 1 | P22: =IF(AND(L22=3,M22*O22>=6),"A",IF(AND(L22=3,M22*O22>=3),"B",IF(AND(L22=3,M22*O22>=1),"C",""))) -> C | Q22: 評価項目 状況・施策内容例 評価 認証管理（MFA） APIキー発行にMFAが必須。CLI操作は基本的に制限されており、利用には承認が必要 ★★★（3） ログ取得と保管 CloudTrail相当でAPI操作は全て記録。保管期間6ヶ月（推奨1年には未達） ★★☆（2） IAM権限制御 Update Serverは固定権限ロールを使用、外部からのCLI操作は組織内VPNからのみ許可 ★★★（3） SIEMおよびアラート API経由でUpdate Serverが操作された場合はアラート設定あり。ただしアラートルールは手動更新 ★★☆（2） インフラ構成管理 IaC運用は一部実施（Terraform/Azure ARM）、まだ一部手動設定が残る ★★☆（2） → 総合評価：2.4 → 切り上げて ★★★（3） | R22: =SPRV_Source_For_Formulas!D84 -> T1555.006 | S22: Secrets ManagerやKey VaultからDBパスワードやAPI鍵を抽出し、My Number系システムへの認証回避を試みる高度なクラウド認証情報窃取攻撃。 | T22: 3 | U22: 1 | V22: =IF(SPRV_Source_For_Formulas!G84<=0.2,3,IF(SPRV_Source_For_Formulas!G84<=0.5,2,1)) -> 3 | W22: =4-V22 -> 1 | X22: =IF(AND(T22=3,U22*W22>=6),"A",IF(AND(T22=3,U22*W22>=3),"B",IF(AND(T22=3,U22*W22>=1),"C",""))) -> C | Y22: | 評価項目 | 状況・施策内容 | 評価 | | ------------- | -------------------------------------------------- | ------ | | Secretsアクセス制御 | IAMにてSecretsごとにアクセス制御が設定されている。ただし一部ロールは広範囲に許可されている | ★★☆（2） | | Secretsの暗号化 | KMSによる暗号化は実施済み。KMSキーは別ロールで管理 | ★★★（3） | | アクセス監視・検知 | CloudTrail有効だが、**Secretsへの読み取りに対する即時アラート設定が不完全** | ★★☆（2） | | ローテーション運用 | 自動ローテーションは一部適用（APIキー等）。DBパスワードは手動更新ベース | ★★☆（2） | | SSPMなどの逸脱検知 | CSPM導入済、SSPMは評価中。ルールベース検知は整備途上 | ★★☆（2） |→ 総合評価：2.2 → 切り下げて ★★（2） | Z22: =SPRV_Source_For_Formulas!D85 -> T1486 | AA22: クラウドリソース（仮想マシン等）を乗っ取り、暗号資産マイニング/DDoS中継に悪用。 | AB22: 3 | AC22: 1 | AD22: =IF(SPRV_Source_For_Formulas!G85<=0.2,3,IF(SPRV_Source_For_Formulas!G85<=0.5,2,1)) -> 3 | AE22: =4-AD22 -> 1 | AF22: =IF(AND(AB22=3,AC22*AE22>=6),"A",IF(AND(AB22=3,AC22*AE22>=3),"B",IF(AND(AB22=3,AC22*AE22>=1),"C",""))) -> C | AG22: CSPMによるリソース使用率監視、アラート設定が有効（β’3.4.3相当）。 | AP22: =MAX(D22,L22,T22,AB22) -> 3 | AQ22: 1 | AR22: =4-AS22 -> 1 | AS22: =MAX(F22,N22,V22,AD22) -> 3 | AT22: =IF(AND(AP22=3,AQ22*AR22>=6),"A",IF(AND(AP22=3,AQ22*AR22>=3),"B",IF(AND(AP22=3,AQ22*AR22>=1),"C",""))) -> C | AU22: ="Scenario-level Threat=1; Step1="&H22&" Step2="&P22&" Step3="&X22&" Step4="&AF22&" ; Overall Threat fixed=1, Max Mitigation="&AS22&" => Overall="&AT22 -> Scenario-level Threat=1; Step1=C Step2=C Step3=C Step4=C ; Overall Threat fixed=1, Max Mitigation=3 => Overall=C
A23: =SPRV_Source_For_Formulas!D86 -> T1189 | B23: 攻撃手法の具体化 運用管理者が、日常的に利用する 業務関連Webポータル／ガバメントクラウド管理サイト にアクセス。 攻撃者がWebサイトを改ざんし、マルウェアを仕込んでいる。 管理者が 閲覧またはファイルをダウンロードするだけで自動的にマルウェア感染。 結果として： 管理者端末を初期感染させ、GovCloud管理コンソールへの認証情報（セッションCookie、MFAトークン等）を窃取 その後の クラウドリソース操作権限の奪取 に直結。 | D23: 3 | E23: 1 | F23: =IF(SPRV_Source_For_Formulas!G86<=0.2,3,IF(SPRV_Source_For_Formulas!G86<=0.5,2,1)) -> 3 | G23: =4-F23 -> 1 | H23: =IF(AND(D23=3,E23*G23>=6),"A",IF(AND(D23=3,E23*G23>=3),"B",IF(AND(D23=3,E23*G23>=1),"C",""))) -> C | I23: | 評価観点 | 状況・施策内容 | 評価 | | ----------------- | -------------------------------------------------- | ------ | | エンドポイント防御（EDR/AV） | EDR導入済み、シグネチャ更新自動化。未知マルウェアにはふるまい検知依存。 | ★★★（3） | | Webフィルタリング／改ざん検知 | SWG導入済。不審サイト遮断可能。ただし正規業務ポータル改ざんのゼロデイ検知は困難。 | ★★☆（2） | | パッチ管理／ソフト更新 | ブラウザ・OSはMDMで強制更新。48時間以内に重大パッチ適用（β’モデル準拠）。 | ★★★（3） | | アクセス制御（ZTNA） | 管理端末以外からのアクセスは不可。職員ID＋MFA必須。ただし端末感染時のセッション乗っ取りは残る。 | ★★☆（2） | | ログ監視・SOC連携 | SOC監視下にあり、端末挙動ログをSIEMで分析。ただし初期感染段階での即時検知は限定的。 | ★★☆（2） |→ 総合評価：2.4 → 切り上げて レベル3 | J23: =SPRV_Source_For_Formulas!D87 -> T1021.007 | K23: 初期侵入済みの攻撃者がCloud CLI/API経由でUpdate Serverに対し設定変更・悪性操作を行う。クラウドAPIのリモート操作悪用型の横展開攻撃。 | L23: 3 | M23: 1 | N23: =IF(SPRV_Source_For_Formulas!G87<=0.2,3,IF(SPRV_Source_For_Formulas!G87<=0.5,2,1)) -> 3 | O23: =4-N23 -> 1 | P23: =IF(AND(L23=3,M23*O23>=6),"A",IF(AND(L23=3,M23*O23>=3),"B",IF(AND(L23=3,M23*O23>=1),"C",""))) -> C | Q23: 評価項目 状況・施策内容例 評価 認証管理（MFA） APIキー発行にMFAが必須。CLI操作は基本的に制限されており、利用には承認が必要 ★★★（3） ログ取得と保管 CloudTrail相当でAPI操作は全て記録。保管期間6ヶ月（推奨1年には未達） ★★☆（2） IAM権限制御 Update Serverは固定権限ロールを使用、外部からのCLI操作は組織内VPNからのみ許可 ★★★（3） SIEMおよびアラート API経由でUpdate Serverが操作された場合はアラート設定あり。ただしアラートルールは手動更新 ★★☆（2） インフラ構成管理 IaC運用は一部実施（Terraform/Azure ARM）、まだ一部手動設定が残る ★★☆（2） → 総合評価：2.4 → 切り上げて ★★★（3） | R23: =SPRV_Source_For_Formulas!D88 -> T1555.006 | S23: Secrets ManagerやKey VaultからDBパスワードやAPI鍵を抽出し、My Number系システムへの認証回避を試みる高度なクラウド認証情報窃取攻撃。 | T23: 3 | U23: 1 | V23: =IF(SPRV_Source_For_Formulas!G88<=0.2,3,IF(SPRV_Source_For_Formulas!G88<=0.5,2,1)) -> 3 | W23: =4-V23 -> 1 | X23: =IF(AND(T23=3,U23*W23>=6),"A",IF(AND(T23=3,U23*W23>=3),"B",IF(AND(T23=3,U23*W23>=1),"C",""))) -> C | Y23: | 評価項目 | 状況・施策内容 | 評価 | | ------------- | -------------------------------------------------- | ------ | | Secretsアクセス制御 | IAMにてSecretsごとにアクセス制御が設定されている。ただし一部ロールは広範囲に許可されている | ★★☆（2） | | Secretsの暗号化 | KMSによる暗号化は実施済み。KMSキーは別ロールで管理 | ★★★（3） | | アクセス監視・検知 | CloudTrail有効だが、**Secretsへの読み取りに対する即時アラート設定が不完全** | ★★☆（2） | | ローテーション運用 | 自動ローテーションは一部適用（APIキー等）。DBパスワードは手動更新ベース | ★★☆（2） | | SSPMなどの逸脱検知 | CSPM導入済、SSPMは評価中。ルールベース検知は整備途上 | ★★☆（2） |→ 総合評価：2.2 → 切り下げて ★★（2） | Z23: =SPRV_Source_For_Formulas!D89 -> T1496.001 | AA23: 計算リソースを秘匿的に不正利用（Compute Hijacking）。 | AB23: 3 | AC23: 1 | AD23: =IF(SPRV_Source_For_Formulas!G89<=0.2,3,IF(SPRV_Source_For_Formulas!G89<=0.5,2,1)) -> 2 | AE23: =4-AD23 -> 2 | AF23: =IF(AND(AB23=3,AC23*AE23>=6),"A",IF(AND(AB23=3,AC23*AE23>=3),"B",IF(AND(AB23=3,AC23*AE23>=1),"C",""))) -> C | AG23: モニタリング＋しきい値制限（Azure Monitor等）で抑止可能。 | AP23: =MAX(D23,L23,T23,AB23) -> 3 | AQ23: 1 | AR23: =4-AS23 -> 1 | AS23: =MAX(F23,N23,V23,AD23) -> 3 | AT23: =IF(AND(AP23=3,AQ23*AR23>=6),"A",IF(AND(AP23=3,AQ23*AR23>=3),"B",IF(AND(AP23=3,AQ23*AR23>=1),"C",""))) -> C | AU23: ="Scenario-level Threat=1; Step1="&H23&" Step2="&P23&" Step3="&X23&" Step4="&AF23&" ; Overall Threat fixed=1, Max Mitigation="&AS23&" => Overall="&AT23 -> Scenario-level Threat=1; Step1=C Step2=C Step3=C Step4=C ; Overall Threat fixed=1, Max Mitigation=3 => Overall=C
A24: =SPRV_Source_For_Formulas!D90 -> T1189 | B24: 攻撃手法の具体化 運用管理者が、日常的に利用する 業務関連Webポータル／ガバメントクラウド管理サイト にアクセス。 攻撃者がWebサイトを改ざんし、マルウェアを仕込んでいる。 管理者が 閲覧またはファイルをダウンロードするだけで自動的にマルウェア感染。 結果として： 管理者端末を初期感染させ、GovCloud管理コンソールへの認証情報（セッションCookie、MFAトークン等）を窃取 その後の クラウドリソース操作権限の奪取 に直結。 | D24: 3 | E24: 1 | F24: =IF(SPRV_Source_For_Formulas!G90<=0.2,3,IF(SPRV_Source_For_Formulas!G90<=0.5,2,1)) -> 3 | G24: =4-F24 -> 1 | H24: =IF(AND(D24=3,E24*G24>=6),"A",IF(AND(D24=3,E24*G24>=3),"B",IF(AND(D24=3,E24*G24>=1),"C",""))) -> C | I24: | 評価観点 | 状況・施策内容 | 評価 | | ----------------- | -------------------------------------------------- | ------ | | エンドポイント防御（EDR/AV） | EDR導入済み、シグネチャ更新自動化。未知マルウェアにはふるまい検知依存。 | ★★★（3） | | Webフィルタリング／改ざん検知 | SWG導入済。不審サイト遮断可能。ただし正規業務ポータル改ざんのゼロデイ検知は困難。 | ★★☆（2） | | パッチ管理／ソフト更新 | ブラウザ・OSはMDMで強制更新。48時間以内に重大パッチ適用（β’モデル準拠）。 | ★★★（3） | | アクセス制御（ZTNA） | 管理端末以外からのアクセスは不可。職員ID＋MFA必須。ただし端末感染時のセッション乗っ取りは残る。 | ★★☆（2） | | ログ監視・SOC連携 | SOC監視下にあり、端末挙動ログをSIEMで分析。ただし初期感染段階での即時検知は限定的。 | ★★☆（2） |→ 総合評価：2.4 → 切り上げて レベル3 | J24: =SPRV_Source_For_Formulas!D91 -> T1021.007 | K24: 初期侵入済みの攻撃者がCloud CLI/API経由でUpdate Serverに対し設定変更・悪性操作を行う。クラウドAPIのリモート操作悪用型の横展開攻撃。 | L24: 3 | M24: 1 | N24: =IF(SPRV_Source_For_Formulas!G91<=0.2,3,IF(SPRV_Source_For_Formulas!G91<=0.5,2,1)) -> 3 | O24: =4-N24 -> 1 | P24: =IF(AND(L24=3,M24*O24>=6),"A",IF(AND(L24=3,M24*O24>=3),"B",IF(AND(L24=3,M24*O24>=1),"C",""))) -> C | Q24: 評価項目 状況・施策内容例 評価 認証管理（MFA） APIキー発行にMFAが必須。CLI操作は基本的に制限されており、利用には承認が必要 ★★★（3） ログ取得と保管 CloudTrail相当でAPI操作は全て記録。保管期間6ヶ月（推奨1年には未達） ★★☆（2） IAM権限制御 Update Serverは固定権限ロールを使用、外部からのCLI操作は組織内VPNからのみ許可 ★★★（3） SIEMおよびアラート API経由でUpdate Serverが操作された場合はアラート設定あり。ただしアラートルールは手動更新 ★★☆（2） インフラ構成管理 IaC運用は一部実施（Terraform/Azure ARM）、まだ一部手動設定が残る ★★☆（2） → 総合評価：2.4 → 切り上げて ★★★（3） | R24: =SPRV_Source_For_Formulas!D92 -> T1555.006 | S24: Secrets ManagerやKey VaultからDBパスワードやAPI鍵を抽出し、My Number系システムへの認証回避を試みる高度なクラウド認証情報窃取攻撃。 | T24: 3 | U24: 1 | V24: =IF(SPRV_Source_For_Formulas!G92<=0.2,3,IF(SPRV_Source_For_Formulas!G92<=0.5,2,1)) -> 3 | W24: =4-V24 -> 1 | X24: =IF(AND(T24=3,U24*W24>=6),"A",IF(AND(T24=3,U24*W24>=3),"B",IF(AND(T24=3,U24*W24>=1),"C",""))) -> C | Y24: | 評価項目 | 状況・施策内容 | 評価 | | ------------- | -------------------------------------------------- | ------ | | Secretsアクセス制御 | IAMにてSecretsごとにアクセス制御が設定されている。ただし一部ロールは広範囲に許可されている | ★★☆（2） | | Secretsの暗号化 | KMSによる暗号化は実施済み。KMSキーは別ロールで管理 | ★★★（3） | | アクセス監視・検知 | CloudTrail有効だが、**Secretsへの読み取りに対する即時アラート設定が不完全** | ★★☆（2） | | ローテーション運用 | 自動ローテーションは一部適用（APIキー等）。DBパスワードは手動更新ベース | ★★☆（2） | | SSPMなどの逸脱検知 | CSPM導入済、SSPMは評価中。ルールベース検知は整備途上 | ★★☆（2） |→ 総合評価：2.2 → 切り下げて ★★（2） | Z24: =SPRV_Source_For_Formulas!D93 -> T1496.004 | AA24: クラウドAPI経由で Proxy Server on GovCloud に対して以下を実施： EC2/EBSなどのストレージを暗号化（KMSキーを使って再暗号化またはKMSキーを削除） OSレベルでスクリプトを投入し、ボリュームをBitLockerやLinuxのLUKS等で暗号化 システムログやスナップショットの削除による復旧妨害 IAMの一時的制御権を用いた“復旧阻止”工作 ガバメントクラウド内で復旧オプションが封じられた状態にされることで、実質的なデータロックアウトが生じる。 | AB24: 3 | AC24: 1 | AD24: =IF(SPRV_Source_For_Formulas!G93<=0.2,3,IF(SPRV_Source_For_Formulas!G93<=0.5,2,1)) -> 2 | AE24: =4-AD24 -> 2 | AF24: =IF(AND(AB24=3,AC24*AE24>=6),"A",IF(AND(AB24=3,AC24*AE24>=3),"B",IF(AND(AB24=3,AC24*AE24>=1),"C",""))) -> C | AG24: | 評価観点 | 評価内容 | 評価 | | ------------- | ---------------------------------------------------- | ------ | | データ暗号化制御 | KMSのアクセス制御やEBS暗号化ポリシーは一部導入。ただしProxy Server単体の制御は未記載。 | ★★☆（2） | | ログ・スナップショット保全 | CloudTrailログ保全は一部設定あり。スナップショット削除阻止や整合性保全策は記載なし。 | ★★☆（2） | | API実行制御 | Step3でAPI攻撃が成立済のため、IAM/API制御に抜けあり。SSPM未導入。 | ★☆☆（1） |→ 総合評価：1.7 → 切り捨てて「レベル1」 | AP24: =MAX(D24,L24,T24,AB24) -> 3 | AQ24: 1 | AR24: =4-AS24 -> 1 | AS24: =MAX(F24,N24,V24,AD24) -> 3 | AT24: =IF(AND(AP24=3,AQ24*AR24>=6),"A",IF(AND(AP24=3,AQ24*AR24>=3),"B",IF(AND(AP24=3,AQ24*AR24>=1),"C",""))) -> C | AU24: ="Scenario-level Threat=1; Step1="&H24&" Step2="&P24&" Step3="&X24&" Step4="&AF24&" ; Overall Threat fixed=1, Max Mitigation="&AS24&" => Overall="&AT24 -> Scenario-level Threat=1; Step1=C Step2=C Step3=C Step4=C ; Overall Threat fixed=1, Max Mitigation=3 => Overall=C
A25: =SPRV_Source_For_Formulas!D94 -> T1189 | B25: 攻撃手法の具体化 運用管理者が、日常的に利用する 業務関連Webポータル／ガバメントクラウド管理サイト にアクセス。 攻撃者がWebサイトを改ざんし、マルウェアを仕込んでいる。 管理者が 閲覧またはファイルをダウンロードするだけで自動的にマルウェア感染。 結果として： 管理者端末を初期感染させ、GovCloud管理コンソールへの認証情報（セッションCookie、MFAトークン等）を窃取 その後の クラウドリソース操作権限の奪取 に直結。 | D25: 3 | E25: 1 | F25: =IF(SPRV_Source_For_Formulas!G94<=0.2,3,IF(SPRV_Source_For_Formulas!G94<=0.5,2,1)) -> 3 | G25: =4-F25 -> 1 | H25: =IF(AND(D25=3,E25*G25>=6),"A",IF(AND(D25=3,E25*G25>=3),"B",IF(AND(D25=3,E25*G25>=1),"C",""))) -> C | I25: | 評価観点 | 状況・施策内容 | 評価 | | ----------------- | -------------------------------------------------- | ------ | | エンドポイント防御（EDR/AV） | EDR導入済み、シグネチャ更新自動化。未知マルウェアにはふるまい検知依存。 | ★★★（3） | | Webフィルタリング／改ざん検知 | SWG導入済。不審サイト遮断可能。ただし正規業務ポータル改ざんのゼロデイ検知は困難。 | ★★☆（2） | | パッチ管理／ソフト更新 | ブラウザ・OSはMDMで強制更新。48時間以内に重大パッチ適用（β’モデル準拠）。 | ★★★（3） | | アクセス制御（ZTNA） | 管理端末以外からのアクセスは不可。職員ID＋MFA必須。ただし端末感染時のセッション乗っ取りは残る。 | ★★☆（2） | | ログ監視・SOC連携 | SOC監視下にあり、端末挙動ログをSIEMで分析。ただし初期感染段階での即時検知は限定的。 | ★★☆（2） |→ 総合評価：2.4 → 切り上げて レベル3 | J25: =SPRV_Source_For_Formulas!D95 -> T1021.007 | K25: 初期侵入済みの攻撃者がCloud CLI/API経由でUpdate Serverに対し設定変更・悪性操作を行う。クラウドAPIのリモート操作悪用型の横展開攻撃。 | L25: 3 | M25: 1 | N25: =IF(SPRV_Source_For_Formulas!G95<=0.2,3,IF(SPRV_Source_For_Formulas!G95<=0.5,2,1)) -> 3 | O25: =4-N25 -> 1 | P25: =IF(AND(L25=3,M25*O25>=6),"A",IF(AND(L25=3,M25*O25>=3),"B",IF(AND(L25=3,M25*O25>=1),"C",""))) -> C | Q25: 評価項目 状況・施策内容例 評価 認証管理（MFA） APIキー発行にMFAが必須。CLI操作は基本的に制限されており、利用には承認が必要 ★★★（3） ログ取得と保管 CloudTrail相当でAPI操作は全て記録。保管期間6ヶ月（推奨1年には未達） ★★☆（2） IAM権限制御 Update Serverは固定権限ロールを使用、外部からのCLI操作は組織内VPNからのみ許可 ★★★（3） SIEMおよびアラート API経由でUpdate Serverが操作された場合はアラート設定あり。ただしアラートルールは手動更新 ★★☆（2） インフラ構成管理 IaC運用は一部実施（Terraform/Azure ARM）、まだ一部手動設定が残る ★★☆（2） → 総合評価：2.4 → 切り上げて ★★★（3） | R25: =SPRV_Source_For_Formulas!D96 -> T1555.006 | S25: Secrets ManagerやKey VaultからDBパスワードやAPI鍵を抽出し、My Number系システムへの認証回避を試みる高度なクラウド認証情報窃取攻撃。 | T25: 3 | U25: 1 | V25: =IF(SPRV_Source_For_Formulas!G96<=0.2,3,IF(SPRV_Source_For_Formulas!G96<=0.5,2,1)) -> 3 | W25: =4-V25 -> 1 | X25: =IF(AND(T25=3,U25*W25>=6),"A",IF(AND(T25=3,U25*W25>=3),"B",IF(AND(T25=3,U25*W25>=1),"C",""))) -> C | Y25: | 評価項目 | 状況・施策内容 | 評価 | | ------------- | -------------------------------------------------- | ------ | | Secretsアクセス制御 | IAMにてSecretsごとにアクセス制御が設定されている。ただし一部ロールは広範囲に許可されている | ★★☆（2） | | Secretsの暗号化 | KMSによる暗号化は実施済み。KMSキーは別ロールで管理 | ★★★（3） | | アクセス監視・検知 | CloudTrail有効だが、**Secretsへの読み取りに対する即時アラート設定が不完全** | ★★☆（2） | | ローテーション運用 | 自動ローテーションは一部適用（APIキー等）。DBパスワードは手動更新ベース | ★★☆（2） | | SSPMなどの逸脱検知 | CSPM導入済、SSPMは評価中。ルールベース検知は整備途上 | ★★☆（2） |→ 総合評価：2.2 → 切り下げて ★★（2） | Z25: =SPRV_Source_For_Formulas!D97 -> T1496.002 | AA25: 侵入済みのクラウド環境において、プロキシサーバの帯域を意図的に消費（例：大量データ送信、仮想マイニングノードの設置など）することで、ガバメントクラウドやVPN経路の通信品質を劣化させ、他の通信遅延・業務妨害を引き起こすDoS型の資源枯渇攻撃に該当。システム停止を伴わずに“リソース占有”による間接的な被害を狙う | AB25: 3 | AC25: 1 | AD25: =IF(SPRV_Source_For_Formulas!G97<=0.2,3,IF(SPRV_Source_For_Formulas!G97<=0.5,2,1)) -> 2 | AE25: =4-AD25 -> 2 | AF25: =IF(AND(AB25=3,AC25*AE25>=6),"A",IF(AND(AB25=3,AC25*AE25>=3),"B",IF(AND(AB25=3,AC25*AE25>=1),"C",""))) -> C | AG25: | 評価カテゴリ | 対策内容（遵守済と仮定） | 評価 | | ----------------- | -------------------------------------------------------- | ------ | | **プロキシ通信監視** | SWG・Proxyログは収集済、SIEM連携も実施。DNSや宛先IPでのトラフィック可視化が可能。 | ★★★（3） | | **異常帯域検出とアラート** | GuardDuty相当で異常通信のアラートはあるが、**帯域使用量ベースのしきい値監視は未設定** | ★★☆（2） | | **アウトバウンド制御** | Egress制御ポリシーあり（国別やFQDN制限）。ただし動的アノマリー検知は未導入。 | ★★☆（2） | | **構成ミス・ルーティング検知** | CSPMは導入済。SWGの過剰許可設定については検出対象。 | ★★★（3） | | **サービス間通信制限** | VPCピアリングやプロキシ経路の制限は設計上存在。ただし、**運用上の例外が散見される**（一部緩いルールあり） | ★★☆（2） |総合評価（レベル判定） 評価平均：約 2.4 → 切り上げ処理により レベル：★★★（3） | AP25: =MAX(D25,L25,T25,AB25) -> 3 | AQ25: 1 | AR25: =4-AS25 -> 1 | AS25: =MAX(F25,N25,V25,AD25) -> 3 | AT25: =IF(AND(AP25=3,AQ25*AR25>=6),"A",IF(AND(AP25=3,AQ25*AR25>=3),"B",IF(AND(AP25=3,AQ25*AR25>=1),"C",""))) -> C | AU25: ="Scenario-level Threat=1; Step1="&H25&" Step2="&P25&" Step3="&X25&" Step4="&AF25&" ; Overall Threat fixed=1, Max Mitigation="&AS25&" => Overall="&AT25 -> Scenario-level Threat=1; Step1=C Step2=C Step3=C Step4=C ; Overall Threat fixed=1, Max Mitigation=3 => Overall=C
A26: =SPRV_Source_For_Formulas!D98 -> T1189 | B26: 攻撃手法の具体化 運用管理者が、日常的に利用する 業務関連Webポータル／ガバメントクラウド管理サイト にアクセス。 攻撃者がWebサイトを改ざんし、マルウェアを仕込んでいる。 管理者が 閲覧またはファイルをダウンロードするだけで自動的にマルウェア感染。 結果として： 管理者端末を初期感染させ、GovCloud管理コンソールへの認証情報（セッションCookie、MFAトークン等）を窃取 その後の クラウドリソース操作権限の奪取 に直結。 | D26: 3 | E26: 1 | F26: =IF(SPRV_Source_For_Formulas!G98<=0.2,3,IF(SPRV_Source_For_Formulas!G98<=0.5,2,1)) -> 3 | G26: =4-F26 -> 1 | H26: =IF(AND(D26=3,E26*G26>=6),"A",IF(AND(D26=3,E26*G26>=3),"B",IF(AND(D26=3,E26*G26>=1),"C",""))) -> C | I26: | 評価観点 | 状況・施策内容 | 評価 | | ----------------- | -------------------------------------------------- | ------ | | エンドポイント防御（EDR/AV） | EDR導入済み、シグネチャ更新自動化。未知マルウェアにはふるまい検知依存。 | ★★★（3） | | Webフィルタリング／改ざん検知 | SWG導入済。不審サイト遮断可能。ただし正規業務ポータル改ざんのゼロデイ検知は困難。 | ★★☆（2） | | パッチ管理／ソフト更新 | ブラウザ・OSはMDMで強制更新。48時間以内に重大パッチ適用（β’モデル準拠）。 | ★★★（3） | | アクセス制御（ZTNA） | 管理端末以外からのアクセスは不可。職員ID＋MFA必須。ただし端末感染時のセッション乗っ取りは残る。 | ★★☆（2） | | ログ監視・SOC連携 | SOC監視下にあり、端末挙動ログをSIEMで分析。ただし初期感染段階での即時検知は限定的。 | ★★☆（2） |→ 総合評価：2.4 → 切り上げて レベル3 | J26: =SPRV_Source_For_Formulas!D99 -> T1021.007 | K26: 初期侵入済みの攻撃者がCloud CLI/API経由でUpdate Serverに対し設定変更・悪性操作を行う。クラウドAPIのリモート操作悪用型の横展開攻撃。 | L26: 3 | M26: 1 | N26: =IF(SPRV_Source_For_Formulas!G99<=0.2,3,IF(SPRV_Source_For_Formulas!G99<=0.5,2,1)) -> 3 | O26: =4-N26 -> 1 | P26: =IF(AND(L26=3,M26*O26>=6),"A",IF(AND(L26=3,M26*O26>=3),"B",IF(AND(L26=3,M26*O26>=1),"C",""))) -> C | Q26: 評価項目 状況・施策内容例 評価 認証管理（MFA） APIキー発行にMFAが必須。CLI操作は基本的に制限されており、利用には承認が必要 ★★★（3） ログ取得と保管 CloudTrail相当でAPI操作は全て記録。保管期間6ヶ月（推奨1年には未達） ★★☆（2） IAM権限制御 Update Serverは固定権限ロールを使用、外部からのCLI操作は組織内VPNからのみ許可 ★★★（3） SIEMおよびアラート API経由でUpdate Serverが操作された場合はアラート設定あり。ただしアラートルールは手動更新 ★★☆（2） インフラ構成管理 IaC運用は一部実施（Terraform/Azure ARM）、まだ一部手動設定が残る ★★☆（2） → 総合評価：2.4 → 切り上げて ★★★（3） | R26: =SPRV_Source_For_Formulas!D100 -> T1059.009 | S26: クラウドAPIを使ってスクリプトを遠隔実行し設定変更やマルウェア展開。 | T26: 3 | U26: 1 | V26: =IF(SPRV_Source_For_Formulas!G100<=0.2,3,IF(SPRV_Source_For_Formulas!G100<=0.5,2,1)) -> 3 | W26: =4-V26 -> 1 | X26: =IF(AND(T26=3,U26*W26>=6),"A",IF(AND(T26=3,U26*W26>=3),"B",IF(AND(T26=3,U26*W26>=1),"C",""))) -> C | Y26: | 観点 | 内容 | | ------------ | ----------------------------------------------------------------------- | | ? IAM制御 | IAM最小権限ポリシー、ロールベースアクセス制御（RBAC）の適用が前提となっており、基本的な対策は講じられていると考えられる | | ? API監視 | CloudTrail（AWS）やAudit Log（GCP）等による**API呼び出しログの記録と分析**も想定されている | | ? 不安要素 | クラウドAPIは「正規操作」として処理されやすいため、不正利用が**異常検知で気付きにくい**<br>⇒ 監視設定が甘いと侵害が長期化しやすい | | ? 利用頻度 | 管理者も通常業務でAPIを使うため、攻撃と区別が困難（例：異常な時間帯やIPでの利用を監視できるかどうかが鍵） | | ? 自治体側の技術成熟度 | クラウドセキュリティに不慣れな自治体ではAPI監査設定が**未設定または過剰権限のまま**であるケースが懸念される |リスクをさらに下げる効果的な対策は、| 項目 | 推奨構成（ベンダ中立） | | ----- | --------------------------------------------- | | ログ取得 | CloudTrail / Audit Logs + 長期保管 | | 検知・分析 | GuardDuty / SCC / Defender for Cloud + SIEM連携 | | 統制 | IAM最小権限 + 条件付きアクセス + 定期レビューワークフロー | | ツール連携 | EDRやPAM、SIEMとCNAppと連携して**誤用や内部不正**にも対応 | | Z26: =SPRV_Source_For_Formulas!D101 -> T1486 | AA26: クラウドリソース（仮想マシン等）を乗っ取り、暗号資産マイニング/DDoS中継に悪用。 | AB26: 3 | AC26: 1 | AD26: =IF(SPRV_Source_For_Formulas!G101<=0.2,3,IF(SPRV_Source_For_Formulas!G101<=0.5,2,1)) -> 3 | AE26: =4-AD26 -> 1 | AF26: =IF(AND(AB26=3,AC26*AE26>=6),"A",IF(AND(AB26=3,AC26*AE26>=3),"B",IF(AND(AB26=3,AC26*AE26>=1),"C",""))) -> C | AG26: CSPMによるリソース使用率監視、アラート設定が有効（β’3.4.3相当）。 | AP26: =MAX(D26,L26,T26,AB26) -> 3 | AQ26: 1 | AR26: =4-AS26 -> 1 | AS26: =MAX(F26,N26,V26,AD26) -> 3 | AT26: =IF(AND(AP26=3,AQ26*AR26>=6),"A",IF(AND(AP26=3,AQ26*AR26>=3),"B",IF(AND(AP26=3,AQ26*AR26>=1),"C",""))) -> C | AU26: ="Scenario-level Threat=1; Step1="&H26&" Step2="&P26&" Step3="&X26&" Step4="&AF26&" ; Overall Threat fixed=1, Max Mitigation="&AS26&" => Overall="&AT26 -> Scenario-level Threat=1; Step1=C Step2=C Step3=C Step4=C ; Overall Threat fixed=1, Max Mitigation=3 => Overall=C
A27: =SPRV_Source_For_Formulas!D102 -> T1189 | B27: 攻撃手法の具体化 運用管理者が、日常的に利用する 業務関連Webポータル／ガバメントクラウド管理サイト にアクセス。 攻撃者がWebサイトを改ざんし、マルウェアを仕込んでいる。 管理者が 閲覧またはファイルをダウンロードするだけで自動的にマルウェア感染。 結果として： 管理者端末を初期感染させ、GovCloud管理コンソールへの認証情報（セッションCookie、MFAトークン等）を窃取 その後の クラウドリソース操作権限の奪取 に直結。 | D27: 3 | E27: 1 | F27: =IF(SPRV_Source_For_Formulas!G102<=0.2,3,IF(SPRV_Source_For_Formulas!G102<=0.5,2,1)) -> 3 | G27: =4-F27 -> 1 | H27: =IF(AND(D27=3,E27*G27>=6),"A",IF(AND(D27=3,E27*G27>=3),"B",IF(AND(D27=3,E27*G27>=1),"C",""))) -> C | I27: | 評価観点 | 状況・施策内容 | 評価 | | ----------------- | -------------------------------------------------- | ------ | | エンドポイント防御（EDR/AV） | EDR導入済み、シグネチャ更新自動化。未知マルウェアにはふるまい検知依存。 | ★★★（3） | | Webフィルタリング／改ざん検知 | SWG導入済。不審サイト遮断可能。ただし正規業務ポータル改ざんのゼロデイ検知は困難。 | ★★☆（2） | | パッチ管理／ソフト更新 | ブラウザ・OSはMDMで強制更新。48時間以内に重大パッチ適用（β’モデル準拠）。 | ★★★（3） | | アクセス制御（ZTNA） | 管理端末以外からのアクセスは不可。職員ID＋MFA必須。ただし端末感染時のセッション乗っ取りは残る。 | ★★☆（2） | | ログ監視・SOC連携 | SOC監視下にあり、端末挙動ログをSIEMで分析。ただし初期感染段階での即時検知は限定的。 | ★★☆（2） |→ 総合評価：2.4 → 切り上げて レベル3 | J27: =SPRV_Source_For_Formulas!D103 -> T1021.007 | K27: 初期侵入済みの攻撃者がCloud CLI/API経由でUpdate Serverに対し設定変更・悪性操作を行う。クラウドAPIのリモート操作悪用型の横展開攻撃。 | L27: 3 | M27: 1 | N27: =IF(SPRV_Source_For_Formulas!G103<=0.2,3,IF(SPRV_Source_For_Formulas!G103<=0.5,2,1)) -> 3 | O27: =4-N27 -> 1 | P27: =IF(AND(L27=3,M27*O27>=6),"A",IF(AND(L27=3,M27*O27>=3),"B",IF(AND(L27=3,M27*O27>=1),"C",""))) -> C | Q27: 評価項目 状況・施策内容例 評価 認証管理（MFA） APIキー発行にMFAが必須。CLI操作は基本的に制限されており、利用には承認が必要 ★★★（3） ログ取得と保管 CloudTrail相当でAPI操作は全て記録。保管期間6ヶ月（推奨1年には未達） ★★☆（2） IAM権限制御 Update Serverは固定権限ロールを使用、外部からのCLI操作は組織内VPNからのみ許可 ★★★（3） SIEMおよびアラート API経由でUpdate Serverが操作された場合はアラート設定あり。ただしアラートルールは手動更新 ★★☆（2） インフラ構成管理 IaC運用は一部実施（Terraform/Azure ARM）、まだ一部手動設定が残る ★★☆（2） → 総合評価：2.4 → 切り上げて ★★★（3） | R27: =SPRV_Source_For_Formulas!D104 -> T1059.009 | S27: クラウドAPIを使ってスクリプトを遠隔実行し設定変更やマルウェア展開。 | T27: 3 | U27: 1 | V27: =IF(SPRV_Source_For_Formulas!G104<=0.2,3,IF(SPRV_Source_For_Formulas!G104<=0.5,2,1)) -> 3 | W27: =4-V27 -> 1 | X27: =IF(AND(T27=3,U27*W27>=6),"A",IF(AND(T27=3,U27*W27>=3),"B",IF(AND(T27=3,U27*W27>=1),"C",""))) -> C | Y27: | 観点 | 内容 | | ------------ | ----------------------------------------------------------------------- | | ? IAM制御 | IAM最小権限ポリシー、ロールベースアクセス制御（RBAC）の適用が前提となっており、基本的な対策は講じられていると考えられる | | ? API監視 | CloudTrail（AWS）やAudit Log（GCP）等による**API呼び出しログの記録と分析**も想定されている | | ? 不安要素 | クラウドAPIは「正規操作」として処理されやすいため、不正利用が**異常検知で気付きにくい**<br>⇒ 監視設定が甘いと侵害が長期化しやすい | | ? 利用頻度 | 管理者も通常業務でAPIを使うため、攻撃と区別が困難（例：異常な時間帯やIPでの利用を監視できるかどうかが鍵） | | ? 自治体側の技術成熟度 | クラウドセキュリティに不慣れな自治体ではAPI監査設定が**未設定または過剰権限のまま**であるケースが懸念される |リスクをさらに下げる効果的な対策は、| 項目 | 推奨構成（ベンダ中立） | | ----- | --------------------------------------------- | | ログ取得 | CloudTrail / Audit Logs + 長期保管 | | 検知・分析 | GuardDuty / SCC / Defender for Cloud + SIEM連携 | | 統制 | IAM最小権限 + 条件付きアクセス + 定期レビューワークフロー | | ツール連携 | EDRやPAM、SIEMとCNAppと連携して**誤用や内部不正**にも対応 | | Z27: =SPRV_Source_For_Formulas!D105 -> T1496.001 | AA27: 計算リソースを秘匿的に不正利用（Compute Hijacking）。 | AB27: 3 | AC27: 1 | AD27: =IF(SPRV_Source_For_Formulas!G105<=0.2,3,IF(SPRV_Source_For_Formulas!G105<=0.5,2,1)) -> 2 | AE27: =4-AD27 -> 2 | AF27: =IF(AND(AB27=3,AC27*AE27>=6),"A",IF(AND(AB27=3,AC27*AE27>=3),"B",IF(AND(AB27=3,AC27*AE27>=1),"C",""))) -> C | AG27: モニタリング＋しきい値制限（Azure Monitor等）で抑止可能。 | AP27: =MAX(D27,L27,T27,AB27) -> 3 | AQ27: 1 | AR27: =4-AS27 -> 1 | AS27: =MAX(F27,N27,V27,AD27) -> 3 | AT27: =IF(AND(AP27=3,AQ27*AR27>=6),"A",IF(AND(AP27=3,AQ27*AR27>=3),"B",IF(AND(AP27=3,AQ27*AR27>=1),"C",""))) -> C | AU27: ="Scenario-level Threat=1; Step1="&H27&" Step2="&P27&" Step3="&X27&" Step4="&AF27&" ; Overall Threat fixed=1, Max Mitigation="&AS27&" => Overall="&AT27 -> Scenario-level Threat=1; Step1=C Step2=C Step3=C Step4=C ; Overall Threat fixed=1, Max Mitigation=3 => Overall=C
A28: =SPRV_Source_For_Formulas!D106 -> T1189 | B28: 攻撃手法の具体化 運用管理者が、日常的に利用する 業務関連Webポータル／ガバメントクラウド管理サイト にアクセス。 攻撃者がWebサイトを改ざんし、マルウェアを仕込んでいる。 管理者が 閲覧またはファイルをダウンロードするだけで自動的にマルウェア感染。 結果として： 管理者端末を初期感染させ、GovCloud管理コンソールへの認証情報（セッションCookie、MFAトークン等）を窃取 その後の クラウドリソース操作権限の奪取 に直結。 | D28: 3 | E28: 1 | F28: =IF(SPRV_Source_For_Formulas!G106<=0.2,3,IF(SPRV_Source_For_Formulas!G106<=0.5,2,1)) -> 3 | G28: =4-F28 -> 1 | H28: =IF(AND(D28=3,E28*G28>=6),"A",IF(AND(D28=3,E28*G28>=3),"B",IF(AND(D28=3,E28*G28>=1),"C",""))) -> C | I28: | 評価観点 | 状況・施策内容 | 評価 | | ----------------- | -------------------------------------------------- | ------ | | エンドポイント防御（EDR/AV） | EDR導入済み、シグネチャ更新自動化。未知マルウェアにはふるまい検知依存。 | ★★★（3） | | Webフィルタリング／改ざん検知 | SWG導入済。不審サイト遮断可能。ただし正規業務ポータル改ざんのゼロデイ検知は困難。 | ★★☆（2） | | パッチ管理／ソフト更新 | ブラウザ・OSはMDMで強制更新。48時間以内に重大パッチ適用（β’モデル準拠）。 | ★★★（3） | | アクセス制御（ZTNA） | 管理端末以外からのアクセスは不可。職員ID＋MFA必須。ただし端末感染時のセッション乗っ取りは残る。 | ★★☆（2） | | ログ監視・SOC連携 | SOC監視下にあり、端末挙動ログをSIEMで分析。ただし初期感染段階での即時検知は限定的。 | ★★☆（2） |→ 総合評価：2.4 → 切り上げて レベル3 | J28: =SPRV_Source_For_Formulas!D107 -> T1021.007 | K28: 初期侵入済みの攻撃者がCloud CLI/API経由でUpdate Serverに対し設定変更・悪性操作を行う。クラウドAPIのリモート操作悪用型の横展開攻撃。 | L28: 3 | M28: 1 | N28: =IF(SPRV_Source_For_Formulas!G107<=0.2,3,IF(SPRV_Source_For_Formulas!G107<=0.5,2,1)) -> 3 | O28: =4-N28 -> 1 | P28: =IF(AND(L28=3,M28*O28>=6),"A",IF(AND(L28=3,M28*O28>=3),"B",IF(AND(L28=3,M28*O28>=1),"C",""))) -> C | Q28: 評価項目 状況・施策内容例 評価 認証管理（MFA） APIキー発行にMFAが必須。CLI操作は基本的に制限されており、利用には承認が必要 ★★★（3） ログ取得と保管 CloudTrail相当でAPI操作は全て記録。保管期間6ヶ月（推奨1年には未達） ★★☆（2） IAM権限制御 Update Serverは固定権限ロールを使用、外部からのCLI操作は組織内VPNからのみ許可 ★★★（3） SIEMおよびアラート API経由でUpdate Serverが操作された場合はアラート設定あり。ただしアラートルールは手動更新 ★★☆（2） インフラ構成管理 IaC運用は一部実施（Terraform/Azure ARM）、まだ一部手動設定が残る ★★☆（2） → 総合評価：2.4 → 切り上げて ★★★（3） | R28: =SPRV_Source_For_Formulas!D108 -> T1059.009 | S28: クラウドAPIを使ってスクリプトを遠隔実行し設定変更やマルウェア展開。 | T28: 3 | U28: 1 | V28: =IF(SPRV_Source_For_Formulas!G108<=0.2,3,IF(SPRV_Source_For_Formulas!G108<=0.5,2,1)) -> 3 | W28: =4-V28 -> 1 | X28: =IF(AND(T28=3,U28*W28>=6),"A",IF(AND(T28=3,U28*W28>=3),"B",IF(AND(T28=3,U28*W28>=1),"C",""))) -> C | Y28: | 観点 | 内容 | | ------------ | ----------------------------------------------------------------------- | | ? IAM制御 | IAM最小権限ポリシー、ロールベースアクセス制御（RBAC）の適用が前提となっており、基本的な対策は講じられていると考えられる | | ? API監視 | CloudTrail（AWS）やAudit Log（GCP）等による**API呼び出しログの記録と分析**も想定されている | | ? 不安要素 | クラウドAPIは「正規操作」として処理されやすいため、不正利用が**異常検知で気付きにくい**<br>⇒ 監視設定が甘いと侵害が長期化しやすい | | ? 利用頻度 | 管理者も通常業務でAPIを使うため、攻撃と区別が困難（例：異常な時間帯やIPでの利用を監視できるかどうかが鍵） | | ? 自治体側の技術成熟度 | クラウドセキュリティに不慣れな自治体ではAPI監査設定が**未設定または過剰権限のまま**であるケースが懸念される |リスクをさらに下げる効果的な対策は、| 項目 | 推奨構成（ベンダ中立） | | ----- | --------------------------------------------- | | ログ取得 | CloudTrail / Audit Logs + 長期保管 | | 検知・分析 | GuardDuty / SCC / Defender for Cloud + SIEM連携 | | 統制 | IAM最小権限 + 条件付きアクセス + 定期レビューワークフロー | | ツール連携 | EDRやPAM、SIEMとCNAppと連携して**誤用や内部不正**にも対応 | | Z28: =SPRV_Source_For_Formulas!D109 -> T1496.004 | AA28: クラウドAPI経由で Proxy Server on GovCloud に対して以下を実施： EC2/EBSなどのストレージを暗号化（KMSキーを使って再暗号化またはKMSキーを削除） OSレベルでスクリプトを投入し、ボリュームをBitLockerやLinuxのLUKS等で暗号化 システムログやスナップショットの削除による復旧妨害 IAMの一時的制御権を用いた“復旧阻止”工作 ガバメントクラウド内で復旧オプションが封じられた状態にされることで、実質的なデータロックアウトが生じる。 | AB28: 3 | AC28: 1 | AD28: =IF(SPRV_Source_For_Formulas!G109<=0.2,3,IF(SPRV_Source_For_Formulas!G109<=0.5,2,1)) -> 2 | AE28: =4-AD28 -> 2 | AF28: =IF(AND(AB28=3,AC28*AE28>=6),"A",IF(AND(AB28=3,AC28*AE28>=3),"B",IF(AND(AB28=3,AC28*AE28>=1),"C",""))) -> C | AG28: | 評価観点 | 評価内容 | 評価 | | ------------- | ---------------------------------------------------- | ------ | | データ暗号化制御 | KMSのアクセス制御やEBS暗号化ポリシーは一部導入。ただしProxy Server単体の制御は未記載。 | ★★☆（2） | | ログ・スナップショット保全 | CloudTrailログ保全は一部設定あり。スナップショット削除阻止や整合性保全策は記載なし。 | ★★☆（2） | | API実行制御 | Step3でAPI攻撃が成立済のため、IAM/API制御に抜けあり。SSPM未導入。 | ★☆☆（1） |→ 総合評価：1.7 → 切り捨てて「レベル1」 | AP28: =MAX(D28,L28,T28,AB28) -> 3 | AQ28: 1 | AR28: =4-AS28 -> 1 | AS28: =MAX(F28,N28,V28,AD28) -> 3 | AT28: =IF(AND(AP28=3,AQ28*AR28>=6),"A",IF(AND(AP28=3,AQ28*AR28>=3),"B",IF(AND(AP28=3,AQ28*AR28>=1),"C",""))) -> C | AU28: ="Scenario-level Threat=1; Step1="&H28&" Step2="&P28&" Step3="&X28&" Step4="&AF28&" ; Overall Threat fixed=1, Max Mitigation="&AS28&" => Overall="&AT28 -> Scenario-level Threat=1; Step1=C Step2=C Step3=C Step4=C ; Overall Threat fixed=1, Max Mitigation=3 => Overall=C
A29: =SPRV_Source_For_Formulas!D110 -> T1189 | B29: 攻撃手法の具体化 運用管理者が、日常的に利用する 業務関連Webポータル／ガバメントクラウド管理サイト にアクセス。 攻撃者がWebサイトを改ざんし、マルウェアを仕込んでいる。 管理者が 閲覧またはファイルをダウンロードするだけで自動的にマルウェア感染。 結果として： 管理者端末を初期感染させ、GovCloud管理コンソールへの認証情報（セッションCookie、MFAトークン等）を窃取 その後の クラウドリソース操作権限の奪取 に直結。 | D29: 3 | E29: 1 | F29: =IF(SPRV_Source_For_Formulas!G110<=0.2,3,IF(SPRV_Source_For_Formulas!G110<=0.5,2,1)) -> 3 | G29: =4-F29 -> 1 | H29: =IF(AND(D29=3,E29*G29>=6),"A",IF(AND(D29=3,E29*G29>=3),"B",IF(AND(D29=3,E29*G29>=1),"C",""))) -> C | I29: | 評価観点 | 状況・施策内容 | 評価 | | ----------------- | -------------------------------------------------- | ------ | | エンドポイント防御（EDR/AV） | EDR導入済み、シグネチャ更新自動化。未知マルウェアにはふるまい検知依存。 | ★★★（3） | | Webフィルタリング／改ざん検知 | SWG導入済。不審サイト遮断可能。ただし正規業務ポータル改ざんのゼロデイ検知は困難。 | ★★☆（2） | | パッチ管理／ソフト更新 | ブラウザ・OSはMDMで強制更新。48時間以内に重大パッチ適用（β’モデル準拠）。 | ★★★（3） | | アクセス制御（ZTNA） | 管理端末以外からのアクセスは不可。職員ID＋MFA必須。ただし端末感染時のセッション乗っ取りは残る。 | ★★☆（2） | | ログ監視・SOC連携 | SOC監視下にあり、端末挙動ログをSIEMで分析。ただし初期感染段階での即時検知は限定的。 | ★★☆（2） |→ 総合評価：2.4 → 切り上げて レベル3 | J29: =SPRV_Source_For_Formulas!D111 -> T1021.007 | K29: 初期侵入済みの攻撃者がCloud CLI/API経由でUpdate Serverに対し設定変更・悪性操作を行う。クラウドAPIのリモート操作悪用型の横展開攻撃。 | L29: 3 | M29: 1 | N29: =IF(SPRV_Source_For_Formulas!G111<=0.2,3,IF(SPRV_Source_For_Formulas!G111<=0.5,2,1)) -> 3 | O29: =4-N29 -> 1 | P29: =IF(AND(L29=3,M29*O29>=6),"A",IF(AND(L29=3,M29*O29>=3),"B",IF(AND(L29=3,M29*O29>=1),"C",""))) -> C | Q29: 評価項目 状況・施策内容例 評価 認証管理（MFA） APIキー発行にMFAが必須。CLI操作は基本的に制限されており、利用には承認が必要 ★★★（3） ログ取得と保管 CloudTrail相当でAPI操作は全て記録。保管期間6ヶ月（推奨1年には未達） ★★☆（2） IAM権限制御 Update Serverは固定権限ロールを使用、外部からのCLI操作は組織内VPNからのみ許可 ★★★（3） SIEMおよびアラート API経由でUpdate Serverが操作された場合はアラート設定あり。ただしアラートルールは手動更新 ★★☆（2） インフラ構成管理 IaC運用は一部実施（Terraform/Azure ARM）、まだ一部手動設定が残る ★★☆（2） → 総合評価：2.4 → 切り上げて ★★★（3） | R29: =SPRV_Source_For_Formulas!D112 -> T1059.009 | S29: クラウドAPIを使ってスクリプトを遠隔実行し設定変更やマルウェア展開。 | T29: 3 | U29: 1 | V29: =IF(SPRV_Source_For_Formulas!G112<=0.2,3,IF(SPRV_Source_For_Formulas!G112<=0.5,2,1)) -> 3 | W29: =4-V29 -> 1 | X29: =IF(AND(T29=3,U29*W29>=6),"A",IF(AND(T29=3,U29*W29>=3),"B",IF(AND(T29=3,U29*W29>=1),"C",""))) -> C | Y29: | 観点 | 内容 | | ------------ | ----------------------------------------------------------------------- | | ? IAM制御 | IAM最小権限ポリシー、ロールベースアクセス制御（RBAC）の適用が前提となっており、基本的な対策は講じられていると考えられる | | ? API監視 | CloudTrail（AWS）やAudit Log（GCP）等による**API呼び出しログの記録と分析**も想定されている | | ? 不安要素 | クラウドAPIは「正規操作」として処理されやすいため、不正利用が**異常検知で気付きにくい**<br>⇒ 監視設定が甘いと侵害が長期化しやすい | | ? 利用頻度 | 管理者も通常業務でAPIを使うため、攻撃と区別が困難（例：異常な時間帯やIPでの利用を監視できるかどうかが鍵） | | ? 自治体側の技術成熟度 | クラウドセキュリティに不慣れな自治体ではAPI監査設定が**未設定または過剰権限のまま**であるケースが懸念される |リスクをさらに下げる効果的な対策は、| 項目 | 推奨構成（ベンダ中立） | | ----- | --------------------------------------------- | | ログ取得 | CloudTrail / Audit Logs + 長期保管 | | 検知・分析 | GuardDuty / SCC / Defender for Cloud + SIEM連携 | | 統制 | IAM最小権限 + 条件付きアクセス + 定期レビューワークフロー | | ツール連携 | EDRやPAM、SIEMとCNAppと連携して**誤用や内部不正**にも対応 | | Z29: =SPRV_Source_For_Formulas!D113 -> T1496.002 | AA29: 侵入済みのクラウド環境において、プロキシサーバの帯域を意図的に消費（例：大量データ送信、仮想マイニングノードの設置など）することで、ガバメントクラウドやVPN経路の通信品質を劣化させ、他の通信遅延・業務妨害を引き起こすDoS型の資源枯渇攻撃に該当。システム停止を伴わずに“リソース占有”による間接的な被害を狙う | AB29: 3 | AC29: 1 | AD29: =IF(SPRV_Source_For_Formulas!G113<=0.2,3,IF(SPRV_Source_For_Formulas!G113<=0.5,2,1)) -> 2 | AE29: =4-AD29 -> 2 | AF29: =IF(AND(AB29=3,AC29*AE29>=6),"A",IF(AND(AB29=3,AC29*AE29>=3),"B",IF(AND(AB29=3,AC29*AE29>=1),"C",""))) -> C | AG29: | 評価カテゴリ | 対策内容（遵守済と仮定） | 評価 | | ----------------- | -------------------------------------------------------- | ------ | | **プロキシ通信監視** | SWG・Proxyログは収集済、SIEM連携も実施。DNSや宛先IPでのトラフィック可視化が可能。 | ★★★（3） | | **異常帯域検出とアラート** | GuardDuty相当で異常通信のアラートはあるが、**帯域使用量ベースのしきい値監視は未設定** | ★★☆（2） | | **アウトバウンド制御** | Egress制御ポリシーあり（国別やFQDN制限）。ただし動的アノマリー検知は未導入。 | ★★☆（2） | | **構成ミス・ルーティング検知** | CSPMは導入済。SWGの過剰許可設定については検出対象。 | ★★★（3） | | **サービス間通信制限** | VPCピアリングやプロキシ経路の制限は設計上存在。ただし、**運用上の例外が散見される**（一部緩いルールあり） | ★★☆（2） |総合評価（レベル判定） 評価平均：約 2.4 → 切り上げ処理により レベル：★★★（3） | AP29: =MAX(D29,L29,T29,AB29) -> 3 | AQ29: 1 | AR29: =4-AS29 -> 1 | AS29: =MAX(F29,N29,V29,AD29) -> 3 | AT29: =IF(AND(AP29=3,AQ29*AR29>=6),"A",IF(AND(AP29=3,AQ29*AR29>=3),"B",IF(AND(AP29=3,AQ29*AR29>=1),"C",""))) -> C | AU29: ="Scenario-level Threat=1; Step1="&H29&" Step2="&P29&" Step3="&X29&" Step4="&AF29&" ; Overall Threat fixed=1, Max Mitigation="&AS29&" => Overall="&AT29 -> Scenario-level Threat=1; Step1=C Step2=C Step3=C Step4=C ; Overall Threat fixed=1, Max Mitigation=3 => Overall=C
A30: =SPRV_Source_For_Formulas!D114 -> T1189 | B30: 攻撃手法の具体化 運用管理者が、日常的に利用する 業務関連Webポータル／ガバメントクラウド管理サイト にアクセス。 攻撃者がWebサイトを改ざんし、マルウェアを仕込んでいる。 管理者が 閲覧またはファイルをダウンロードするだけで自動的にマルウェア感染。 結果として： 管理者端末を初期感染させ、GovCloud管理コンソールへの認証情報（セッションCookie、MFAトークン等）を窃取 その後の クラウドリソース操作権限の奪取 に直結。 | D30: 3 | E30: 1 | F30: =IF(SPRV_Source_For_Formulas!G114<=0.2,3,IF(SPRV_Source_For_Formulas!G114<=0.5,2,1)) -> 3 | G30: =4-F30 -> 1 | H30: =IF(AND(D30=3,E30*G30>=6),"A",IF(AND(D30=3,E30*G30>=3),"B",IF(AND(D30=3,E30*G30>=1),"C",""))) -> C | I30: | 評価観点 | 状況・施策内容 | 評価 | | ----------------- | -------------------------------------------------- | ------ | | エンドポイント防御（EDR/AV） | EDR導入済み、シグネチャ更新自動化。未知マルウェアにはふるまい検知依存。 | ★★★（3） | | Webフィルタリング／改ざん検知 | SWG導入済。不審サイト遮断可能。ただし正規業務ポータル改ざんのゼロデイ検知は困難。 | ★★☆（2） | | パッチ管理／ソフト更新 | ブラウザ・OSはMDMで強制更新。48時間以内に重大パッチ適用（β’モデル準拠）。 | ★★★（3） | | アクセス制御（ZTNA） | 管理端末以外からのアクセスは不可。職員ID＋MFA必須。ただし端末感染時のセッション乗っ取りは残る。 | ★★☆（2） | | ログ監視・SOC連携 | SOC監視下にあり、端末挙動ログをSIEMで分析。ただし初期感染段階での即時検知は限定的。 | ★★☆（2） |→ 総合評価：2.4 → 切り上げて レベル3 | J30: =SPRV_Source_For_Formulas!D115 -> T1021.007 | K30: 初期侵入済みの攻撃者がCloud CLI/API経由でUpdate Serverに対し設定変更・悪性操作を行う。クラウドAPIのリモート操作悪用型の横展開攻撃。 | L30: 3 | M30: 1 | N30: =IF(SPRV_Source_For_Formulas!G115<=0.2,3,IF(SPRV_Source_For_Formulas!G115<=0.5,2,1)) -> 3 | O30: =4-N30 -> 1 | P30: =IF(AND(L30=3,M30*O30>=6),"A",IF(AND(L30=3,M30*O30>=3),"B",IF(AND(L30=3,M30*O30>=1),"C",""))) -> C | Q30: 評価項目 状況・施策内容例 評価 認証管理（MFA） APIキー発行にMFAが必須。CLI操作は基本的に制限されており、利用には承認が必要 ★★★（3） ログ取得と保管 CloudTrail相当でAPI操作は全て記録。保管期間6ヶ月（推奨1年には未達） ★★☆（2） IAM権限制御 Update Serverは固定権限ロールを使用、外部からのCLI操作は組織内VPNからのみ許可 ★★★（3） SIEMおよびアラート API経由でUpdate Serverが操作された場合はアラート設定あり。ただしアラートルールは手動更新 ★★☆（2） インフラ構成管理 IaC運用は一部実施（Terraform/Azure ARM）、まだ一部手動設定が残る ★★☆（2） → 総合評価：2.4 → 切り上げて ★★★（3） | R30: =SPRV_Source_For_Formulas!D116 -> T1484.002 | S30: GPOなどを再度改変し、持続的侵入を確保。 | T30: 3 | U30: 1 | V30: =IF(SPRV_Source_For_Formulas!G116<=0.2,3,IF(SPRV_Source_For_Formulas!G116<=0.5,2,1)) -> 3 | W30: =4-V30 -> 1 | X30: =IF(AND(T30=3,U30*W30>=6),"A",IF(AND(T30=3,U30*W30>=3),"B",IF(AND(T30=3,U30*W30>=1),"C",""))) -> C | Y30: | 対策カテゴリ | 記載内容 | 評価 | | ------------------- | -------------------------------- | -------------- | | **IAM権限制御の厳格化** | 「特権ロールは必要最小限に限定」「特定職員のみ管理可能」 | 実施済 | | **クラウド設定の変更履歴の監査** | 「CloudTrail等を用いた変更記録」「月次で変更レビュー」 | 実施（GovCloud要件） | | **SaaS側のロール分離** | 「システム管理者とデータ閲覧者の分離」 | 一部SaaSで未対応 | | **クラウド構成管理**（CSPM等） | 「自動でポリシー逸脱を検知・可視化」 | 一部導入（推奨構成ベース） | | **異常挙動検知（UEBA）** | 「IAM操作ログの異常行動監視」 | 導入未確実（明記なし） | さらなる効果的な対策は、UEBA（ユーザー行動分析）やCNAPPの導入強化により、意図しないポリシー変更の「兆候検知」が可能 **SaaS基盤側のIAM制御精度向上（管理者ロールの細分化）**は今後の課題 **構成管理の自動逸脱修正（Auto Remediation）**の仕組み導入が望まれる | Z30: =SPRV_Source_For_Formulas!D117 -> T1486 | AA30: クラウドリソース（仮想マシン等）を乗っ取り、暗号資産マイニング/DDoS中継に悪用。 | AB30: 3 | AC30: 1 | AD30: =IF(SPRV_Source_For_Formulas!G117<=0.2,3,IF(SPRV_Source_For_Formulas!G117<=0.5,2,1)) -> 3 | AE30: =4-AD30 -> 1 | AF30: =IF(AND(AB30=3,AC30*AE30>=6),"A",IF(AND(AB30=3,AC30*AE30>=3),"B",IF(AND(AB30=3,AC30*AE30>=1),"C",""))) -> C | AG30: CSPMによるリソース使用率監視、アラート設定が有効（β’3.4.3相当）。 | AP30: =MAX(D30,L30,T30,AB30) -> 3 | AQ30: 1 | AR30: =4-AS30 -> 1 | AS30: =MAX(F30,N30,V30,AD30) -> 3 | AT30: =IF(AND(AP30=3,AQ30*AR30>=6),"A",IF(AND(AP30=3,AQ30*AR30>=3),"B",IF(AND(AP30=3,AQ30*AR30>=1),"C",""))) -> C | AU30: ="Scenario-level Threat=1; Step1="&H30&" Step2="&P30&" Step3="&X30&" Step4="&AF30&" ; Overall Threat fixed=1, Max Mitigation="&AS30&" => Overall="&AT30 -> Scenario-level Threat=1; Step1=C Step2=C Step3=C Step4=C ; Overall Threat fixed=1, Max Mitigation=3 => Overall=C
A31: =SPRV_Source_For_Formulas!D118 -> T1189 | B31: 攻撃手法の具体化 運用管理者が、日常的に利用する 業務関連Webポータル／ガバメントクラウド管理サイト にアクセス。 攻撃者がWebサイトを改ざんし、マルウェアを仕込んでいる。 管理者が 閲覧またはファイルをダウンロードするだけで自動的にマルウェア感染。 結果として： 管理者端末を初期感染させ、GovCloud管理コンソールへの認証情報（セッションCookie、MFAトークン等）を窃取 その後の クラウドリソース操作権限の奪取 に直結。 | D31: 3 | E31: 1 | F31: =IF(SPRV_Source_For_Formulas!G118<=0.2,3,IF(SPRV_Source_For_Formulas!G118<=0.5,2,1)) -> 3 | G31: =4-F31 -> 1 | H31: =IF(AND(D31=3,E31*G31>=6),"A",IF(AND(D31=3,E31*G31>=3),"B",IF(AND(D31=3,E31*G31>=1),"C",""))) -> C | I31: | 評価観点 | 状況・施策内容 | 評価 | | ----------------- | -------------------------------------------------- | ------ | | エンドポイント防御（EDR/AV） | EDR導入済み、シグネチャ更新自動化。未知マルウェアにはふるまい検知依存。 | ★★★（3） | | Webフィルタリング／改ざん検知 | SWG導入済。不審サイト遮断可能。ただし正規業務ポータル改ざんのゼロデイ検知は困難。 | ★★☆（2） | | パッチ管理／ソフト更新 | ブラウザ・OSはMDMで強制更新。48時間以内に重大パッチ適用（β’モデル準拠）。 | ★★★（3） | | アクセス制御（ZTNA） | 管理端末以外からのアクセスは不可。職員ID＋MFA必須。ただし端末感染時のセッション乗っ取りは残る。 | ★★☆（2） | | ログ監視・SOC連携 | SOC監視下にあり、端末挙動ログをSIEMで分析。ただし初期感染段階での即時検知は限定的。 | ★★☆（2） |→ 総合評価：2.4 → 切り上げて レベル3 | J31: =SPRV_Source_For_Formulas!D119 -> T1021.007 | K31: 初期侵入済みの攻撃者がCloud CLI/API経由でUpdate Serverに対し設定変更・悪性操作を行う。クラウドAPIのリモート操作悪用型の横展開攻撃。 | L31: 3 | M31: 1 | N31: =IF(SPRV_Source_For_Formulas!G119<=0.2,3,IF(SPRV_Source_For_Formulas!G119<=0.5,2,1)) -> 3 | O31: =4-N31 -> 1 | P31: =IF(AND(L31=3,M31*O31>=6),"A",IF(AND(L31=3,M31*O31>=3),"B",IF(AND(L31=3,M31*O31>=1),"C",""))) -> C | Q31: 評価項目 状況・施策内容例 評価 認証管理（MFA） APIキー発行にMFAが必須。CLI操作は基本的に制限されており、利用には承認が必要 ★★★（3） ログ取得と保管 CloudTrail相当でAPI操作は全て記録。保管期間6ヶ月（推奨1年には未達） ★★☆（2） IAM権限制御 Update Serverは固定権限ロールを使用、外部からのCLI操作は組織内VPNからのみ許可 ★★★（3） SIEMおよびアラート API経由でUpdate Serverが操作された場合はアラート設定あり。ただしアラートルールは手動更新 ★★☆（2） インフラ構成管理 IaC運用は一部実施（Terraform/Azure ARM）、まだ一部手動設定が残る ★★☆（2） → 総合評価：2.4 → 切り上げて ★★★（3） | R31: =SPRV_Source_For_Formulas!D120 -> T1484.002 | S31: GPOなどを再度改変し、持続的侵入を確保。 | T31: 3 | U31: 1 | V31: =IF(SPRV_Source_For_Formulas!G120<=0.2,3,IF(SPRV_Source_For_Formulas!G120<=0.5,2,1)) -> 3 | W31: =4-V31 -> 1 | X31: =IF(AND(T31=3,U31*W31>=6),"A",IF(AND(T31=3,U31*W31>=3),"B",IF(AND(T31=3,U31*W31>=1),"C",""))) -> C | Y31: | 対策カテゴリ | 記載内容 | 評価 | | ------------------- | -------------------------------- | -------------- | | **IAM権限制御の厳格化** | 「特権ロールは必要最小限に限定」「特定職員のみ管理可能」 | 実施済 | | **クラウド設定の変更履歴の監査** | 「CloudTrail等を用いた変更記録」「月次で変更レビュー」 | 実施（GovCloud要件） | | **SaaS側のロール分離** | 「システム管理者とデータ閲覧者の分離」 | 一部SaaSで未対応 | | **クラウド構成管理**（CSPM等） | 「自動でポリシー逸脱を検知・可視化」 | 一部導入（推奨構成ベース） | | **異常挙動検知（UEBA）** | 「IAM操作ログの異常行動監視」 | 導入未確実（明記なし） | さらなる効果的な対策は、UEBA（ユーザー行動分析）やCNAPPの導入強化により、意図しないポリシー変更の「兆候検知」が可能 **SaaS基盤側のIAM制御精度向上（管理者ロールの細分化）**は今後の課題 **構成管理の自動逸脱修正（Auto Remediation）**の仕組み導入が望まれる | Z31: =SPRV_Source_For_Formulas!D121 -> T1496.001 | AA31: 計算リソースを秘匿的に不正利用（Compute Hijacking）。 | AB31: 3 | AC31: 1 | AD31: =IF(SPRV_Source_For_Formulas!G121<=0.2,3,IF(SPRV_Source_For_Formulas!G121<=0.5,2,1)) -> 2 | AE31: =4-AD31 -> 2 | AF31: =IF(AND(AB31=3,AC31*AE31>=6),"A",IF(AND(AB31=3,AC31*AE31>=3),"B",IF(AND(AB31=3,AC31*AE31>=1),"C",""))) -> C | AG31: モニタリング＋しきい値制限（Azure Monitor等）で抑止可能。 | AP31: =MAX(D31,L31,T31,AB31) -> 3 | AQ31: 1 | AR31: =4-AS31 -> 1 | AS31: =MAX(F31,N31,V31,AD31) -> 3 | AT31: =IF(AND(AP31=3,AQ31*AR31>=6),"A",IF(AND(AP31=3,AQ31*AR31>=3),"B",IF(AND(AP31=3,AQ31*AR31>=1),"C",""))) -> C | AU31: ="Scenario-level Threat=1; Step1="&H31&" Step2="&P31&" Step3="&X31&" Step4="&AF31&" ; Overall Threat fixed=1, Max Mitigation="&AS31&" => Overall="&AT31 -> Scenario-level Threat=1; Step1=C Step2=C Step3=C Step4=C ; Overall Threat fixed=1, Max Mitigation=3 => Overall=C
A32: =SPRV_Source_For_Formulas!D122 -> T1189 | B32: 攻撃手法の具体化 運用管理者が、日常的に利用する 業務関連Webポータル／ガバメントクラウド管理サイト にアクセス。 攻撃者がWebサイトを改ざんし、マルウェアを仕込んでいる。 管理者が 閲覧またはファイルをダウンロードするだけで自動的にマルウェア感染。 結果として： 管理者端末を初期感染させ、GovCloud管理コンソールへの認証情報（セッションCookie、MFAトークン等）を窃取 その後の クラウドリソース操作権限の奪取 に直結。 | D32: 3 | E32: 1 | F32: =IF(SPRV_Source_For_Formulas!G122<=0.2,3,IF(SPRV_Source_For_Formulas!G122<=0.5,2,1)) -> 3 | G32: =4-F32 -> 1 | H32: =IF(AND(D32=3,E32*G32>=6),"A",IF(AND(D32=3,E32*G32>=3),"B",IF(AND(D32=3,E32*G32>=1),"C",""))) -> C | I32: | 評価観点 | 状況・施策内容 | 評価 | | ----------------- | -------------------------------------------------- | ------ | | エンドポイント防御（EDR/AV） | EDR導入済み、シグネチャ更新自動化。未知マルウェアにはふるまい検知依存。 | ★★★（3） | | Webフィルタリング／改ざん検知 | SWG導入済。不審サイト遮断可能。ただし正規業務ポータル改ざんのゼロデイ検知は困難。 | ★★☆（2） | | パッチ管理／ソフト更新 | ブラウザ・OSはMDMで強制更新。48時間以内に重大パッチ適用（β’モデル準拠）。 | ★★★（3） | | アクセス制御（ZTNA） | 管理端末以外からのアクセスは不可。職員ID＋MFA必須。ただし端末感染時のセッション乗っ取りは残る。 | ★★☆（2） | | ログ監視・SOC連携 | SOC監視下にあり、端末挙動ログをSIEMで分析。ただし初期感染段階での即時検知は限定的。 | ★★☆（2） |→ 総合評価：2.4 → 切り上げて レベル3 | J32: =SPRV_Source_For_Formulas!D123 -> T1021.007 | K32: 初期侵入済みの攻撃者がCloud CLI/API経由でUpdate Serverに対し設定変更・悪性操作を行う。クラウドAPIのリモート操作悪用型の横展開攻撃。 | L32: 3 | M32: 1 | N32: =IF(SPRV_Source_For_Formulas!G123<=0.2,3,IF(SPRV_Source_For_Formulas!G123<=0.5,2,1)) -> 3 | O32: =4-N32 -> 1 | P32: =IF(AND(L32=3,M32*O32>=6),"A",IF(AND(L32=3,M32*O32>=3),"B",IF(AND(L32=3,M32*O32>=1),"C",""))) -> C | Q32: 評価項目 状況・施策内容例 評価 認証管理（MFA） APIキー発行にMFAが必須。CLI操作は基本的に制限されており、利用には承認が必要 ★★★（3） ログ取得と保管 CloudTrail相当でAPI操作は全て記録。保管期間6ヶ月（推奨1年には未達） ★★☆（2） IAM権限制御 Update Serverは固定権限ロールを使用、外部からのCLI操作は組織内VPNからのみ許可 ★★★（3） SIEMおよびアラート API経由でUpdate Serverが操作された場合はアラート設定あり。ただしアラートルールは手動更新 ★★☆（2） インフラ構成管理 IaC運用は一部実施（Terraform/Azure ARM）、まだ一部手動設定が残る ★★☆（2） → 総合評価：2.4 → 切り上げて ★★★（3） | R32: =SPRV_Source_For_Formulas!D124 -> T1484.002 | S32: GPOなどを再度改変し、持続的侵入を確保。 | T32: 3 | U32: 1 | V32: =IF(SPRV_Source_For_Formulas!G124<=0.2,3,IF(SPRV_Source_For_Formulas!G124<=0.5,2,1)) -> 3 | W32: =4-V32 -> 1 | X32: =IF(AND(T32=3,U32*W32>=6),"A",IF(AND(T32=3,U32*W32>=3),"B",IF(AND(T32=3,U32*W32>=1),"C",""))) -> C | Y32: | 対策カテゴリ | 記載内容 | 評価 | | ------------------- | -------------------------------- | -------------- | | **IAM権限制御の厳格化** | 「特権ロールは必要最小限に限定」「特定職員のみ管理可能」 | 実施済 | | **クラウド設定の変更履歴の監査** | 「CloudTrail等を用いた変更記録」「月次で変更レビュー」 | 実施（GovCloud要件） | | **SaaS側のロール分離** | 「システム管理者とデータ閲覧者の分離」 | 一部SaaSで未対応 | | **クラウド構成管理**（CSPM等） | 「自動でポリシー逸脱を検知・可視化」 | 一部導入（推奨構成ベース） | | **異常挙動検知（UEBA）** | 「IAM操作ログの異常行動監視」 | 導入未確実（明記なし） | さらなる効果的な対策は、UEBA（ユーザー行動分析）やCNAPPの導入強化により、意図しないポリシー変更の「兆候検知」が可能 **SaaS基盤側のIAM制御精度向上（管理者ロールの細分化）**は今後の課題 **構成管理の自動逸脱修正（Auto Remediation）**の仕組み導入が望まれる | Z32: =SPRV_Source_For_Formulas!D125 -> T1496.004 | AA32: クラウドAPI経由で Proxy Server on GovCloud に対して以下を実施： EC2/EBSなどのストレージを暗号化（KMSキーを使って再暗号化またはKMSキーを削除） OSレベルでスクリプトを投入し、ボリュームをBitLockerやLinuxのLUKS等で暗号化 システムログやスナップショットの削除による復旧妨害 IAMの一時的制御権を用いた“復旧阻止”工作 ガバメントクラウド内で復旧オプションが封じられた状態にされることで、実質的なデータロックアウトが生じる。 | AB32: 3 | AC32: 1 | AD32: =IF(SPRV_Source_For_Formulas!G125<=0.2,3,IF(SPRV_Source_For_Formulas!G125<=0.5,2,1)) -> 2 | AE32: =4-AD32 -> 2 | AF32: =IF(AND(AB32=3,AC32*AE32>=6),"A",IF(AND(AB32=3,AC32*AE32>=3),"B",IF(AND(AB32=3,AC32*AE32>=1),"C",""))) -> C | AG32: | 評価観点 | 評価内容 | 評価 | | ------------- | ---------------------------------------------------- | ------ | | データ暗号化制御 | KMSのアクセス制御やEBS暗号化ポリシーは一部導入。ただしProxy Server単体の制御は未記載。 | ★★☆（2） | | ログ・スナップショット保全 | CloudTrailログ保全は一部設定あり。スナップショット削除阻止や整合性保全策は記載なし。 | ★★☆（2） | | API実行制御 | Step3でAPI攻撃が成立済のため、IAM/API制御に抜けあり。SSPM未導入。 | ★☆☆（1） |→ 総合評価：1.7 → 切り捨てて「レベル1」 | AP32: =MAX(D32,L32,T32,AB32) -> 3 | AQ32: 1 | AR32: =4-AS32 -> 1 | AS32: =MAX(F32,N32,V32,AD32) -> 3 | AT32: =IF(AND(AP32=3,AQ32*AR32>=6),"A",IF(AND(AP32=3,AQ32*AR32>=3),"B",IF(AND(AP32=3,AQ32*AR32>=1),"C",""))) -> C | AU32: ="Scenario-level Threat=1; Step1="&H32&" Step2="&P32&" Step3="&X32&" Step4="&AF32&" ; Overall Threat fixed=1, Max Mitigation="&AS32&" => Overall="&AT32 -> Scenario-level Threat=1; Step1=C Step2=C Step3=C Step4=C ; Overall Threat fixed=1, Max Mitigation=3 => Overall=C
A33: =SPRV_Source_For_Formulas!D126 -> T1189 | B33: 攻撃手法の具体化 運用管理者が、日常的に利用する 業務関連Webポータル／ガバメントクラウド管理サイト にアクセス。 攻撃者がWebサイトを改ざんし、マルウェアを仕込んでいる。 管理者が 閲覧またはファイルをダウンロードするだけで自動的にマルウェア感染。 結果として： 管理者端末を初期感染させ、GovCloud管理コンソールへの認証情報（セッションCookie、MFAトークン等）を窃取 その後の クラウドリソース操作権限の奪取 に直結。 | D33: 3 | E33: 1 | F33: =IF(SPRV_Source_For_Formulas!G126<=0.2,3,IF(SPRV_Source_For_Formulas!G126<=0.5,2,1)) -> 3 | G33: =4-F33 -> 1 | H33: =IF(AND(D33=3,E33*G33>=6),"A",IF(AND(D33=3,E33*G33>=3),"B",IF(AND(D33=3,E33*G33>=1),"C",""))) -> C | I33: | 評価観点 | 状況・施策内容 | 評価 | | ----------------- | -------------------------------------------------- | ------ | | エンドポイント防御（EDR/AV） | EDR導入済み、シグネチャ更新自動化。未知マルウェアにはふるまい検知依存。 | ★★★（3） | | Webフィルタリング／改ざん検知 | SWG導入済。不審サイト遮断可能。ただし正規業務ポータル改ざんのゼロデイ検知は困難。 | ★★☆（2） | | パッチ管理／ソフト更新 | ブラウザ・OSはMDMで強制更新。48時間以内に重大パッチ適用（β’モデル準拠）。 | ★★★（3） | | アクセス制御（ZTNA） | 管理端末以外からのアクセスは不可。職員ID＋MFA必須。ただし端末感染時のセッション乗っ取りは残る。 | ★★☆（2） | | ログ監視・SOC連携 | SOC監視下にあり、端末挙動ログをSIEMで分析。ただし初期感染段階での即時検知は限定的。 | ★★☆（2） |→ 総合評価：2.4 → 切り上げて レベル3 | J33: =SPRV_Source_For_Formulas!D127 -> T1021.007 | K33: 初期侵入済みの攻撃者がCloud CLI/API経由でUpdate Serverに対し設定変更・悪性操作を行う。クラウドAPIのリモート操作悪用型の横展開攻撃。 | L33: 3 | M33: 1 | N33: =IF(SPRV_Source_For_Formulas!G127<=0.2,3,IF(SPRV_Source_For_Formulas!G127<=0.5,2,1)) -> 3 | O33: =4-N33 -> 1 | P33: =IF(AND(L33=3,M33*O33>=6),"A",IF(AND(L33=3,M33*O33>=3),"B",IF(AND(L33=3,M33*O33>=1),"C",""))) -> C | Q33: 評価項目 状況・施策内容例 評価 認証管理（MFA） APIキー発行にMFAが必須。CLI操作は基本的に制限されており、利用には承認が必要 ★★★（3） ログ取得と保管 CloudTrail相当でAPI操作は全て記録。保管期間6ヶ月（推奨1年には未達） ★★☆（2） IAM権限制御 Update Serverは固定権限ロールを使用、外部からのCLI操作は組織内VPNからのみ許可 ★★★（3） SIEMおよびアラート API経由でUpdate Serverが操作された場合はアラート設定あり。ただしアラートルールは手動更新 ★★☆（2） インフラ構成管理 IaC運用は一部実施（Terraform/Azure ARM）、まだ一部手動設定が残る ★★☆（2） → 総合評価：2.4 → 切り上げて ★★★（3） | R33: =SPRV_Source_For_Formulas!D128 -> T1484.002 | S33: GPOなどを再度改変し、持続的侵入を確保。 | T33: 3 | U33: 1 | V33: =IF(SPRV_Source_For_Formulas!G128<=0.2,3,IF(SPRV_Source_For_Formulas!G128<=0.5,2,1)) -> 3 | W33: =4-V33 -> 1 | X33: =IF(AND(T33=3,U33*W33>=6),"A",IF(AND(T33=3,U33*W33>=3),"B",IF(AND(T33=3,U33*W33>=1),"C",""))) -> C | Y33: | 対策カテゴリ | 記載内容 | 評価 | | ------------------- | -------------------------------- | -------------- | | **IAM権限制御の厳格化** | 「特権ロールは必要最小限に限定」「特定職員のみ管理可能」 | 実施済 | | **クラウド設定の変更履歴の監査** | 「CloudTrail等を用いた変更記録」「月次で変更レビュー」 | 実施（GovCloud要件） | | **SaaS側のロール分離** | 「システム管理者とデータ閲覧者の分離」 | 一部SaaSで未対応 | | **クラウド構成管理**（CSPM等） | 「自動でポリシー逸脱を検知・可視化」 | 一部導入（推奨構成ベース） | | **異常挙動検知（UEBA）** | 「IAM操作ログの異常行動監視」 | 導入未確実（明記なし） | さらなる効果的な対策は、UEBA（ユーザー行動分析）やCNAPPの導入強化により、意図しないポリシー変更の「兆候検知」が可能 **SaaS基盤側のIAM制御精度向上（管理者ロールの細分化）**は今後の課題 **構成管理の自動逸脱修正（Auto Remediation）**の仕組み導入が望まれる | Z33: =SPRV_Source_For_Formulas!D129 -> T1496.002 | AA33: 侵入済みのクラウド環境において、プロキシサーバの帯域を意図的に消費（例：大量データ送信、仮想マイニングノードの設置など）することで、ガバメントクラウドやVPN経路の通信品質を劣化させ、他の通信遅延・業務妨害を引き起こすDoS型の資源枯渇攻撃に該当。システム停止を伴わずに“リソース占有”による間接的な被害を狙う | AB33: 3 | AC33: 1 | AD33: =IF(SPRV_Source_For_Formulas!G129<=0.2,3,IF(SPRV_Source_For_Formulas!G129<=0.5,2,1)) -> 2 | AE33: =4-AD33 -> 2 | AF33: =IF(AND(AB33=3,AC33*AE33>=6),"A",IF(AND(AB33=3,AC33*AE33>=3),"B",IF(AND(AB33=3,AC33*AE33>=1),"C",""))) -> C | AG33: | 評価カテゴリ | 対策内容（遵守済と仮定） | 評価 | | ----------------- | -------------------------------------------------------- | ------ | | **プロキシ通信監視** | SWG・Proxyログは収集済、SIEM連携も実施。DNSや宛先IPでのトラフィック可視化が可能。 | ★★★（3） | | **異常帯域検出とアラート** | GuardDuty相当で異常通信のアラートはあるが、**帯域使用量ベースのしきい値監視は未設定** | ★★☆（2） | | **アウトバウンド制御** | Egress制御ポリシーあり（国別やFQDN制限）。ただし動的アノマリー検知は未導入。 | ★★☆（2） | | **構成ミス・ルーティング検知** | CSPMは導入済。SWGの過剰許可設定については検出対象。 | ★★★（3） | | **サービス間通信制限** | VPCピアリングやプロキシ経路の制限は設計上存在。ただし、**運用上の例外が散見される**（一部緩いルールあり） | ★★☆（2） |総合評価（レベル判定） 評価平均：約 2.4 → 切り上げ処理により レベル：★★★（3） | AP33: =MAX(D33,L33,T33,AB33) -> 3 | AQ33: 1 | AR33: =4-AS33 -> 1 | AS33: =MAX(F33,N33,V33,AD33) -> 3 | AT33: =IF(AND(AP33=3,AQ33*AR33>=6),"A",IF(AND(AP33=3,AQ33*AR33>=3),"B",IF(AND(AP33=3,AQ33*AR33>=1),"C",""))) -> C | AU33: ="Scenario-level Threat=1; Step1="&H33&" Step2="&P33&" Step3="&X33&" Step4="&AF33&" ; Overall Threat fixed=1, Max Mitigation="&AS33&" => Overall="&AT33 -> Scenario-level Threat=1; Step1=C Step2=C Step3=C Step4=C ; Overall Threat fixed=1, Max Mitigation=3 => Overall=C
A34: =SPRV_Source_For_Formulas!D130 -> T1189 | B34: 攻撃手法の具体化 運用管理者が、日常的に利用する 業務関連Webポータル／ガバメントクラウド管理サイト にアクセス。 攻撃者がWebサイトを改ざんし、マルウェアを仕込んでいる。 管理者が 閲覧またはファイルをダウンロードするだけで自動的にマルウェア感染。 結果として： 管理者端末を初期感染させ、GovCloud管理コンソールへの認証情報（セッションCookie、MFAトークン等）を窃取 その後の クラウドリソース操作権限の奪取 に直結。 | D34: 3 | E34: 1 | F34: =IF(SPRV_Source_For_Formulas!G130<=0.2,3,IF(SPRV_Source_For_Formulas!G130<=0.5,2,1)) -> 3 | G34: =4-F34 -> 1 | H34: =IF(AND(D34=3,E34*G34>=6),"A",IF(AND(D34=3,E34*G34>=3),"B",IF(AND(D34=3,E34*G34>=1),"C",""))) -> C | I34: | 評価観点 | 状況・施策内容 | 評価 | | ----------------- | -------------------------------------------------- | ------ | | エンドポイント防御（EDR/AV） | EDR導入済み、シグネチャ更新自動化。未知マルウェアにはふるまい検知依存。 | ★★★（3） | | Webフィルタリング／改ざん検知 | SWG導入済。不審サイト遮断可能。ただし正規業務ポータル改ざんのゼロデイ検知は困難。 | ★★☆（2） | | パッチ管理／ソフト更新 | ブラウザ・OSはMDMで強制更新。48時間以内に重大パッチ適用（β’モデル準拠）。 | ★★★（3） | | アクセス制御（ZTNA） | 管理端末以外からのアクセスは不可。職員ID＋MFA必須。ただし端末感染時のセッション乗っ取りは残る。 | ★★☆（2） | | ログ監視・SOC連携 | SOC監視下にあり、端末挙動ログをSIEMで分析。ただし初期感染段階での即時検知は限定的。 | ★★☆（2） |→ 総合評価：2.4 → 切り上げて レベル3 | J34: =SPRV_Source_For_Formulas!D131 -> T1484.002 | K34: 仮想マシンを過去のスナップショットに復元し、パッチ未適用状態へ巻き戻す。 | L34: 3 | M34: 1 | N34: =IF(SPRV_Source_For_Formulas!G131<=0.2,3,IF(SPRV_Source_For_Formulas!G131<=0.5,2,1)) -> 3 | O34: =4-N34 -> 1 | P34: =IF(AND(L34=3,M34*O34>=6),"A",IF(AND(L34=3,M34*O34>=3),"B",IF(AND(L34=3,M34*O34>=1),"C",""))) -> C | Q34: | 評価観点 | 状況・施策内容 | 評価 | | -------------- | ------------------------------------- | ------ | | スナップショット管理 | 不要なスナップショットは削除済。ただし一部長期保存分が残存。 | ★★☆（2） | | 権限分離（IAM） | 復元操作は管理者ロールのみに限定。ただし権限過剰ロールが一部残存。 | ★★☆（2） | | 復元操作の監視・検知 | CloudTrail＋SIEMで監査は有効。ただし即時アラートは限定的。 | ★★☆（2） | | 脆弱性管理（パッチ適用体制） | β’モデル準拠で48時間以内のパッチ適用体制あり。復元されても再適用可能。 | ★★★（3） | | 承認フロー・監査 | 二重承認フローは導入済。ただし内部管理者操作は簡略化ケースあり。 | ★★☆（2） |→ 総合評価：2.2 → レベル2 | R34: =SPRV_Source_For_Formulas!D132 -> T1651 | S34: クラウドAPI/CLIを利用してマイナンバー系業務システムに対し、スナップショット取得・設定変更・証拠隠滅などの攻撃的管理コマンドを実行 | T34: 3 | U34: 1 | V34: =IF(SPRV_Source_For_Formulas!G132<=0.2,3,IF(SPRV_Source_For_Formulas!G132<=0.5,2,1)) -> 3 | W34: =4-V34 -> 1 | X34: =IF(AND(T34=3,U34*W34>=6),"A",IF(AND(T34=3,U34*W34>=3),"B",IF(AND(T34=3,U34*W34>=1),"C",""))) -> C | Y34: | 評価項目 | 状況・施策内容 | 評価 | | ----------- | ------------------------------------------------------------ | ------ | | 認証管理（MFA） | CLI/APIアクセスにもMFA必須。IAMユーザではなくロールベースの一時トークンを使用 | ★★★（3） | | ログ監視・改ざん防止 | CloudTrail＋WORMストレージでログ改ざん防止。ただし外部SIEM連携は一部の操作のみ対象 | ★★☆（2） | | 操作の定型化 | TerraformによるInfrastructure as Codeはマイナンバー系でも導入済。ただし一部GUI設定残存 | ★★☆（2） | | RBACとワークフロー | 管理者権限の委譲に承認フローあり。CLI操作には内部発番のチケット必要 | ★★★（3） | | 検知・リアルタイム対応 | GuardDuty相当の異常API検知機能は未導入（導入予定あり） | ★☆☆（1） |→ 総合評価：2.2 → 切り下げて ★★（2） | Z34: =SPRV_Source_For_Formulas!D133 -> T1486 | AA34: クラウドリソース（仮想マシン等）を乗っ取り、暗号資産マイニング/DDoS中継に悪用。 | AB34: 3 | AC34: 1 | AD34: =IF(SPRV_Source_For_Formulas!G133<=0.2,3,IF(SPRV_Source_For_Formulas!G133<=0.5,2,1)) -> 3 | AE34: =4-AD34 -> 1 | AF34: =IF(AND(AB34=3,AC34*AE34>=6),"A",IF(AND(AB34=3,AC34*AE34>=3),"B",IF(AND(AB34=3,AC34*AE34>=1),"C",""))) -> C | AG34: CSPMによるリソース使用率監視、アラート設定が有効（β’3.4.3相当）。 | AP34: =MAX(D34,L34,T34,AB34) -> 3 | AQ34: 1 | AR34: =4-AS34 -> 1 | AS34: =MAX(F34,N34,V34,AD34) -> 3 | AT34: =IF(AND(AP34=3,AQ34*AR34>=6),"A",IF(AND(AP34=3,AQ34*AR34>=3),"B",IF(AND(AP34=3,AQ34*AR34>=1),"C",""))) -> C | AU34: ="Scenario-level Threat=1; Step1="&H34&" Step2="&P34&" Step3="&X34&" Step4="&AF34&" ; Overall Threat fixed=1, Max Mitigation="&AS34&" => Overall="&AT34 -> Scenario-level Threat=1; Step1=C Step2=C Step3=C Step4=C ; Overall Threat fixed=1, Max Mitigation=3 => Overall=C
A35: =SPRV_Source_For_Formulas!D134 -> T1189 | B35: 攻撃手法の具体化 運用管理者が、日常的に利用する 業務関連Webポータル／ガバメントクラウド管理サイト にアクセス。 攻撃者がWebサイトを改ざんし、マルウェアを仕込んでいる。 管理者が 閲覧またはファイルをダウンロードするだけで自動的にマルウェア感染。 結果として： 管理者端末を初期感染させ、GovCloud管理コンソールへの認証情報（セッションCookie、MFAトークン等）を窃取 その後の クラウドリソース操作権限の奪取 に直結。 | D35: 3 | E35: 1 | F35: =IF(SPRV_Source_For_Formulas!G134<=0.2,3,IF(SPRV_Source_For_Formulas!G134<=0.5,2,1)) -> 3 | G35: =4-F35 -> 1 | H35: =IF(AND(D35=3,E35*G35>=6),"A",IF(AND(D35=3,E35*G35>=3),"B",IF(AND(D35=3,E35*G35>=1),"C",""))) -> C | I35: | 評価観点 | 状況・施策内容 | 評価 | | ----------------- | -------------------------------------------------- | ------ | | エンドポイント防御（EDR/AV） | EDR導入済み、シグネチャ更新自動化。未知マルウェアにはふるまい検知依存。 | ★★★（3） | | Webフィルタリング／改ざん検知 | SWG導入済。不審サイト遮断可能。ただし正規業務ポータル改ざんのゼロデイ検知は困難。 | ★★☆（2） | | パッチ管理／ソフト更新 | ブラウザ・OSはMDMで強制更新。48時間以内に重大パッチ適用（β’モデル準拠）。 | ★★★（3） | | アクセス制御（ZTNA） | 管理端末以外からのアクセスは不可。職員ID＋MFA必須。ただし端末感染時のセッション乗っ取りは残る。 | ★★☆（2） | | ログ監視・SOC連携 | SOC監視下にあり、端末挙動ログをSIEMで分析。ただし初期感染段階での即時検知は限定的。 | ★★☆（2） |→ 総合評価：2.4 → 切り上げて レベル3 | J35: =SPRV_Source_For_Formulas!D135 -> T1484.002 | K35: 仮想マシンを過去のスナップショットに復元し、パッチ未適用状態へ巻き戻す。 | L35: 3 | M35: 1 | N35: =IF(SPRV_Source_For_Formulas!G135<=0.2,3,IF(SPRV_Source_For_Formulas!G135<=0.5,2,1)) -> 3 | O35: =4-N35 -> 1 | P35: =IF(AND(L35=3,M35*O35>=6),"A",IF(AND(L35=3,M35*O35>=3),"B",IF(AND(L35=3,M35*O35>=1),"C",""))) -> C | Q35: | 評価観点 | 状況・施策内容 | 評価 | | -------------- | ------------------------------------- | ------ | | スナップショット管理 | 不要なスナップショットは削除済。ただし一部長期保存分が残存。 | ★★☆（2） | | 権限分離（IAM） | 復元操作は管理者ロールのみに限定。ただし権限過剰ロールが一部残存。 | ★★☆（2） | | 復元操作の監視・検知 | CloudTrail＋SIEMで監査は有効。ただし即時アラートは限定的。 | ★★☆（2） | | 脆弱性管理（パッチ適用体制） | β’モデル準拠で48時間以内のパッチ適用体制あり。復元されても再適用可能。 | ★★★（3） | | 承認フロー・監査 | 二重承認フローは導入済。ただし内部管理者操作は簡略化ケースあり。 | ★★☆（2） |→ 総合評価：2.2 → レベル2 | R35: =SPRV_Source_For_Formulas!D136 -> T1651 | S35: クラウドAPI/CLIを利用してマイナンバー系業務システムに対し、スナップショット取得・設定変更・証拠隠滅などの攻撃的管理コマンドを実行 | T35: 3 | U35: 1 | V35: =IF(SPRV_Source_For_Formulas!G136<=0.2,3,IF(SPRV_Source_For_Formulas!G136<=0.5,2,1)) -> 3 | W35: =4-V35 -> 1 | X35: =IF(AND(T35=3,U35*W35>=6),"A",IF(AND(T35=3,U35*W35>=3),"B",IF(AND(T35=3,U35*W35>=1),"C",""))) -> C | Y35: | 評価項目 | 状況・施策内容 | 評価 | | ----------- | ------------------------------------------------------------ | ------ | | 認証管理（MFA） | CLI/APIアクセスにもMFA必須。IAMユーザではなくロールベースの一時トークンを使用 | ★★★（3） | | ログ監視・改ざん防止 | CloudTrail＋WORMストレージでログ改ざん防止。ただし外部SIEM連携は一部の操作のみ対象 | ★★☆（2） | | 操作の定型化 | TerraformによるInfrastructure as Codeはマイナンバー系でも導入済。ただし一部GUI設定残存 | ★★☆（2） | | RBACとワークフロー | 管理者権限の委譲に承認フローあり。CLI操作には内部発番のチケット必要 | ★★★（3） | | 検知・リアルタイム対応 | GuardDuty相当の異常API検知機能は未導入（導入予定あり） | ★☆☆（1） |→ 総合評価：2.2 → 切り下げて ★★（2） | Z35: =SPRV_Source_For_Formulas!D137 -> T1496.001 | AA35: 計算リソースを秘匿的に不正利用（Compute Hijacking）。 | AB35: 3 | AC35: 1 | AD35: =IF(SPRV_Source_For_Formulas!G137<=0.2,3,IF(SPRV_Source_For_Formulas!G137<=0.5,2,1)) -> 2 | AE35: =4-AD35 -> 2 | AF35: =IF(AND(AB35=3,AC35*AE35>=6),"A",IF(AND(AB35=3,AC35*AE35>=3),"B",IF(AND(AB35=3,AC35*AE35>=1),"C",""))) -> C | AG35: モニタリング＋しきい値制限（Azure Monitor等）で抑止可能。 | AP35: =MAX(D35,L35,T35,AB35) -> 3 | AQ35: 1 | AR35: =4-AS35 -> 1 | AS35: =MAX(F35,N35,V35,AD35) -> 3 | AT35: =IF(AND(AP35=3,AQ35*AR35>=6),"A",IF(AND(AP35=3,AQ35*AR35>=3),"B",IF(AND(AP35=3,AQ35*AR35>=1),"C",""))) -> C | AU35: ="Scenario-level Threat=1; Step1="&H35&" Step2="&P35&" Step3="&X35&" Step4="&AF35&" ; Overall Threat fixed=1, Max Mitigation="&AS35&" => Overall="&AT35 -> Scenario-level Threat=1; Step1=C Step2=C Step3=C Step4=C ; Overall Threat fixed=1, Max Mitigation=3 => Overall=C
A36: =SPRV_Source_For_Formulas!D138 -> T1189 | B36: 攻撃手法の具体化 運用管理者が、日常的に利用する 業務関連Webポータル／ガバメントクラウド管理サイト にアクセス。 攻撃者がWebサイトを改ざんし、マルウェアを仕込んでいる。 管理者が 閲覧またはファイルをダウンロードするだけで自動的にマルウェア感染。 結果として： 管理者端末を初期感染させ、GovCloud管理コンソールへの認証情報（セッションCookie、MFAトークン等）を窃取 その後の クラウドリソース操作権限の奪取 に直結。 | D36: 3 | E36: 1 | F36: =IF(SPRV_Source_For_Formulas!G138<=0.2,3,IF(SPRV_Source_For_Formulas!G138<=0.5,2,1)) -> 3 | G36: =4-F36 -> 1 | H36: =IF(AND(D36=3,E36*G36>=6),"A",IF(AND(D36=3,E36*G36>=3),"B",IF(AND(D36=3,E36*G36>=1),"C",""))) -> C | I36: | 評価観点 | 状況・施策内容 | 評価 | | ----------------- | -------------------------------------------------- | ------ | | エンドポイント防御（EDR/AV） | EDR導入済み、シグネチャ更新自動化。未知マルウェアにはふるまい検知依存。 | ★★★（3） | | Webフィルタリング／改ざん検知 | SWG導入済。不審サイト遮断可能。ただし正規業務ポータル改ざんのゼロデイ検知は困難。 | ★★☆（2） | | パッチ管理／ソフト更新 | ブラウザ・OSはMDMで強制更新。48時間以内に重大パッチ適用（β’モデル準拠）。 | ★★★（3） | | アクセス制御（ZTNA） | 管理端末以外からのアクセスは不可。職員ID＋MFA必須。ただし端末感染時のセッション乗っ取りは残る。 | ★★☆（2） | | ログ監視・SOC連携 | SOC監視下にあり、端末挙動ログをSIEMで分析。ただし初期感染段階での即時検知は限定的。 | ★★☆（2） |→ 総合評価：2.4 → 切り上げて レベル3 | J36: =SPRV_Source_For_Formulas!D139 -> T1484.002 | K36: 仮想マシンを過去のスナップショットに復元し、パッチ未適用状態へ巻き戻す。 | L36: 3 | M36: 1 | N36: =IF(SPRV_Source_For_Formulas!G139<=0.2,3,IF(SPRV_Source_For_Formulas!G139<=0.5,2,1)) -> 3 | O36: =4-N36 -> 1 | P36: =IF(AND(L36=3,M36*O36>=6),"A",IF(AND(L36=3,M36*O36>=3),"B",IF(AND(L36=3,M36*O36>=1),"C",""))) -> C | Q36: | 評価観点 | 状況・施策内容 | 評価 | | -------------- | ------------------------------------- | ------ | | スナップショット管理 | 不要なスナップショットは削除済。ただし一部長期保存分が残存。 | ★★☆（2） | | 権限分離（IAM） | 復元操作は管理者ロールのみに限定。ただし権限過剰ロールが一部残存。 | ★★☆（2） | | 復元操作の監視・検知 | CloudTrail＋SIEMで監査は有効。ただし即時アラートは限定的。 | ★★☆（2） | | 脆弱性管理（パッチ適用体制） | β’モデル準拠で48時間以内のパッチ適用体制あり。復元されても再適用可能。 | ★★★（3） | | 承認フロー・監査 | 二重承認フローは導入済。ただし内部管理者操作は簡略化ケースあり。 | ★★☆（2） |→ 総合評価：2.2 → レベル2 | R36: =SPRV_Source_For_Formulas!D140 -> T1651 | S36: クラウドAPI/CLIを利用してマイナンバー系業務システムに対し、スナップショット取得・設定変更・証拠隠滅などの攻撃的管理コマンドを実行 | T36: 3 | U36: 1 | V36: =IF(SPRV_Source_For_Formulas!G140<=0.2,3,IF(SPRV_Source_For_Formulas!G140<=0.5,2,1)) -> 3 | W36: =4-V36 -> 1 | X36: =IF(AND(T36=3,U36*W36>=6),"A",IF(AND(T36=3,U36*W36>=3),"B",IF(AND(T36=3,U36*W36>=1),"C",""))) -> C | Y36: | 評価項目 | 状況・施策内容 | 評価 | | ----------- | ------------------------------------------------------------ | ------ | | 認証管理（MFA） | CLI/APIアクセスにもMFA必須。IAMユーザではなくロールベースの一時トークンを使用 | ★★★（3） | | ログ監視・改ざん防止 | CloudTrail＋WORMストレージでログ改ざん防止。ただし外部SIEM連携は一部の操作のみ対象 | ★★☆（2） | | 操作の定型化 | TerraformによるInfrastructure as Codeはマイナンバー系でも導入済。ただし一部GUI設定残存 | ★★☆（2） | | RBACとワークフロー | 管理者権限の委譲に承認フローあり。CLI操作には内部発番のチケット必要 | ★★★（3） | | 検知・リアルタイム対応 | GuardDuty相当の異常API検知機能は未導入（導入予定あり） | ★☆☆（1） |→ 総合評価：2.2 → 切り下げて ★★（2） | Z36: =SPRV_Source_For_Formulas!D141 -> T1496.004 | AA36: クラウドAPI経由で Proxy Server on GovCloud に対して以下を実施： EC2/EBSなどのストレージを暗号化（KMSキーを使って再暗号化またはKMSキーを削除） OSレベルでスクリプトを投入し、ボリュームをBitLockerやLinuxのLUKS等で暗号化 システムログやスナップショットの削除による復旧妨害 IAMの一時的制御権を用いた“復旧阻止”工作 ガバメントクラウド内で復旧オプションが封じられた状態にされることで、実質的なデータロックアウトが生じる。 | AB36: 3 | AC36: 1 | AD36: =IF(SPRV_Source_For_Formulas!G141<=0.2,3,IF(SPRV_Source_For_Formulas!G141<=0.5,2,1)) -> 2 | AE36: =4-AD36 -> 2 | AF36: =IF(AND(AB36=3,AC36*AE36>=6),"A",IF(AND(AB36=3,AC36*AE36>=3),"B",IF(AND(AB36=3,AC36*AE36>=1),"C",""))) -> C | AG36: | 評価観点 | 評価内容 | 評価 | | ------------- | ---------------------------------------------------- | ------ | | データ暗号化制御 | KMSのアクセス制御やEBS暗号化ポリシーは一部導入。ただしProxy Server単体の制御は未記載。 | ★★☆（2） | | ログ・スナップショット保全 | CloudTrailログ保全は一部設定あり。スナップショット削除阻止や整合性保全策は記載なし。 | ★★☆（2） | | API実行制御 | Step3でAPI攻撃が成立済のため、IAM/API制御に抜けあり。SSPM未導入。 | ★☆☆（1） |→ 総合評価：1.7 → 切り捨てて「レベル1」 | AP36: =MAX(D36,L36,T36,AB36) -> 3 | AQ36: 1 | AR36: =4-AS36 -> 1 | AS36: =MAX(F36,N36,V36,AD36) -> 3 | AT36: =IF(AND(AP36=3,AQ36*AR36>=6),"A",IF(AND(AP36=3,AQ36*AR36>=3),"B",IF(AND(AP36=3,AQ36*AR36>=1),"C",""))) -> C | AU36: ="Scenario-level Threat=1; Step1="&H36&" Step2="&P36&" Step3="&X36&" Step4="&AF36&" ; Overall Threat fixed=1, Max Mitigation="&AS36&" => Overall="&AT36 -> Scenario-level Threat=1; Step1=C Step2=C Step3=C Step4=C ; Overall Threat fixed=1, Max Mitigation=3 => Overall=C
A37: =SPRV_Source_For_Formulas!D142 -> T1189 | B37: 攻撃手法の具体化 運用管理者が、日常的に利用する 業務関連Webポータル／ガバメントクラウド管理サイト にアクセス。 攻撃者がWebサイトを改ざんし、マルウェアを仕込んでいる。 管理者が 閲覧またはファイルをダウンロードするだけで自動的にマルウェア感染。 結果として： 管理者端末を初期感染させ、GovCloud管理コンソールへの認証情報（セッションCookie、MFAトークン等）を窃取 その後の クラウドリソース操作権限の奪取 に直結。 | D37: 3 | E37: 1 | F37: =IF(SPRV_Source_For_Formulas!G142<=0.2,3,IF(SPRV_Source_For_Formulas!G142<=0.5,2,1)) -> 3 | G37: =4-F37 -> 1 | H37: =IF(AND(D37=3,E37*G37>=6),"A",IF(AND(D37=3,E37*G37>=3),"B",IF(AND(D37=3,E37*G37>=1),"C",""))) -> C | I37: | 評価観点 | 状況・施策内容 | 評価 | | ----------------- | -------------------------------------------------- | ------ | | エンドポイント防御（EDR/AV） | EDR導入済み、シグネチャ更新自動化。未知マルウェアにはふるまい検知依存。 | ★★★（3） | | Webフィルタリング／改ざん検知 | SWG導入済。不審サイト遮断可能。ただし正規業務ポータル改ざんのゼロデイ検知は困難。 | ★★☆（2） | | パッチ管理／ソフト更新 | ブラウザ・OSはMDMで強制更新。48時間以内に重大パッチ適用（β’モデル準拠）。 | ★★★（3） | | アクセス制御（ZTNA） | 管理端末以外からのアクセスは不可。職員ID＋MFA必須。ただし端末感染時のセッション乗っ取りは残る。 | ★★☆（2） | | ログ監視・SOC連携 | SOC監視下にあり、端末挙動ログをSIEMで分析。ただし初期感染段階での即時検知は限定的。 | ★★☆（2） |→ 総合評価：2.4 → 切り上げて レベル3 | J37: =SPRV_Source_For_Formulas!D143 -> T1484.002 | K37: 仮想マシンを過去のスナップショットに復元し、パッチ未適用状態へ巻き戻す。 | L37: 3 | M37: 1 | N37: =IF(SPRV_Source_For_Formulas!G143<=0.2,3,IF(SPRV_Source_For_Formulas!G143<=0.5,2,1)) -> 3 | O37: =4-N37 -> 1 | P37: =IF(AND(L37=3,M37*O37>=6),"A",IF(AND(L37=3,M37*O37>=3),"B",IF(AND(L37=3,M37*O37>=1),"C",""))) -> C | Q37: | 評価観点 | 状況・施策内容 | 評価 | | -------------- | ------------------------------------- | ------ | | スナップショット管理 | 不要なスナップショットは削除済。ただし一部長期保存分が残存。 | ★★☆（2） | | 権限分離（IAM） | 復元操作は管理者ロールのみに限定。ただし権限過剰ロールが一部残存。 | ★★☆（2） | | 復元操作の監視・検知 | CloudTrail＋SIEMで監査は有効。ただし即時アラートは限定的。 | ★★☆（2） | | 脆弱性管理（パッチ適用体制） | β’モデル準拠で48時間以内のパッチ適用体制あり。復元されても再適用可能。 | ★★★（3） | | 承認フロー・監査 | 二重承認フローは導入済。ただし内部管理者操作は簡略化ケースあり。 | ★★☆（2） |→ 総合評価：2.2 → レベル2 | R37: =SPRV_Source_For_Formulas!D144 -> T1651 | S37: クラウドAPI/CLIを利用してマイナンバー系業務システムに対し、スナップショット取得・設定変更・証拠隠滅などの攻撃的管理コマンドを実行 | T37: 3 | U37: 1 | V37: =IF(SPRV_Source_For_Formulas!G144<=0.2,3,IF(SPRV_Source_For_Formulas!G144<=0.5,2,1)) -> 3 | W37: =4-V37 -> 1 | X37: =IF(AND(T37=3,U37*W37>=6),"A",IF(AND(T37=3,U37*W37>=3),"B",IF(AND(T37=3,U37*W37>=1),"C",""))) -> C | Y37: | 評価項目 | 状況・施策内容 | 評価 | | ----------- | ------------------------------------------------------------ | ------ | | 認証管理（MFA） | CLI/APIアクセスにもMFA必須。IAMユーザではなくロールベースの一時トークンを使用 | ★★★（3） | | ログ監視・改ざん防止 | CloudTrail＋WORMストレージでログ改ざん防止。ただし外部SIEM連携は一部の操作のみ対象 | ★★☆（2） | | 操作の定型化 | TerraformによるInfrastructure as Codeはマイナンバー系でも導入済。ただし一部GUI設定残存 | ★★☆（2） | | RBACとワークフロー | 管理者権限の委譲に承認フローあり。CLI操作には内部発番のチケット必要 | ★★★（3） | | 検知・リアルタイム対応 | GuardDuty相当の異常API検知機能は未導入（導入予定あり） | ★☆☆（1） |→ 総合評価：2.2 → 切り下げて ★★（2） | Z37: =SPRV_Source_For_Formulas!D145 -> T1496.002 | AA37: 侵入済みのクラウド環境において、プロキシサーバの帯域を意図的に消費（例：大量データ送信、仮想マイニングノードの設置など）することで、ガバメントクラウドやVPN経路の通信品質を劣化させ、他の通信遅延・業務妨害を引き起こすDoS型の資源枯渇攻撃に該当。システム停止を伴わずに“リソース占有”による間接的な被害を狙う | AB37: 3 | AC37: 1 | AD37: =IF(SPRV_Source_For_Formulas!G145<=0.2,3,IF(SPRV_Source_For_Formulas!G145<=0.5,2,1)) -> 2 | AE37: =4-AD37 -> 2 | AF37: =IF(AND(AB37=3,AC37*AE37>=6),"A",IF(AND(AB37=3,AC37*AE37>=3),"B",IF(AND(AB37=3,AC37*AE37>=1),"C",""))) -> C | AG37: | 評価カテゴリ | 対策内容（遵守済と仮定） | 評価 | | ----------------- | -------------------------------------------------------- | ------ | | **プロキシ通信監視** | SWG・Proxyログは収集済、SIEM連携も実施。DNSや宛先IPでのトラフィック可視化が可能。 | ★★★（3） | | **異常帯域検出とアラート** | GuardDuty相当で異常通信のアラートはあるが、**帯域使用量ベースのしきい値監視は未設定** | ★★☆（2） | | **アウトバウンド制御** | Egress制御ポリシーあり（国別やFQDN制限）。ただし動的アノマリー検知は未導入。 | ★★☆（2） | | **構成ミス・ルーティング検知** | CSPMは導入済。SWGの過剰許可設定については検出対象。 | ★★★（3） | | **サービス間通信制限** | VPCピアリングやプロキシ経路の制限は設計上存在。ただし、**運用上の例外が散見される**（一部緩いルールあり） | ★★☆（2） |総合評価（レベル判定） 評価平均：約 2.4 → 切り上げ処理により レベル：★★★（3） | AP37: =MAX(D37,L37,T37,AB37) -> 3 | AQ37: 1 | AR37: =4-AS37 -> 1 | AS37: =MAX(F37,N37,V37,AD37) -> 3 | AT37: =IF(AND(AP37=3,AQ37*AR37>=6),"A",IF(AND(AP37=3,AQ37*AR37>=3),"B",IF(AND(AP37=3,AQ37*AR37>=1),"C",""))) -> C | AU37: ="Scenario-level Threat=1; Step1="&H37&" Step2="&P37&" Step3="&X37&" Step4="&AF37&" ; Overall Threat fixed=1, Max Mitigation="&AS37&" => Overall="&AT37 -> Scenario-level Threat=1; Step1=C Step2=C Step3=C Step4=C ; Overall Threat fixed=1, Max Mitigation=3 => Overall=C
A38: =SPRV_Source_For_Formulas!D146 -> T1189 | B38: 攻撃手法の具体化 運用管理者が、日常的に利用する 業務関連Webポータル／ガバメントクラウド管理サイト にアクセス。 攻撃者がWebサイトを改ざんし、マルウェアを仕込んでいる。 管理者が 閲覧またはファイルをダウンロードするだけで自動的にマルウェア感染。 結果として： 管理者端末を初期感染させ、GovCloud管理コンソールへの認証情報（セッションCookie、MFAトークン等）を窃取 その後の クラウドリソース操作権限の奪取 に直結。 | D38: 3 | E38: 1 | F38: =IF(SPRV_Source_For_Formulas!G146<=0.2,3,IF(SPRV_Source_For_Formulas!G146<=0.5,2,1)) -> 3 | G38: =4-F38 -> 1 | H38: =IF(AND(D38=3,E38*G38>=6),"A",IF(AND(D38=3,E38*G38>=3),"B",IF(AND(D38=3,E38*G38>=1),"C",""))) -> C | I38: | 評価観点 | 状況・施策内容 | 評価 | | ----------------- | -------------------------------------------------- | ------ | | エンドポイント防御（EDR/AV） | EDR導入済み、シグネチャ更新自動化。未知マルウェアにはふるまい検知依存。 | ★★★（3） | | Webフィルタリング／改ざん検知 | SWG導入済。不審サイト遮断可能。ただし正規業務ポータル改ざんのゼロデイ検知は困難。 | ★★☆（2） | | パッチ管理／ソフト更新 | ブラウザ・OSはMDMで強制更新。48時間以内に重大パッチ適用（β’モデル準拠）。 | ★★★（3） | | アクセス制御（ZTNA） | 管理端末以外からのアクセスは不可。職員ID＋MFA必須。ただし端末感染時のセッション乗っ取りは残る。 | ★★☆（2） | | ログ監視・SOC連携 | SOC監視下にあり、端末挙動ログをSIEMで分析。ただし初期感染段階での即時検知は限定的。 | ★★☆（2） |→ 総合評価：2.4 → 切り上げて レベル3 | J38: =SPRV_Source_For_Formulas!D147 -> T1484.002 | K38: 仮想マシンを過去のスナップショットに復元し、パッチ未適用状態へ巻き戻す。 | L38: 3 | M38: 1 | N38: =IF(SPRV_Source_For_Formulas!G147<=0.2,3,IF(SPRV_Source_For_Formulas!G147<=0.5,2,1)) -> 3 | O38: =4-N38 -> 1 | P38: =IF(AND(L38=3,M38*O38>=6),"A",IF(AND(L38=3,M38*O38>=3),"B",IF(AND(L38=3,M38*O38>=1),"C",""))) -> C | Q38: | 評価観点 | 状況・施策内容 | 評価 | | -------------- | ------------------------------------- | ------ | | スナップショット管理 | 不要なスナップショットは削除済。ただし一部長期保存分が残存。 | ★★☆（2） | | 権限分離（IAM） | 復元操作は管理者ロールのみに限定。ただし権限過剰ロールが一部残存。 | ★★☆（2） | | 復元操作の監視・検知 | CloudTrail＋SIEMで監査は有効。ただし即時アラートは限定的。 | ★★☆（2） | | 脆弱性管理（パッチ適用体制） | β’モデル準拠で48時間以内のパッチ適用体制あり。復元されても再適用可能。 | ★★★（3） | | 承認フロー・監査 | 二重承認フローは導入済。ただし内部管理者操作は簡略化ケースあり。 | ★★☆（2） |→ 総合評価：2.2 → レベル2 | R38: =SPRV_Source_For_Formulas!D148 -> T1555.006 | S38: Secrets ManagerやKey VaultからDBパスワードやAPI鍵を抽出し、My Number系システムへの認証回避を試みる高度なクラウド認証情報窃取攻撃。 | T38: 3 | U38: 1 | V38: =IF(SPRV_Source_For_Formulas!G148<=0.2,3,IF(SPRV_Source_For_Formulas!G148<=0.5,2,1)) -> 3 | W38: =4-V38 -> 1 | X38: =IF(AND(T38=3,U38*W38>=6),"A",IF(AND(T38=3,U38*W38>=3),"B",IF(AND(T38=3,U38*W38>=1),"C",""))) -> C | Y38: | 評価項目 | 状況・施策内容 | 評価 | | ------------- | -------------------------------------------------- | ------ | | Secretsアクセス制御 | IAMにてSecretsごとにアクセス制御が設定されている。ただし一部ロールは広範囲に許可されている | ★★☆（2） | | Secretsの暗号化 | KMSによる暗号化は実施済み。KMSキーは別ロールで管理 | ★★★（3） | | アクセス監視・検知 | CloudTrail有効だが、**Secretsへの読み取りに対する即時アラート設定が不完全** | ★★☆（2） | | ローテーション運用 | 自動ローテーションは一部適用（APIキー等）。DBパスワードは手動更新ベース | ★★☆（2） | | SSPMなどの逸脱検知 | CSPM導入済、SSPMは評価中。ルールベース検知は整備途上 | ★★☆（2） |→ 総合評価：2.2 → 切り下げて ★★（2） | Z38: =SPRV_Source_For_Formulas!D149 -> T1486 | AA38: クラウドリソース（仮想マシン等）を乗っ取り、暗号資産マイニング/DDoS中継に悪用。 | AB38: 3 | AC38: 1 | AD38: =IF(SPRV_Source_For_Formulas!G149<=0.2,3,IF(SPRV_Source_For_Formulas!G149<=0.5,2,1)) -> 3 | AE38: =4-AD38 -> 1 | AF38: =IF(AND(AB38=3,AC38*AE38>=6),"A",IF(AND(AB38=3,AC38*AE38>=3),"B",IF(AND(AB38=3,AC38*AE38>=1),"C",""))) -> C | AG38: CSPMによるリソース使用率監視、アラート設定が有効（β’3.4.3相当）。 | AP38: =MAX(D38,L38,T38,AB38) -> 3 | AQ38: 1 | AR38: =4-AS38 -> 1 | AS38: =MAX(F38,N38,V38,AD38) -> 3 | AT38: =IF(AND(AP38=3,AQ38*AR38>=6),"A",IF(AND(AP38=3,AQ38*AR38>=3),"B",IF(AND(AP38=3,AQ38*AR38>=1),"C",""))) -> C | AU38: ="Scenario-level Threat=1; Step1="&H38&" Step2="&P38&" Step3="&X38&" Step4="&AF38&" ; Overall Threat fixed=1, Max Mitigation="&AS38&" => Overall="&AT38 -> Scenario-level Threat=1; Step1=C Step2=C Step3=C Step4=C ; Overall Threat fixed=1, Max Mitigation=3 => Overall=C
A39: =SPRV_Source_For_Formulas!D150 -> T1189 | B39: 攻撃手法の具体化 運用管理者が、日常的に利用する 業務関連Webポータル／ガバメントクラウド管理サイト にアクセス。 攻撃者がWebサイトを改ざんし、マルウェアを仕込んでいる。 管理者が 閲覧またはファイルをダウンロードするだけで自動的にマルウェア感染。 結果として： 管理者端末を初期感染させ、GovCloud管理コンソールへの認証情報（セッションCookie、MFAトークン等）を窃取 その後の クラウドリソース操作権限の奪取 に直結。 | D39: 3 | E39: 1 | F39: =IF(SPRV_Source_For_Formulas!G150<=0.2,3,IF(SPRV_Source_For_Formulas!G150<=0.5,2,1)) -> 3 | G39: =4-F39 -> 1 | H39: =IF(AND(D39=3,E39*G39>=6),"A",IF(AND(D39=3,E39*G39>=3),"B",IF(AND(D39=3,E39*G39>=1),"C",""))) -> C | I39: | 評価観点 | 状況・施策内容 | 評価 | | ----------------- | -------------------------------------------------- | ------ | | エンドポイント防御（EDR/AV） | EDR導入済み、シグネチャ更新自動化。未知マルウェアにはふるまい検知依存。 | ★★★（3） | | Webフィルタリング／改ざん検知 | SWG導入済。不審サイト遮断可能。ただし正規業務ポータル改ざんのゼロデイ検知は困難。 | ★★☆（2） | | パッチ管理／ソフト更新 | ブラウザ・OSはMDMで強制更新。48時間以内に重大パッチ適用（β’モデル準拠）。 | ★★★（3） | | アクセス制御（ZTNA） | 管理端末以外からのアクセスは不可。職員ID＋MFA必須。ただし端末感染時のセッション乗っ取りは残る。 | ★★☆（2） | | ログ監視・SOC連携 | SOC監視下にあり、端末挙動ログをSIEMで分析。ただし初期感染段階での即時検知は限定的。 | ★★☆（2） |→ 総合評価：2.4 → 切り上げて レベル3 | J39: =SPRV_Source_For_Formulas!D151 -> T1484.002 | K39: 仮想マシンを過去のスナップショットに復元し、パッチ未適用状態へ巻き戻す。 | L39: 3 | M39: 1 | N39: =IF(SPRV_Source_For_Formulas!G151<=0.2,3,IF(SPRV_Source_For_Formulas!G151<=0.5,2,1)) -> 3 | O39: =4-N39 -> 1 | P39: =IF(AND(L39=3,M39*O39>=6),"A",IF(AND(L39=3,M39*O39>=3),"B",IF(AND(L39=3,M39*O39>=1),"C",""))) -> C | Q39: | 評価観点 | 状況・施策内容 | 評価 | | -------------- | ------------------------------------- | ------ | | スナップショット管理 | 不要なスナップショットは削除済。ただし一部長期保存分が残存。 | ★★☆（2） | | 権限分離（IAM） | 復元操作は管理者ロールのみに限定。ただし権限過剰ロールが一部残存。 | ★★☆（2） | | 復元操作の監視・検知 | CloudTrail＋SIEMで監査は有効。ただし即時アラートは限定的。 | ★★☆（2） | | 脆弱性管理（パッチ適用体制） | β’モデル準拠で48時間以内のパッチ適用体制あり。復元されても再適用可能。 | ★★★（3） | | 承認フロー・監査 | 二重承認フローは導入済。ただし内部管理者操作は簡略化ケースあり。 | ★★☆（2） |→ 総合評価：2.2 → レベル2 | R39: =SPRV_Source_For_Formulas!D152 -> T1555.006 | S39: Secrets ManagerやKey VaultからDBパスワードやAPI鍵を抽出し、My Number系システムへの認証回避を試みる高度なクラウド認証情報窃取攻撃。 | T39: 3 | U39: 1 | V39: =IF(SPRV_Source_For_Formulas!G152<=0.2,3,IF(SPRV_Source_For_Formulas!G152<=0.5,2,1)) -> 3 | W39: =4-V39 -> 1 | X39: =IF(AND(T39=3,U39*W39>=6),"A",IF(AND(T39=3,U39*W39>=3),"B",IF(AND(T39=3,U39*W39>=1),"C",""))) -> C | Y39: | 評価項目 | 状況・施策内容 | 評価 | | ------------- | -------------------------------------------------- | ------ | | Secretsアクセス制御 | IAMにてSecretsごとにアクセス制御が設定されている。ただし一部ロールは広範囲に許可されている | ★★☆（2） | | Secretsの暗号化 | KMSによる暗号化は実施済み。KMSキーは別ロールで管理 | ★★★（3） | | アクセス監視・検知 | CloudTrail有効だが、**Secretsへの読み取りに対する即時アラート設定が不完全** | ★★☆（2） | | ローテーション運用 | 自動ローテーションは一部適用（APIキー等）。DBパスワードは手動更新ベース | ★★☆（2） | | SSPMなどの逸脱検知 | CSPM導入済、SSPMは評価中。ルールベース検知は整備途上 | ★★☆（2） |→ 総合評価：2.2 → 切り下げて ★★（2） | Z39: =SPRV_Source_For_Formulas!D153 -> T1496.001 | AA39: 計算リソースを秘匿的に不正利用（Compute Hijacking）。 | AB39: 3 | AC39: 1 | AD39: =IF(SPRV_Source_For_Formulas!G153<=0.2,3,IF(SPRV_Source_For_Formulas!G153<=0.5,2,1)) -> 2 | AE39: =4-AD39 -> 2 | AF39: =IF(AND(AB39=3,AC39*AE39>=6),"A",IF(AND(AB39=3,AC39*AE39>=3),"B",IF(AND(AB39=3,AC39*AE39>=1),"C",""))) -> C | AG39: モニタリング＋しきい値制限（Azure Monitor等）で抑止可能。 | AP39: =MAX(D39,L39,T39,AB39) -> 3 | AQ39: 1 | AR39: =4-AS39 -> 1 | AS39: =MAX(F39,N39,V39,AD39) -> 3 | AT39: =IF(AND(AP39=3,AQ39*AR39>=6),"A",IF(AND(AP39=3,AQ39*AR39>=3),"B",IF(AND(AP39=3,AQ39*AR39>=1),"C",""))) -> C | AU39: ="Scenario-level Threat=1; Step1="&H39&" Step2="&P39&" Step3="&X39&" Step4="&AF39&" ; Overall Threat fixed=1, Max Mitigation="&AS39&" => Overall="&AT39 -> Scenario-level Threat=1; Step1=C Step2=C Step3=C Step4=C ; Overall Threat fixed=1, Max Mitigation=3 => Overall=C
A40: =SPRV_Source_For_Formulas!D154 -> T1189 | B40: 攻撃手法の具体化 運用管理者が、日常的に利用する 業務関連Webポータル／ガバメントクラウド管理サイト にアクセス。 攻撃者がWebサイトを改ざんし、マルウェアを仕込んでいる。 管理者が 閲覧またはファイルをダウンロードするだけで自動的にマルウェア感染。 結果として： 管理者端末を初期感染させ、GovCloud管理コンソールへの認証情報（セッションCookie、MFAトークン等）を窃取 その後の クラウドリソース操作権限の奪取 に直結。 | D40: 3 | E40: 1 | F40: =IF(SPRV_Source_For_Formulas!G154<=0.2,3,IF(SPRV_Source_For_Formulas!G154<=0.5,2,1)) -> 3 | G40: =4-F40 -> 1 | H40: =IF(AND(D40=3,E40*G40>=6),"A",IF(AND(D40=3,E40*G40>=3),"B",IF(AND(D40=3,E40*G40>=1),"C",""))) -> C | I40: | 評価観点 | 状況・施策内容 | 評価 | | ----------------- | -------------------------------------------------- | ------ | | エンドポイント防御（EDR/AV） | EDR導入済み、シグネチャ更新自動化。未知マルウェアにはふるまい検知依存。 | ★★★（3） | | Webフィルタリング／改ざん検知 | SWG導入済。不審サイト遮断可能。ただし正規業務ポータル改ざんのゼロデイ検知は困難。 | ★★☆（2） | | パッチ管理／ソフト更新 | ブラウザ・OSはMDMで強制更新。48時間以内に重大パッチ適用（β’モデル準拠）。 | ★★★（3） | | アクセス制御（ZTNA） | 管理端末以外からのアクセスは不可。職員ID＋MFA必須。ただし端末感染時のセッション乗っ取りは残る。 | ★★☆（2） | | ログ監視・SOC連携 | SOC監視下にあり、端末挙動ログをSIEMで分析。ただし初期感染段階での即時検知は限定的。 | ★★☆（2） |→ 総合評価：2.4 → 切り上げて レベル3 | J40: =SPRV_Source_For_Formulas!D155 -> T1484.002 | K40: 仮想マシンを過去のスナップショットに復元し、パッチ未適用状態へ巻き戻す。 | L40: 3 | M40: 1 | N40: =IF(SPRV_Source_For_Formulas!G155<=0.2,3,IF(SPRV_Source_For_Formulas!G155<=0.5,2,1)) -> 3 | O40: =4-N40 -> 1 | P40: =IF(AND(L40=3,M40*O40>=6),"A",IF(AND(L40=3,M40*O40>=3),"B",IF(AND(L40=3,M40*O40>=1),"C",""))) -> C | Q40: | 評価観点 | 状況・施策内容 | 評価 | | -------------- | ------------------------------------- | ------ | | スナップショット管理 | 不要なスナップショットは削除済。ただし一部長期保存分が残存。 | ★★☆（2） | | 権限分離（IAM） | 復元操作は管理者ロールのみに限定。ただし権限過剰ロールが一部残存。 | ★★☆（2） | | 復元操作の監視・検知 | CloudTrail＋SIEMで監査は有効。ただし即時アラートは限定的。 | ★★☆（2） | | 脆弱性管理（パッチ適用体制） | β’モデル準拠で48時間以内のパッチ適用体制あり。復元されても再適用可能。 | ★★★（3） | | 承認フロー・監査 | 二重承認フローは導入済。ただし内部管理者操作は簡略化ケースあり。 | ★★☆（2） |→ 総合評価：2.2 → レベル2 | R40: =SPRV_Source_For_Formulas!D156 -> T1555.006 | S40: Secrets ManagerやKey VaultからDBパスワードやAPI鍵を抽出し、My Number系システムへの認証回避を試みる高度なクラウド認証情報窃取攻撃。 | T40: 3 | U40: 1 | V40: =IF(SPRV_Source_For_Formulas!G156<=0.2,3,IF(SPRV_Source_For_Formulas!G156<=0.5,2,1)) -> 3 | W40: =4-V40 -> 1 | X40: =IF(AND(T40=3,U40*W40>=6),"A",IF(AND(T40=3,U40*W40>=3),"B",IF(AND(T40=3,U40*W40>=1),"C",""))) -> C | Y40: | 評価項目 | 状況・施策内容 | 評価 | | ------------- | -------------------------------------------------- | ------ | | Secretsアクセス制御 | IAMにてSecretsごとにアクセス制御が設定されている。ただし一部ロールは広範囲に許可されている | ★★☆（2） | | Secretsの暗号化 | KMSによる暗号化は実施済み。KMSキーは別ロールで管理 | ★★★（3） | | アクセス監視・検知 | CloudTrail有効だが、**Secretsへの読み取りに対する即時アラート設定が不完全** | ★★☆（2） | | ローテーション運用 | 自動ローテーションは一部適用（APIキー等）。DBパスワードは手動更新ベース | ★★☆（2） | | SSPMなどの逸脱検知 | CSPM導入済、SSPMは評価中。ルールベース検知は整備途上 | ★★☆（2） |→ 総合評価：2.2 → 切り下げて ★★（2） | Z40: =SPRV_Source_For_Formulas!D157 -> T1496.004 | AA40: クラウドAPI経由で Proxy Server on GovCloud に対して以下を実施： EC2/EBSなどのストレージを暗号化（KMSキーを使って再暗号化またはKMSキーを削除） OSレベルでスクリプトを投入し、ボリュームをBitLockerやLinuxのLUKS等で暗号化 システムログやスナップショットの削除による復旧妨害 IAMの一時的制御権を用いた“復旧阻止”工作 ガバメントクラウド内で復旧オプションが封じられた状態にされることで、実質的なデータロックアウトが生じる。 | AB40: 3 | AC40: 1 | AD40: =IF(SPRV_Source_For_Formulas!G157<=0.2,3,IF(SPRV_Source_For_Formulas!G157<=0.5,2,1)) -> 2 | AE40: =4-AD40 -> 2 | AF40: =IF(AND(AB40=3,AC40*AE40>=6),"A",IF(AND(AB40=3,AC40*AE40>=3),"B",IF(AND(AB40=3,AC40*AE40>=1),"C",""))) -> C | AG40: | 評価観点 | 評価内容 | 評価 | | ------------- | ---------------------------------------------------- | ------ | | データ暗号化制御 | KMSのアクセス制御やEBS暗号化ポリシーは一部導入。ただしProxy Server単体の制御は未記載。 | ★★☆（2） | | ログ・スナップショット保全 | CloudTrailログ保全は一部設定あり。スナップショット削除阻止や整合性保全策は記載なし。 | ★★☆（2） | | API実行制御 | Step3でAPI攻撃が成立済のため、IAM/API制御に抜けあり。SSPM未導入。 | ★☆☆（1） |→ 総合評価：1.7 → 切り捨てて「レベル1」 | AP40: =MAX(D40,L40,T40,AB40) -> 3 | AQ40: 1 | AR40: =4-AS40 -> 1 | AS40: =MAX(F40,N40,V40,AD40) -> 3 | AT40: =IF(AND(AP40=3,AQ40*AR40>=6),"A",IF(AND(AP40=3,AQ40*AR40>=3),"B",IF(AND(AP40=3,AQ40*AR40>=1),"C",""))) -> C | AU40: ="Scenario-level Threat=1; Step1="&H40&" Step2="&P40&" Step3="&X40&" Step4="&AF40&" ; Overall Threat fixed=1, Max Mitigation="&AS40&" => Overall="&AT40 -> Scenario-level Threat=1; Step1=C Step2=C Step3=C Step4=C ; Overall Threat fixed=1, Max Mitigation=3 => Overall=C
A41: =SPRV_Source_For_Formulas!D158 -> T1189 | B41: 攻撃手法の具体化 運用管理者が、日常的に利用する 業務関連Webポータル／ガバメントクラウド管理サイト にアクセス。 攻撃者がWebサイトを改ざんし、マルウェアを仕込んでいる。 管理者が 閲覧またはファイルをダウンロードするだけで自動的にマルウェア感染。 結果として： 管理者端末を初期感染させ、GovCloud管理コンソールへの認証情報（セッションCookie、MFAトークン等）を窃取 その後の クラウドリソース操作権限の奪取 に直結。 | D41: 3 | E41: 1 | F41: =IF(SPRV_Source_For_Formulas!G158<=0.2,3,IF(SPRV_Source_For_Formulas!G158<=0.5,2,1)) -> 3 | G41: =4-F41 -> 1 | H41: =IF(AND(D41=3,E41*G41>=6),"A",IF(AND(D41=3,E41*G41>=3),"B",IF(AND(D41=3,E41*G41>=1),"C",""))) -> C | I41: | 評価観点 | 状況・施策内容 | 評価 | | ----------------- | -------------------------------------------------- | ------ | | エンドポイント防御（EDR/AV） | EDR導入済み、シグネチャ更新自動化。未知マルウェアにはふるまい検知依存。 | ★★★（3） | | Webフィルタリング／改ざん検知 | SWG導入済。不審サイト遮断可能。ただし正規業務ポータル改ざんのゼロデイ検知は困難。 | ★★☆（2） | | パッチ管理／ソフト更新 | ブラウザ・OSはMDMで強制更新。48時間以内に重大パッチ適用（β’モデル準拠）。 | ★★★（3） | | アクセス制御（ZTNA） | 管理端末以外からのアクセスは不可。職員ID＋MFA必須。ただし端末感染時のセッション乗っ取りは残る。 | ★★☆（2） | | ログ監視・SOC連携 | SOC監視下にあり、端末挙動ログをSIEMで分析。ただし初期感染段階での即時検知は限定的。 | ★★☆（2） |→ 総合評価：2.4 → 切り上げて レベル3 | J41: =SPRV_Source_For_Formulas!D159 -> T1484.002 | K41: 仮想マシンを過去のスナップショットに復元し、パッチ未適用状態へ巻き戻す。 | L41: 3 | M41: 1 | N41: =IF(SPRV_Source_For_Formulas!G159<=0.2,3,IF(SPRV_Source_For_Formulas!G159<=0.5,2,1)) -> 3 | O41: =4-N41 -> 1 | P41: =IF(AND(L41=3,M41*O41>=6),"A",IF(AND(L41=3,M41*O41>=3),"B",IF(AND(L41=3,M41*O41>=1),"C",""))) -> C | Q41: | 評価観点 | 状況・施策内容 | 評価 | | -------------- | ------------------------------------- | ------ | | スナップショット管理 | 不要なスナップショットは削除済。ただし一部長期保存分が残存。 | ★★☆（2） | | 権限分離（IAM） | 復元操作は管理者ロールのみに限定。ただし権限過剰ロールが一部残存。 | ★★☆（2） | | 復元操作の監視・検知 | CloudTrail＋SIEMで監査は有効。ただし即時アラートは限定的。 | ★★☆（2） | | 脆弱性管理（パッチ適用体制） | β’モデル準拠で48時間以内のパッチ適用体制あり。復元されても再適用可能。 | ★★★（3） | | 承認フロー・監査 | 二重承認フローは導入済。ただし内部管理者操作は簡略化ケースあり。 | ★★☆（2） |→ 総合評価：2.2 → レベル2 | R41: =SPRV_Source_For_Formulas!D160 -> T1555.006 | S41: Secrets ManagerやKey VaultからDBパスワードやAPI鍵を抽出し、My Number系システムへの認証回避を試みる高度なクラウド認証情報窃取攻撃。 | T41: 3 | U41: 1 | V41: =IF(SPRV_Source_For_Formulas!G160<=0.2,3,IF(SPRV_Source_For_Formulas!G160<=0.5,2,1)) -> 3 | W41: =4-V41 -> 1 | X41: =IF(AND(T41=3,U41*W41>=6),"A",IF(AND(T41=3,U41*W41>=3),"B",IF(AND(T41=3,U41*W41>=1),"C",""))) -> C | Y41: | 評価項目 | 状況・施策内容 | 評価 | | ------------- | -------------------------------------------------- | ------ | | Secretsアクセス制御 | IAMにてSecretsごとにアクセス制御が設定されている。ただし一部ロールは広範囲に許可されている | ★★☆（2） | | Secretsの暗号化 | KMSによる暗号化は実施済み。KMSキーは別ロールで管理 | ★★★（3） | | アクセス監視・検知 | CloudTrail有効だが、**Secretsへの読み取りに対する即時アラート設定が不完全** | ★★☆（2） | | ローテーション運用 | 自動ローテーションは一部適用（APIキー等）。DBパスワードは手動更新ベース | ★★☆（2） | | SSPMなどの逸脱検知 | CSPM導入済、SSPMは評価中。ルールベース検知は整備途上 | ★★☆（2） |→ 総合評価：2.2 → 切り下げて ★★（2） | Z41: =SPRV_Source_For_Formulas!D161 -> T1496.002 | AA41: 侵入済みのクラウド環境において、プロキシサーバの帯域を意図的に消費（例：大量データ送信、仮想マイニングノードの設置など）することで、ガバメントクラウドやVPN経路の通信品質を劣化させ、他の通信遅延・業務妨害を引き起こすDoS型の資源枯渇攻撃に該当。システム停止を伴わずに“リソース占有”による間接的な被害を狙う | AB41: 3 | AC41: 1 | AD41: =IF(SPRV_Source_For_Formulas!G161<=0.2,3,IF(SPRV_Source_For_Formulas!G161<=0.5,2,1)) -> 2 | AE41: =4-AD41 -> 2 | AF41: =IF(AND(AB41=3,AC41*AE41>=6),"A",IF(AND(AB41=3,AC41*AE41>=3),"B",IF(AND(AB41=3,AC41*AE41>=1),"C",""))) -> C | AG41: | 評価カテゴリ | 対策内容（遵守済と仮定） | 評価 | | ----------------- | -------------------------------------------------------- | ------ | | **プロキシ通信監視** | SWG・Proxyログは収集済、SIEM連携も実施。DNSや宛先IPでのトラフィック可視化が可能。 | ★★★（3） | | **異常帯域検出とアラート** | GuardDuty相当で異常通信のアラートはあるが、**帯域使用量ベースのしきい値監視は未設定** | ★★☆（2） | | **アウトバウンド制御** | Egress制御ポリシーあり（国別やFQDN制限）。ただし動的アノマリー検知は未導入。 | ★★☆（2） | | **構成ミス・ルーティング検知** | CSPMは導入済。SWGの過剰許可設定については検出対象。 | ★★★（3） | | **サービス間通信制限** | VPCピアリングやプロキシ経路の制限は設計上存在。ただし、**運用上の例外が散見される**（一部緩いルールあり） | ★★☆（2） |総合評価（レベル判定） 評価平均：約 2.4 → 切り上げ処理により レベル：★★★（3） | AP41: =MAX(D41,L41,T41,AB41) -> 3 | AQ41: 1 | AR41: =4-AS41 -> 1 | AS41: =MAX(F41,N41,V41,AD41) -> 3 | AT41: =IF(AND(AP41=3,AQ41*AR41>=6),"A",IF(AND(AP41=3,AQ41*AR41>=3),"B",IF(AND(AP41=3,AQ41*AR41>=1),"C",""))) -> C | AU41: ="Scenario-level Threat=1; Step1="&H41&" Step2="&P41&" Step3="&X41&" Step4="&AF41&" ; Overall Threat fixed=1, Max Mitigation="&AS41&" => Overall="&AT41 -> Scenario-level Threat=1; Step1=C Step2=C Step3=C Step4=C ; Overall Threat fixed=1, Max Mitigation=3 => Overall=C
A42: =SPRV_Source_For_Formulas!D162 -> T1189 | B42: 攻撃手法の具体化 運用管理者が、日常的に利用する 業務関連Webポータル／ガバメントクラウド管理サイト にアクセス。 攻撃者がWebサイトを改ざんし、マルウェアを仕込んでいる。 管理者が 閲覧またはファイルをダウンロードするだけで自動的にマルウェア感染。 結果として： 管理者端末を初期感染させ、GovCloud管理コンソールへの認証情報（セッションCookie、MFAトークン等）を窃取 その後の クラウドリソース操作権限の奪取 に直結。 | D42: 3 | E42: 1 | F42: =IF(SPRV_Source_For_Formulas!G162<=0.2,3,IF(SPRV_Source_For_Formulas!G162<=0.5,2,1)) -> 3 | G42: =4-F42 -> 1 | H42: =IF(AND(D42=3,E42*G42>=6),"A",IF(AND(D42=3,E42*G42>=3),"B",IF(AND(D42=3,E42*G42>=1),"C",""))) -> C | I42: | 評価観点 | 状況・施策内容 | 評価 | | ----------------- | -------------------------------------------------- | ------ | | エンドポイント防御（EDR/AV） | EDR導入済み、シグネチャ更新自動化。未知マルウェアにはふるまい検知依存。 | ★★★（3） | | Webフィルタリング／改ざん検知 | SWG導入済。不審サイト遮断可能。ただし正規業務ポータル改ざんのゼロデイ検知は困難。 | ★★☆（2） | | パッチ管理／ソフト更新 | ブラウザ・OSはMDMで強制更新。48時間以内に重大パッチ適用（β’モデル準拠）。 | ★★★（3） | | アクセス制御（ZTNA） | 管理端末以外からのアクセスは不可。職員ID＋MFA必須。ただし端末感染時のセッション乗っ取りは残る。 | ★★☆（2） | | ログ監視・SOC連携 | SOC監視下にあり、端末挙動ログをSIEMで分析。ただし初期感染段階での即時検知は限定的。 | ★★☆（2） |→ 総合評価：2.4 → 切り上げて レベル3 | J42: =SPRV_Source_For_Formulas!D163 -> T1484.002 | K42: 仮想マシンを過去のスナップショットに復元し、パッチ未適用状態へ巻き戻す。 | L42: 3 | M42: 1 | N42: =IF(SPRV_Source_For_Formulas!G163<=0.2,3,IF(SPRV_Source_For_Formulas!G163<=0.5,2,1)) -> 3 | O42: =4-N42 -> 1 | P42: =IF(AND(L42=3,M42*O42>=6),"A",IF(AND(L42=3,M42*O42>=3),"B",IF(AND(L42=3,M42*O42>=1),"C",""))) -> C | Q42: | 評価観点 | 状況・施策内容 | 評価 | | -------------- | ------------------------------------- | ------ | | スナップショット管理 | 不要なスナップショットは削除済。ただし一部長期保存分が残存。 | ★★☆（2） | | 権限分離（IAM） | 復元操作は管理者ロールのみに限定。ただし権限過剰ロールが一部残存。 | ★★☆（2） | | 復元操作の監視・検知 | CloudTrail＋SIEMで監査は有効。ただし即時アラートは限定的。 | ★★☆（2） | | 脆弱性管理（パッチ適用体制） | β’モデル準拠で48時間以内のパッチ適用体制あり。復元されても再適用可能。 | ★★★（3） | | 承認フロー・監査 | 二重承認フローは導入済。ただし内部管理者操作は簡略化ケースあり。 | ★★☆（2） |→ 総合評価：2.2 → レベル2 | R42: =SPRV_Source_For_Formulas!D164 -> T1059.009 | S42: クラウドAPIを使ってスクリプトを遠隔実行し設定変更やマルウェア展開。 | T42: 3 | U42: 1 | V42: =IF(SPRV_Source_For_Formulas!G164<=0.2,3,IF(SPRV_Source_For_Formulas!G164<=0.5,2,1)) -> 3 | W42: =4-V42 -> 1 | X42: =IF(AND(T42=3,U42*W42>=6),"A",IF(AND(T42=3,U42*W42>=3),"B",IF(AND(T42=3,U42*W42>=1),"C",""))) -> C | Y42: | 観点 | 内容 | | ------------ | ----------------------------------------------------------------------- | | ? IAM制御 | IAM最小権限ポリシー、ロールベースアクセス制御（RBAC）の適用が前提となっており、基本的な対策は講じられていると考えられる | | ? API監視 | CloudTrail（AWS）やAudit Log（GCP）等による**API呼び出しログの記録と分析**も想定されている | | ? 不安要素 | クラウドAPIは「正規操作」として処理されやすいため、不正利用が**異常検知で気付きにくい**<br>⇒ 監視設定が甘いと侵害が長期化しやすい | | ? 利用頻度 | 管理者も通常業務でAPIを使うため、攻撃と区別が困難（例：異常な時間帯やIPでの利用を監視できるかどうかが鍵） | | ? 自治体側の技術成熟度 | クラウドセキュリティに不慣れな自治体ではAPI監査設定が**未設定または過剰権限のまま**であるケースが懸念される |リスクをさらに下げる効果的な対策は、| 項目 | 推奨構成（ベンダ中立） | | ----- | --------------------------------------------- | | ログ取得 | CloudTrail / Audit Logs + 長期保管 | | 検知・分析 | GuardDuty / SCC / Defender for Cloud + SIEM連携 | | 統制 | IAM最小権限 + 条件付きアクセス + 定期レビューワークフロー | | ツール連携 | EDRやPAM、SIEMとCNAppと連携して**誤用や内部不正**にも対応 | | Z42: =SPRV_Source_For_Formulas!D165 -> T1486 | AA42: クラウドリソース（仮想マシン等）を乗っ取り、暗号資産マイニング/DDoS中継に悪用。 | AB42: 3 | AC42: 1 | AD42: =IF(SPRV_Source_For_Formulas!G165<=0.2,3,IF(SPRV_Source_For_Formulas!G165<=0.5,2,1)) -> 3 | AE42: =4-AD42 -> 1 | AF42: =IF(AND(AB42=3,AC42*AE42>=6),"A",IF(AND(AB42=3,AC42*AE42>=3),"B",IF(AND(AB42=3,AC42*AE42>=1),"C",""))) -> C | AG42: CSPMによるリソース使用率監視、アラート設定が有効（β’3.4.3相当）。 | AP42: =MAX(D42,L42,T42,AB42) -> 3 | AQ42: 1 | AR42: =4-AS42 -> 1 | AS42: =MAX(F42,N42,V42,AD42) -> 3 | AT42: =IF(AND(AP42=3,AQ42*AR42>=6),"A",IF(AND(AP42=3,AQ42*AR42>=3),"B",IF(AND(AP42=3,AQ42*AR42>=1),"C",""))) -> C | AU42: ="Scenario-level Threat=1; Step1="&H42&" Step2="&P42&" Step3="&X42&" Step4="&AF42&" ; Overall Threat fixed=1, Max Mitigation="&AS42&" => Overall="&AT42 -> Scenario-level Threat=1; Step1=C Step2=C Step3=C Step4=C ; Overall Threat fixed=1, Max Mitigation=3 => Overall=C
A43: =SPRV_Source_For_Formulas!D166 -> T1189 | B43: 攻撃手法の具体化 運用管理者が、日常的に利用する 業務関連Webポータル／ガバメントクラウド管理サイト にアクセス。 攻撃者がWebサイトを改ざんし、マルウェアを仕込んでいる。 管理者が 閲覧またはファイルをダウンロードするだけで自動的にマルウェア感染。 結果として： 管理者端末を初期感染させ、GovCloud管理コンソールへの認証情報（セッションCookie、MFAトークン等）を窃取 その後の クラウドリソース操作権限の奪取 に直結。 | D43: 3 | E43: 1 | F43: =IF(SPRV_Source_For_Formulas!G166<=0.2,3,IF(SPRV_Source_For_Formulas!G166<=0.5,2,1)) -> 3 | G43: =4-F43 -> 1 | H43: =IF(AND(D43=3,E43*G43>=6),"A",IF(AND(D43=3,E43*G43>=3),"B",IF(AND(D43=3,E43*G43>=1),"C",""))) -> C | I43: | 評価観点 | 状況・施策内容 | 評価 | | ----------------- | -------------------------------------------------- | ------ | | エンドポイント防御（EDR/AV） | EDR導入済み、シグネチャ更新自動化。未知マルウェアにはふるまい検知依存。 | ★★★（3） | | Webフィルタリング／改ざん検知 | SWG導入済。不審サイト遮断可能。ただし正規業務ポータル改ざんのゼロデイ検知は困難。 | ★★☆（2） | | パッチ管理／ソフト更新 | ブラウザ・OSはMDMで強制更新。48時間以内に重大パッチ適用（β’モデル準拠）。 | ★★★（3） | | アクセス制御（ZTNA） | 管理端末以外からのアクセスは不可。職員ID＋MFA必須。ただし端末感染時のセッション乗っ取りは残る。 | ★★☆（2） | | ログ監視・SOC連携 | SOC監視下にあり、端末挙動ログをSIEMで分析。ただし初期感染段階での即時検知は限定的。 | ★★☆（2） |→ 総合評価：2.4 → 切り上げて レベル3 | J43: =SPRV_Source_For_Formulas!D167 -> T1484.002 | K43: 仮想マシンを過去のスナップショットに復元し、パッチ未適用状態へ巻き戻す。 | L43: 3 | M43: 1 | N43: =IF(SPRV_Source_For_Formulas!G167<=0.2,3,IF(SPRV_Source_For_Formulas!G167<=0.5,2,1)) -> 3 | O43: =4-N43 -> 1 | P43: =IF(AND(L43=3,M43*O43>=6),"A",IF(AND(L43=3,M43*O43>=3),"B",IF(AND(L43=3,M43*O43>=1),"C",""))) -> C | Q43: | 評価観点 | 状況・施策内容 | 評価 | | -------------- | ------------------------------------- | ------ | | スナップショット管理 | 不要なスナップショットは削除済。ただし一部長期保存分が残存。 | ★★☆（2） | | 権限分離（IAM） | 復元操作は管理者ロールのみに限定。ただし権限過剰ロールが一部残存。 | ★★☆（2） | | 復元操作の監視・検知 | CloudTrail＋SIEMで監査は有効。ただし即時アラートは限定的。 | ★★☆（2） | | 脆弱性管理（パッチ適用体制） | β’モデル準拠で48時間以内のパッチ適用体制あり。復元されても再適用可能。 | ★★★（3） | | 承認フロー・監査 | 二重承認フローは導入済。ただし内部管理者操作は簡略化ケースあり。 | ★★☆（2） |→ 総合評価：2.2 → レベル2 | R43: =SPRV_Source_For_Formulas!D168 -> T1059.009 | S43: クラウドAPIを使ってスクリプトを遠隔実行し設定変更やマルウェア展開。 | T43: 3 | U43: 1 | V43: =IF(SPRV_Source_For_Formulas!G168<=0.2,3,IF(SPRV_Source_For_Formulas!G168<=0.5,2,1)) -> 3 | W43: =4-V43 -> 1 | X43: =IF(AND(T43=3,U43*W43>=6),"A",IF(AND(T43=3,U43*W43>=3),"B",IF(AND(T43=3,U43*W43>=1),"C",""))) -> C | Y43: | 観点 | 内容 | | ------------ | ----------------------------------------------------------------------- | | ? IAM制御 | IAM最小権限ポリシー、ロールベースアクセス制御（RBAC）の適用が前提となっており、基本的な対策は講じられていると考えられる | | ? API監視 | CloudTrail（AWS）やAudit Log（GCP）等による**API呼び出しログの記録と分析**も想定されている | | ? 不安要素 | クラウドAPIは「正規操作」として処理されやすいため、不正利用が**異常検知で気付きにくい**<br>⇒ 監視設定が甘いと侵害が長期化しやすい | | ? 利用頻度 | 管理者も通常業務でAPIを使うため、攻撃と区別が困難（例：異常な時間帯やIPでの利用を監視できるかどうかが鍵） | | ? 自治体側の技術成熟度 | クラウドセキュリティに不慣れな自治体ではAPI監査設定が**未設定または過剰権限のまま**であるケースが懸念される |リスクをさらに下げる効果的な対策は、| 項目 | 推奨構成（ベンダ中立） | | ----- | --------------------------------------------- | | ログ取得 | CloudTrail / Audit Logs + 長期保管 | | 検知・分析 | GuardDuty / SCC / Defender for Cloud + SIEM連携 | | 統制 | IAM最小権限 + 条件付きアクセス + 定期レビューワークフロー | | ツール連携 | EDRやPAM、SIEMとCNAppと連携して**誤用や内部不正**にも対応 | | Z43: =SPRV_Source_For_Formulas!D169 -> T1496.001 | AA43: 計算リソースを秘匿的に不正利用（Compute Hijacking）。 | AB43: 3 | AC43: 1 | AD43: =IF(SPRV_Source_For_Formulas!G169<=0.2,3,IF(SPRV_Source_For_Formulas!G169<=0.5,2,1)) -> 2 | AE43: =4-AD43 -> 2 | AF43: =IF(AND(AB43=3,AC43*AE43>=6),"A",IF(AND(AB43=3,AC43*AE43>=3),"B",IF(AND(AB43=3,AC43*AE43>=1),"C",""))) -> C | AG43: モニタリング＋しきい値制限（Azure Monitor等）で抑止可能。 | AP43: =MAX(D43,L43,T43,AB43) -> 3 | AQ43: 1 | AR43: =4-AS43 -> 1 | AS43: =MAX(F43,N43,V43,AD43) -> 3 | AT43: =IF(AND(AP43=3,AQ43*AR43>=6),"A",IF(AND(AP43=3,AQ43*AR43>=3),"B",IF(AND(AP43=3,AQ43*AR43>=1),"C",""))) -> C | AU43: ="Scenario-level Threat=1; Step1="&H43&" Step2="&P43&" Step3="&X43&" Step4="&AF43&" ; Overall Threat fixed=1, Max Mitigation="&AS43&" => Overall="&AT43 -> Scenario-level Threat=1; Step1=C Step2=C Step3=C Step4=C ; Overall Threat fixed=1, Max Mitigation=3 => Overall=C
A44: =SPRV_Source_For_Formulas!D170 -> T1189 | B44: 攻撃手法の具体化 運用管理者が、日常的に利用する 業務関連Webポータル／ガバメントクラウド管理サイト にアクセス。 攻撃者がWebサイトを改ざんし、マルウェアを仕込んでいる。 管理者が 閲覧またはファイルをダウンロードするだけで自動的にマルウェア感染。 結果として： 管理者端末を初期感染させ、GovCloud管理コンソールへの認証情報（セッションCookie、MFAトークン等）を窃取 その後の クラウドリソース操作権限の奪取 に直結。 | D44: 3 | E44: 1 | F44: =IF(SPRV_Source_For_Formulas!G170<=0.2,3,IF(SPRV_Source_For_Formulas!G170<=0.5,2,1)) -> 3 | G44: =4-F44 -> 1 | H44: =IF(AND(D44=3,E44*G44>=6),"A",IF(AND(D44=3,E44*G44>=3),"B",IF(AND(D44=3,E44*G44>=1),"C",""))) -> C | I44: | 評価観点 | 状況・施策内容 | 評価 | | ----------------- | -------------------------------------------------- | ------ | | エンドポイント防御（EDR/AV） | EDR導入済み、シグネチャ更新自動化。未知マルウェアにはふるまい検知依存。 | ★★★（3） | | Webフィルタリング／改ざん検知 | SWG導入済。不審サイト遮断可能。ただし正規業務ポータル改ざんのゼロデイ検知は困難。 | ★★☆（2） | | パッチ管理／ソフト更新 | ブラウザ・OSはMDMで強制更新。48時間以内に重大パッチ適用（β’モデル準拠）。 | ★★★（3） | | アクセス制御（ZTNA） | 管理端末以外からのアクセスは不可。職員ID＋MFA必須。ただし端末感染時のセッション乗っ取りは残る。 | ★★☆（2） | | ログ監視・SOC連携 | SOC監視下にあり、端末挙動ログをSIEMで分析。ただし初期感染段階での即時検知は限定的。 | ★★☆（2） |→ 総合評価：2.4 → 切り上げて レベル3 | J44: =SPRV_Source_For_Formulas!D171 -> T1484.002 | K44: 仮想マシンを過去のスナップショットに復元し、パッチ未適用状態へ巻き戻す。 | L44: 3 | M44: 1 | N44: =IF(SPRV_Source_For_Formulas!G171<=0.2,3,IF(SPRV_Source_For_Formulas!G171<=0.5,2,1)) -> 3 | O44: =4-N44 -> 1 | P44: =IF(AND(L44=3,M44*O44>=6),"A",IF(AND(L44=3,M44*O44>=3),"B",IF(AND(L44=3,M44*O44>=1),"C",""))) -> C | Q44: | 評価観点 | 状況・施策内容 | 評価 | | -------------- | ------------------------------------- | ------ | | スナップショット管理 | 不要なスナップショットは削除済。ただし一部長期保存分が残存。 | ★★☆（2） | | 権限分離（IAM） | 復元操作は管理者ロールのみに限定。ただし権限過剰ロールが一部残存。 | ★★☆（2） | | 復元操作の監視・検知 | CloudTrail＋SIEMで監査は有効。ただし即時アラートは限定的。 | ★★☆（2） | | 脆弱性管理（パッチ適用体制） | β’モデル準拠で48時間以内のパッチ適用体制あり。復元されても再適用可能。 | ★★★（3） | | 承認フロー・監査 | 二重承認フローは導入済。ただし内部管理者操作は簡略化ケースあり。 | ★★☆（2） |→ 総合評価：2.2 → レベル2 | R44: =SPRV_Source_For_Formulas!D172 -> T1059.009 | S44: クラウドAPIを使ってスクリプトを遠隔実行し設定変更やマルウェア展開。 | T44: 3 | U44: 1 | V44: =IF(SPRV_Source_For_Formulas!G172<=0.2,3,IF(SPRV_Source_For_Formulas!G172<=0.5,2,1)) -> 3 | W44: =4-V44 -> 1 | X44: =IF(AND(T44=3,U44*W44>=6),"A",IF(AND(T44=3,U44*W44>=3),"B",IF(AND(T44=3,U44*W44>=1),"C",""))) -> C | Y44: | 観点 | 内容 | | ------------ | ----------------------------------------------------------------------- | | ? IAM制御 | IAM最小権限ポリシー、ロールベースアクセス制御（RBAC）の適用が前提となっており、基本的な対策は講じられていると考えられる | | ? API監視 | CloudTrail（AWS）やAudit Log（GCP）等による**API呼び出しログの記録と分析**も想定されている | | ? 不安要素 | クラウドAPIは「正規操作」として処理されやすいため、不正利用が**異常検知で気付きにくい**<br>⇒ 監視設定が甘いと侵害が長期化しやすい | | ? 利用頻度 | 管理者も通常業務でAPIを使うため、攻撃と区別が困難（例：異常な時間帯やIPでの利用を監視できるかどうかが鍵） | | ? 自治体側の技術成熟度 | クラウドセキュリティに不慣れな自治体ではAPI監査設定が**未設定または過剰権限のまま**であるケースが懸念される |リスクをさらに下げる効果的な対策は、| 項目 | 推奨構成（ベンダ中立） | | ----- | --------------------------------------------- | | ログ取得 | CloudTrail / Audit Logs + 長期保管 | | 検知・分析 | GuardDuty / SCC / Defender for Cloud + SIEM連携 | | 統制 | IAM最小権限 + 条件付きアクセス + 定期レビューワークフロー | | ツール連携 | EDRやPAM、SIEMとCNAppと連携して**誤用や内部不正**にも対応 | | Z44: =SPRV_Source_For_Formulas!D173 -> T1496.004 | AA44: クラウドAPI経由で Proxy Server on GovCloud に対して以下を実施： EC2/EBSなどのストレージを暗号化（KMSキーを使って再暗号化またはKMSキーを削除） OSレベルでスクリプトを投入し、ボリュームをBitLockerやLinuxのLUKS等で暗号化 システムログやスナップショットの削除による復旧妨害 IAMの一時的制御権を用いた“復旧阻止”工作 ガバメントクラウド内で復旧オプションが封じられた状態にされることで、実質的なデータロックアウトが生じる。 | AB44: 3 | AC44: 1 | AD44: =IF(SPRV_Source_For_Formulas!G173<=0.2,3,IF(SPRV_Source_For_Formulas!G173<=0.5,2,1)) -> 2 | AE44: =4-AD44 -> 2 | AF44: =IF(AND(AB44=3,AC44*AE44>=6),"A",IF(AND(AB44=3,AC44*AE44>=3),"B",IF(AND(AB44=3,AC44*AE44>=1),"C",""))) -> C | AG44: | 評価観点 | 評価内容 | 評価 | | ------------- | ---------------------------------------------------- | ------ | | データ暗号化制御 | KMSのアクセス制御やEBS暗号化ポリシーは一部導入。ただしProxy Server単体の制御は未記載。 | ★★☆（2） | | ログ・スナップショット保全 | CloudTrailログ保全は一部設定あり。スナップショット削除阻止や整合性保全策は記載なし。 | ★★☆（2） | | API実行制御 | Step3でAPI攻撃が成立済のため、IAM/API制御に抜けあり。SSPM未導入。 | ★☆☆（1） |→ 総合評価：1.7 → 切り捨てて「レベル1」 | AP44: =MAX(D44,L44,T44,AB44) -> 3 | AQ44: 1 | AR44: =4-AS44 -> 1 | AS44: =MAX(F44,N44,V44,AD44) -> 3 | AT44: =IF(AND(AP44=3,AQ44*AR44>=6),"A",IF(AND(AP44=3,AQ44*AR44>=3),"B",IF(AND(AP44=3,AQ44*AR44>=1),"C",""))) -> C | AU44: ="Scenario-level Threat=1; Step1="&H44&" Step2="&P44&" Step3="&X44&" Step4="&AF44&" ; Overall Threat fixed=1, Max Mitigation="&AS44&" => Overall="&AT44 -> Scenario-level Threat=1; Step1=C Step2=C Step3=C Step4=C ; Overall Threat fixed=1, Max Mitigation=3 => Overall=C
A45: =SPRV_Source_For_Formulas!D174 -> T1189 | B45: 攻撃手法の具体化 運用管理者が、日常的に利用する 業務関連Webポータル／ガバメントクラウド管理サイト にアクセス。 攻撃者がWebサイトを改ざんし、マルウェアを仕込んでいる。 管理者が 閲覧またはファイルをダウンロードするだけで自動的にマルウェア感染。 結果として： 管理者端末を初期感染させ、GovCloud管理コンソールへの認証情報（セッションCookie、MFAトークン等）を窃取 その後の クラウドリソース操作権限の奪取 に直結。 | D45: 3 | E45: 1 | F45: =IF(SPRV_Source_For_Formulas!G174<=0.2,3,IF(SPRV_Source_For_Formulas!G174<=0.5,2,1)) -> 3 | G45: =4-F45 -> 1 | H45: =IF(AND(D45=3,E45*G45>=6),"A",IF(AND(D45=3,E45*G45>=3),"B",IF(AND(D45=3,E45*G45>=1),"C",""))) -> C | I45: | 評価観点 | 状況・施策内容 | 評価 | | ----------------- | -------------------------------------------------- | ------ | | エンドポイント防御（EDR/AV） | EDR導入済み、シグネチャ更新自動化。未知マルウェアにはふるまい検知依存。 | ★★★（3） | | Webフィルタリング／改ざん検知 | SWG導入済。不審サイト遮断可能。ただし正規業務ポータル改ざんのゼロデイ検知は困難。 | ★★☆（2） | | パッチ管理／ソフト更新 | ブラウザ・OSはMDMで強制更新。48時間以内に重大パッチ適用（β’モデル準拠）。 | ★★★（3） | | アクセス制御（ZTNA） | 管理端末以外からのアクセスは不可。職員ID＋MFA必須。ただし端末感染時のセッション乗っ取りは残る。 | ★★☆（2） | | ログ監視・SOC連携 | SOC監視下にあり、端末挙動ログをSIEMで分析。ただし初期感染段階での即時検知は限定的。 | ★★☆（2） |→ 総合評価：2.4 → 切り上げて レベル3 | J45: =SPRV_Source_For_Formulas!D175 -> T1484.002 | K45: 仮想マシンを過去のスナップショットに復元し、パッチ未適用状態へ巻き戻す。 | L45: 3 | M45: 1 | N45: =IF(SPRV_Source_For_Formulas!G175<=0.2,3,IF(SPRV_Source_For_Formulas!G175<=0.5,2,1)) -> 3 | O45: =4-N45 -> 1 | P45: =IF(AND(L45=3,M45*O45>=6),"A",IF(AND(L45=3,M45*O45>=3),"B",IF(AND(L45=3,M45*O45>=1),"C",""))) -> C | Q45: | 評価観点 | 状況・施策内容 | 評価 | | -------------- | ------------------------------------- | ------ | | スナップショット管理 | 不要なスナップショットは削除済。ただし一部長期保存分が残存。 | ★★☆（2） | | 権限分離（IAM） | 復元操作は管理者ロールのみに限定。ただし権限過剰ロールが一部残存。 | ★★☆（2） | | 復元操作の監視・検知 | CloudTrail＋SIEMで監査は有効。ただし即時アラートは限定的。 | ★★☆（2） | | 脆弱性管理（パッチ適用体制） | β’モデル準拠で48時間以内のパッチ適用体制あり。復元されても再適用可能。 | ★★★（3） | | 承認フロー・監査 | 二重承認フローは導入済。ただし内部管理者操作は簡略化ケースあり。 | ★★☆（2） |→ 総合評価：2.2 → レベル2 | R45: =SPRV_Source_For_Formulas!D176 -> T1059.009 | S45: クラウドAPIを使ってスクリプトを遠隔実行し設定変更やマルウェア展開。 | T45: 3 | U45: 1 | V45: =IF(SPRV_Source_For_Formulas!G176<=0.2,3,IF(SPRV_Source_For_Formulas!G176<=0.5,2,1)) -> 3 | W45: =4-V45 -> 1 | X45: =IF(AND(T45=3,U45*W45>=6),"A",IF(AND(T45=3,U45*W45>=3),"B",IF(AND(T45=3,U45*W45>=1),"C",""))) -> C | Y45: | 観点 | 内容 | | ------------ | ----------------------------------------------------------------------- | | ? IAM制御 | IAM最小権限ポリシー、ロールベースアクセス制御（RBAC）の適用が前提となっており、基本的な対策は講じられていると考えられる | | ? API監視 | CloudTrail（AWS）やAudit Log（GCP）等による**API呼び出しログの記録と分析**も想定されている | | ? 不安要素 | クラウドAPIは「正規操作」として処理されやすいため、不正利用が**異常検知で気付きにくい**<br>⇒ 監視設定が甘いと侵害が長期化しやすい | | ? 利用頻度 | 管理者も通常業務でAPIを使うため、攻撃と区別が困難（例：異常な時間帯やIPでの利用を監視できるかどうかが鍵） | | ? 自治体側の技術成熟度 | クラウドセキュリティに不慣れな自治体ではAPI監査設定が**未設定または過剰権限のまま**であるケースが懸念される |リスクをさらに下げる効果的な対策は、| 項目 | 推奨構成（ベンダ中立） | | ----- | --------------------------------------------- | | ログ取得 | CloudTrail / Audit Logs + 長期保管 | | 検知・分析 | GuardDuty / SCC / Defender for Cloud + SIEM連携 | | 統制 | IAM最小権限 + 条件付きアクセス + 定期レビューワークフロー | | ツール連携 | EDRやPAM、SIEMとCNAppと連携して**誤用や内部不正**にも対応 | | Z45: =SPRV_Source_For_Formulas!D177 -> T1496.002 | AA45: 侵入済みのクラウド環境において、プロキシサーバの帯域を意図的に消費（例：大量データ送信、仮想マイニングノードの設置など）することで、ガバメントクラウドやVPN経路の通信品質を劣化させ、他の通信遅延・業務妨害を引き起こすDoS型の資源枯渇攻撃に該当。システム停止を伴わずに“リソース占有”による間接的な被害を狙う | AB45: 3 | AC45: 1 | AD45: =IF(SPRV_Source_For_Formulas!G177<=0.2,3,IF(SPRV_Source_For_Formulas!G177<=0.5,2,1)) -> 2 | AE45: =4-AD45 -> 2 | AF45: =IF(AND(AB45=3,AC45*AE45>=6),"A",IF(AND(AB45=3,AC45*AE45>=3),"B",IF(AND(AB45=3,AC45*AE45>=1),"C",""))) -> C | AG45: | 評価カテゴリ | 対策内容（遵守済と仮定） | 評価 | | ----------------- | -------------------------------------------------------- | ------ | | **プロキシ通信監視** | SWG・Proxyログは収集済、SIEM連携も実施。DNSや宛先IPでのトラフィック可視化が可能。 | ★★★（3） | | **異常帯域検出とアラート** | GuardDuty相当で異常通信のアラートはあるが、**帯域使用量ベースのしきい値監視は未設定** | ★★☆（2） | | **アウトバウンド制御** | Egress制御ポリシーあり（国別やFQDN制限）。ただし動的アノマリー検知は未導入。 | ★★☆（2） | | **構成ミス・ルーティング検知** | CSPMは導入済。SWGの過剰許可設定については検出対象。 | ★★★（3） | | **サービス間通信制限** | VPCピアリングやプロキシ経路の制限は設計上存在。ただし、**運用上の例外が散見される**（一部緩いルールあり） | ★★☆（2） |総合評価（レベル判定） 評価平均：約 2.4 → 切り上げ処理により レベル：★★★（3） | AP45: =MAX(D45,L45,T45,AB45) -> 3 | AQ45: 1 | AR45: =4-AS45 -> 1 | AS45: =MAX(F45,N45,V45,AD45) -> 3 | AT45: =IF(AND(AP45=3,AQ45*AR45>=6),"A",IF(AND(AP45=3,AQ45*AR45>=3),"B",IF(AND(AP45=3,AQ45*AR45>=1),"C",""))) -> C | AU45: ="Scenario-level Threat=1; Step1="&H45&" Step2="&P45&" Step3="&X45&" Step4="&AF45&" ; Overall Threat fixed=1, Max Mitigation="&AS45&" => Overall="&AT45 -> Scenario-level Threat=1; Step1=C Step2=C Step3=C Step4=C ; Overall Threat fixed=1, Max Mitigation=3 => Overall=C
A46: =SPRV_Source_For_Formulas!D178 -> T1189 | B46: 攻撃手法の具体化 運用管理者が、日常的に利用する 業務関連Webポータル／ガバメントクラウド管理サイト にアクセス。 攻撃者がWebサイトを改ざんし、マルウェアを仕込んでいる。 管理者が 閲覧またはファイルをダウンロードするだけで自動的にマルウェア感染。 結果として： 管理者端末を初期感染させ、GovCloud管理コンソールへの認証情報（セッションCookie、MFAトークン等）を窃取 その後の クラウドリソース操作権限の奪取 に直結。 | D46: 3 | E46: 1 | F46: =IF(SPRV_Source_For_Formulas!G178<=0.2,3,IF(SPRV_Source_For_Formulas!G178<=0.5,2,1)) -> 3 | G46: =4-F46 -> 1 | H46: =IF(AND(D46=3,E46*G46>=6),"A",IF(AND(D46=3,E46*G46>=3),"B",IF(AND(D46=3,E46*G46>=1),"C",""))) -> C | I46: | 評価観点 | 状況・施策内容 | 評価 | | ----------------- | -------------------------------------------------- | ------ | | エンドポイント防御（EDR/AV） | EDR導入済み、シグネチャ更新自動化。未知マルウェアにはふるまい検知依存。 | ★★★（3） | | Webフィルタリング／改ざん検知 | SWG導入済。不審サイト遮断可能。ただし正規業務ポータル改ざんのゼロデイ検知は困難。 | ★★☆（2） | | パッチ管理／ソフト更新 | ブラウザ・OSはMDMで強制更新。48時間以内に重大パッチ適用（β’モデル準拠）。 | ★★★（3） | | アクセス制御（ZTNA） | 管理端末以外からのアクセスは不可。職員ID＋MFA必須。ただし端末感染時のセッション乗っ取りは残る。 | ★★☆（2） | | ログ監視・SOC連携 | SOC監視下にあり、端末挙動ログをSIEMで分析。ただし初期感染段階での即時検知は限定的。 | ★★☆（2） |→ 総合評価：2.4 → 切り上げて レベル3 | J46: =SPRV_Source_For_Formulas!D179 -> T1484.002 | K46: 仮想マシンを過去のスナップショットに復元し、パッチ未適用状態へ巻き戻す。 | L46: 3 | M46: 1 | N46: =IF(SPRV_Source_For_Formulas!G179<=0.2,3,IF(SPRV_Source_For_Formulas!G179<=0.5,2,1)) -> 3 | O46: =4-N46 -> 1 | P46: =IF(AND(L46=3,M46*O46>=6),"A",IF(AND(L46=3,M46*O46>=3),"B",IF(AND(L46=3,M46*O46>=1),"C",""))) -> C | Q46: | 評価観点 | 状況・施策内容 | 評価 | | -------------- | ------------------------------------- | ------ | | スナップショット管理 | 不要なスナップショットは削除済。ただし一部長期保存分が残存。 | ★★☆（2） | | 権限分離（IAM） | 復元操作は管理者ロールのみに限定。ただし権限過剰ロールが一部残存。 | ★★☆（2） | | 復元操作の監視・検知 | CloudTrail＋SIEMで監査は有効。ただし即時アラートは限定的。 | ★★☆（2） | | 脆弱性管理（パッチ適用体制） | β’モデル準拠で48時間以内のパッチ適用体制あり。復元されても再適用可能。 | ★★★（3） | | 承認フロー・監査 | 二重承認フローは導入済。ただし内部管理者操作は簡略化ケースあり。 | ★★☆（2） |→ 総合評価：2.2 → レベル2 | R46: =SPRV_Source_For_Formulas!D180 -> T1484.002 | S46: GPOなどを再度改変し、持続的侵入を確保。 | T46: 3 | U46: 1 | V46: =IF(SPRV_Source_For_Formulas!G180<=0.2,3,IF(SPRV_Source_For_Formulas!G180<=0.5,2,1)) -> 3 | W46: =4-V46 -> 1 | X46: =IF(AND(T46=3,U46*W46>=6),"A",IF(AND(T46=3,U46*W46>=3),"B",IF(AND(T46=3,U46*W46>=1),"C",""))) -> C | Y46: | 対策カテゴリ | 記載内容 | 評価 | | ------------------- | -------------------------------- | -------------- | | **IAM権限制御の厳格化** | 「特権ロールは必要最小限に限定」「特定職員のみ管理可能」 | 実施済 | | **クラウド設定の変更履歴の監査** | 「CloudTrail等を用いた変更記録」「月次で変更レビュー」 | 実施（GovCloud要件） | | **SaaS側のロール分離** | 「システム管理者とデータ閲覧者の分離」 | 一部SaaSで未対応 | | **クラウド構成管理**（CSPM等） | 「自動でポリシー逸脱を検知・可視化」 | 一部導入（推奨構成ベース） | | **異常挙動検知（UEBA）** | 「IAM操作ログの異常行動監視」 | 導入未確実（明記なし） | さらなる効果的な対策は、UEBA（ユーザー行動分析）やCNAPPの導入強化により、意図しないポリシー変更の「兆候検知」が可能 **SaaS基盤側のIAM制御精度向上（管理者ロールの細分化）**は今後の課題 **構成管理の自動逸脱修正（Auto Remediation）**の仕組み導入が望まれる | Z46: =SPRV_Source_For_Formulas!D181 -> T1486 | AA46: クラウドリソース（仮想マシン等）を乗っ取り、暗号資産マイニング/DDoS中継に悪用。 | AB46: 3 | AC46: 1 | AD46: =IF(SPRV_Source_For_Formulas!G181<=0.2,3,IF(SPRV_Source_For_Formulas!G181<=0.5,2,1)) -> 3 | AE46: =4-AD46 -> 1 | AF46: =IF(AND(AB46=3,AC46*AE46>=6),"A",IF(AND(AB46=3,AC46*AE46>=3),"B",IF(AND(AB46=3,AC46*AE46>=1),"C",""))) -> C | AG46: CSPMによるリソース使用率監視、アラート設定が有効（β’3.4.3相当）。 | AP46: =MAX(D46,L46,T46,AB46) -> 3 | AQ46: 1 | AR46: =4-AS46 -> 1 | AS46: =MAX(F46,N46,V46,AD46) -> 3 | AT46: =IF(AND(AP46=3,AQ46*AR46>=6),"A",IF(AND(AP46=3,AQ46*AR46>=3),"B",IF(AND(AP46=3,AQ46*AR46>=1),"C",""))) -> C | AU46: ="Scenario-level Threat=1; Step1="&H46&" Step2="&P46&" Step3="&X46&" Step4="&AF46&" ; Overall Threat fixed=1, Max Mitigation="&AS46&" => Overall="&AT46 -> Scenario-level Threat=1; Step1=C Step2=C Step3=C Step4=C ; Overall Threat fixed=1, Max Mitigation=3 => Overall=C
A47: =SPRV_Source_For_Formulas!D182 -> T1189 | B47: 攻撃手法の具体化 運用管理者が、日常的に利用する 業務関連Webポータル／ガバメントクラウド管理サイト にアクセス。 攻撃者がWebサイトを改ざんし、マルウェアを仕込んでいる。 管理者が 閲覧またはファイルをダウンロードするだけで自動的にマルウェア感染。 結果として： 管理者端末を初期感染させ、GovCloud管理コンソールへの認証情報（セッションCookie、MFAトークン等）を窃取 その後の クラウドリソース操作権限の奪取 に直結。 | D47: 3 | E47: 1 | F47: =IF(SPRV_Source_For_Formulas!G182<=0.2,3,IF(SPRV_Source_For_Formulas!G182<=0.5,2,1)) -> 3 | G47: =4-F47 -> 1 | H47: =IF(AND(D47=3,E47*G47>=6),"A",IF(AND(D47=3,E47*G47>=3),"B",IF(AND(D47=3,E47*G47>=1),"C",""))) -> C | I47: | 評価観点 | 状況・施策内容 | 評価 | | ----------------- | -------------------------------------------------- | ------ | | エンドポイント防御（EDR/AV） | EDR導入済み、シグネチャ更新自動化。未知マルウェアにはふるまい検知依存。 | ★★★（3） | | Webフィルタリング／改ざん検知 | SWG導入済。不審サイト遮断可能。ただし正規業務ポータル改ざんのゼロデイ検知は困難。 | ★★☆（2） | | パッチ管理／ソフト更新 | ブラウザ・OSはMDMで強制更新。48時間以内に重大パッチ適用（β’モデル準拠）。 | ★★★（3） | | アクセス制御（ZTNA） | 管理端末以外からのアクセスは不可。職員ID＋MFA必須。ただし端末感染時のセッション乗っ取りは残る。 | ★★☆（2） | | ログ監視・SOC連携 | SOC監視下にあり、端末挙動ログをSIEMで分析。ただし初期感染段階での即時検知は限定的。 | ★★☆（2） |→ 総合評価：2.4 → 切り上げて レベル3 | J47: =SPRV_Source_For_Formulas!D183 -> T1484.002 | K47: 仮想マシンを過去のスナップショットに復元し、パッチ未適用状態へ巻き戻す。 | L47: 3 | M47: 1 | N47: =IF(SPRV_Source_For_Formulas!G183<=0.2,3,IF(SPRV_Source_For_Formulas!G183<=0.5,2,1)) -> 3 | O47: =4-N47 -> 1 | P47: =IF(AND(L47=3,M47*O47>=6),"A",IF(AND(L47=3,M47*O47>=3),"B",IF(AND(L47=3,M47*O47>=1),"C",""))) -> C | Q47: | 評価観点 | 状況・施策内容 | 評価 | | -------------- | ------------------------------------- | ------ | | スナップショット管理 | 不要なスナップショットは削除済。ただし一部長期保存分が残存。 | ★★☆（2） | | 権限分離（IAM） | 復元操作は管理者ロールのみに限定。ただし権限過剰ロールが一部残存。 | ★★☆（2） | | 復元操作の監視・検知 | CloudTrail＋SIEMで監査は有効。ただし即時アラートは限定的。 | ★★☆（2） | | 脆弱性管理（パッチ適用体制） | β’モデル準拠で48時間以内のパッチ適用体制あり。復元されても再適用可能。 | ★★★（3） | | 承認フロー・監査 | 二重承認フローは導入済。ただし内部管理者操作は簡略化ケースあり。 | ★★☆（2） |→ 総合評価：2.2 → レベル2 | R47: =SPRV_Source_For_Formulas!D184 -> T1484.002 | S47: GPOなどを再度改変し、持続的侵入を確保。 | T47: 3 | U47: 1 | V47: =IF(SPRV_Source_For_Formulas!G184<=0.2,3,IF(SPRV_Source_For_Formulas!G184<=0.5,2,1)) -> 3 | W47: =4-V47 -> 1 | X47: =IF(AND(T47=3,U47*W47>=6),"A",IF(AND(T47=3,U47*W47>=3),"B",IF(AND(T47=3,U47*W47>=1),"C",""))) -> C | Y47: | 対策カテゴリ | 記載内容 | 評価 | | ------------------- | -------------------------------- | -------------- | | **IAM権限制御の厳格化** | 「特権ロールは必要最小限に限定」「特定職員のみ管理可能」 | 実施済 | | **クラウド設定の変更履歴の監査** | 「CloudTrail等を用いた変更記録」「月次で変更レビュー」 | 実施（GovCloud要件） | | **SaaS側のロール分離** | 「システム管理者とデータ閲覧者の分離」 | 一部SaaSで未対応 | | **クラウド構成管理**（CSPM等） | 「自動でポリシー逸脱を検知・可視化」 | 一部導入（推奨構成ベース） | | **異常挙動検知（UEBA）** | 「IAM操作ログの異常行動監視」 | 導入未確実（明記なし） | さらなる効果的な対策は、UEBA（ユーザー行動分析）やCNAPPの導入強化により、意図しないポリシー変更の「兆候検知」が可能 **SaaS基盤側のIAM制御精度向上（管理者ロールの細分化）**は今後の課題 **構成管理の自動逸脱修正（Auto Remediation）**の仕組み導入が望まれる | Z47: =SPRV_Source_For_Formulas!D185 -> T1496.001 | AA47: 計算リソースを秘匿的に不正利用（Compute Hijacking）。 | AB47: 3 | AC47: 1 | AD47: =IF(SPRV_Source_For_Formulas!G185<=0.2,3,IF(SPRV_Source_For_Formulas!G185<=0.5,2,1)) -> 2 | AE47: =4-AD47 -> 2 | AF47: =IF(AND(AB47=3,AC47*AE47>=6),"A",IF(AND(AB47=3,AC47*AE47>=3),"B",IF(AND(AB47=3,AC47*AE47>=1),"C",""))) -> C | AG47: モニタリング＋しきい値制限（Azure Monitor等）で抑止可能。 | AP47: =MAX(D47,L47,T47,AB47) -> 3 | AQ47: 1 | AR47: =4-AS47 -> 1 | AS47: =MAX(F47,N47,V47,AD47) -> 3 | AT47: =IF(AND(AP47=3,AQ47*AR47>=6),"A",IF(AND(AP47=3,AQ47*AR47>=3),"B",IF(AND(AP47=3,AQ47*AR47>=1),"C",""))) -> C | AU47: ="Scenario-level Threat=1; Step1="&H47&" Step2="&P47&" Step3="&X47&" Step4="&AF47&" ; Overall Threat fixed=1, Max Mitigation="&AS47&" => Overall="&AT47 -> Scenario-level Threat=1; Step1=C Step2=C Step3=C Step4=C ; Overall Threat fixed=1, Max Mitigation=3 => Overall=C
A48: =SPRV_Source_For_Formulas!D186 -> T1189 | B48: 攻撃手法の具体化 運用管理者が、日常的に利用する 業務関連Webポータル／ガバメントクラウド管理サイト にアクセス。 攻撃者がWebサイトを改ざんし、マルウェアを仕込んでいる。 管理者が 閲覧またはファイルをダウンロードするだけで自動的にマルウェア感染。 結果として： 管理者端末を初期感染させ、GovCloud管理コンソールへの認証情報（セッションCookie、MFAトークン等）を窃取 その後の クラウドリソース操作権限の奪取 に直結。 | D48: 3 | E48: 1 | F48: =IF(SPRV_Source_For_Formulas!G186<=0.2,3,IF(SPRV_Source_For_Formulas!G186<=0.5,2,1)) -> 3 | G48: =4-F48 -> 1 | H48: =IF(AND(D48=3,E48*G48>=6),"A",IF(AND(D48=3,E48*G48>=3),"B",IF(AND(D48=3,E48*G48>=1),"C",""))) -> C | I48: | 評価観点 | 状況・施策内容 | 評価 | | ----------------- | -------------------------------------------------- | ------ | | エンドポイント防御（EDR/AV） | EDR導入済み、シグネチャ更新自動化。未知マルウェアにはふるまい検知依存。 | ★★★（3） | | Webフィルタリング／改ざん検知 | SWG導入済。不審サイト遮断可能。ただし正規業務ポータル改ざんのゼロデイ検知は困難。 | ★★☆（2） | | パッチ管理／ソフト更新 | ブラウザ・OSはMDMで強制更新。48時間以内に重大パッチ適用（β’モデル準拠）。 | ★★★（3） | | アクセス制御（ZTNA） | 管理端末以外からのアクセスは不可。職員ID＋MFA必須。ただし端末感染時のセッション乗っ取りは残る。 | ★★☆（2） | | ログ監視・SOC連携 | SOC監視下にあり、端末挙動ログをSIEMで分析。ただし初期感染段階での即時検知は限定的。 | ★★☆（2） |→ 総合評価：2.4 → 切り上げて レベル3 | J48: =SPRV_Source_For_Formulas!D187 -> T1484.002 | K48: 仮想マシンを過去のスナップショットに復元し、パッチ未適用状態へ巻き戻す。 | L48: 3 | M48: 1 | N48: =IF(SPRV_Source_For_Formulas!G187<=0.2,3,IF(SPRV_Source_For_Formulas!G187<=0.5,2,1)) -> 3 | O48: =4-N48 -> 1 | P48: =IF(AND(L48=3,M48*O48>=6),"A",IF(AND(L48=3,M48*O48>=3),"B",IF(AND(L48=3,M48*O48>=1),"C",""))) -> C | Q48: | 評価観点 | 状況・施策内容 | 評価 | | -------------- | ------------------------------------- | ------ | | スナップショット管理 | 不要なスナップショットは削除済。ただし一部長期保存分が残存。 | ★★☆（2） | | 権限分離（IAM） | 復元操作は管理者ロールのみに限定。ただし権限過剰ロールが一部残存。 | ★★☆（2） | | 復元操作の監視・検知 | CloudTrail＋SIEMで監査は有効。ただし即時アラートは限定的。 | ★★☆（2） | | 脆弱性管理（パッチ適用体制） | β’モデル準拠で48時間以内のパッチ適用体制あり。復元されても再適用可能。 | ★★★（3） | | 承認フロー・監査 | 二重承認フローは導入済。ただし内部管理者操作は簡略化ケースあり。 | ★★☆（2） |→ 総合評価：2.2 → レベル2 | R48: =SPRV_Source_For_Formulas!D188 -> T1484.002 | S48: GPOなどを再度改変し、持続的侵入を確保。 | T48: 3 | U48: 1 | V48: =IF(SPRV_Source_For_Formulas!G188<=0.2,3,IF(SPRV_Source_For_Formulas!G188<=0.5,2,1)) -> 3 | W48: =4-V48 -> 1 | X48: =IF(AND(T48=3,U48*W48>=6),"A",IF(AND(T48=3,U48*W48>=3),"B",IF(AND(T48=3,U48*W48>=1),"C",""))) -> C | Y48: | 対策カテゴリ | 記載内容 | 評価 | | ------------------- | -------------------------------- | -------------- | | **IAM権限制御の厳格化** | 「特権ロールは必要最小限に限定」「特定職員のみ管理可能」 | 実施済 | | **クラウド設定の変更履歴の監査** | 「CloudTrail等を用いた変更記録」「月次で変更レビュー」 | 実施（GovCloud要件） | | **SaaS側のロール分離** | 「システム管理者とデータ閲覧者の分離」 | 一部SaaSで未対応 | | **クラウド構成管理**（CSPM等） | 「自動でポリシー逸脱を検知・可視化」 | 一部導入（推奨構成ベース） | | **異常挙動検知（UEBA）** | 「IAM操作ログの異常行動監視」 | 導入未確実（明記なし） | さらなる効果的な対策は、UEBA（ユーザー行動分析）やCNAPPの導入強化により、意図しないポリシー変更の「兆候検知」が可能 **SaaS基盤側のIAM制御精度向上（管理者ロールの細分化）**は今後の課題 **構成管理の自動逸脱修正（Auto Remediation）**の仕組み導入が望まれる | Z48: =SPRV_Source_For_Formulas!D189 -> T1496.004 | AA48: クラウドAPI経由で Proxy Server on GovCloud に対して以下を実施： EC2/EBSなどのストレージを暗号化（KMSキーを使って再暗号化またはKMSキーを削除） OSレベルでスクリプトを投入し、ボリュームをBitLockerやLinuxのLUKS等で暗号化 システムログやスナップショットの削除による復旧妨害 IAMの一時的制御権を用いた“復旧阻止”工作 ガバメントクラウド内で復旧オプションが封じられた状態にされることで、実質的なデータロックアウトが生じる。 | AB48: 3 | AC48: 1 | AD48: =IF(SPRV_Source_For_Formulas!G189<=0.2,3,IF(SPRV_Source_For_Formulas!G189<=0.5,2,1)) -> 2 | AE48: =4-AD48 -> 2 | AF48: =IF(AND(AB48=3,AC48*AE48>=6),"A",IF(AND(AB48=3,AC48*AE48>=3),"B",IF(AND(AB48=3,AC48*AE48>=1),"C",""))) -> C | AG48: | 評価観点 | 評価内容 | 評価 | | ------------- | ---------------------------------------------------- | ------ | | データ暗号化制御 | KMSのアクセス制御やEBS暗号化ポリシーは一部導入。ただしProxy Server単体の制御は未記載。 | ★★☆（2） | | ログ・スナップショット保全 | CloudTrailログ保全は一部設定あり。スナップショット削除阻止や整合性保全策は記載なし。 | ★★☆（2） | | API実行制御 | Step3でAPI攻撃が成立済のため、IAM/API制御に抜けあり。SSPM未導入。 | ★☆☆（1） |→ 総合評価：1.7 → 切り捨てて「レベル1」 | AP48: =MAX(D48,L48,T48,AB48) -> 3 | AQ48: 1 | AR48: =4-AS48 -> 1 | AS48: =MAX(F48,N48,V48,AD48) -> 3 | AT48: =IF(AND(AP48=3,AQ48*AR48>=6),"A",IF(AND(AP48=3,AQ48*AR48>=3),"B",IF(AND(AP48=3,AQ48*AR48>=1),"C",""))) -> C | AU48: ="Scenario-level Threat=1; Step1="&H48&" Step2="&P48&" Step3="&X48&" Step4="&AF48&" ; Overall Threat fixed=1, Max Mitigation="&AS48&" => Overall="&AT48 -> Scenario-level Threat=1; Step1=C Step2=C Step3=C Step4=C ; Overall Threat fixed=1, Max Mitigation=3 => Overall=C
A49: =SPRV_Source_For_Formulas!D190 -> T1189 | B49: 攻撃手法の具体化 運用管理者が、日常的に利用する 業務関連Webポータル／ガバメントクラウド管理サイト にアクセス。 攻撃者がWebサイトを改ざんし、マルウェアを仕込んでいる。 管理者が 閲覧またはファイルをダウンロードするだけで自動的にマルウェア感染。 結果として： 管理者端末を初期感染させ、GovCloud管理コンソールへの認証情報（セッションCookie、MFAトークン等）を窃取 その後の クラウドリソース操作権限の奪取 に直結。 | D49: 3 | E49: 1 | F49: =IF(SPRV_Source_For_Formulas!G190<=0.2,3,IF(SPRV_Source_For_Formulas!G190<=0.5,2,1)) -> 3 | G49: =4-F49 -> 1 | H49: =IF(AND(D49=3,E49*G49>=6),"A",IF(AND(D49=3,E49*G49>=3),"B",IF(AND(D49=3,E49*G49>=1),"C",""))) -> C | I49: | 評価観点 | 状況・施策内容 | 評価 | | ----------------- | -------------------------------------------------- | ------ | | エンドポイント防御（EDR/AV） | EDR導入済み、シグネチャ更新自動化。未知マルウェアにはふるまい検知依存。 | ★★★（3） | | Webフィルタリング／改ざん検知 | SWG導入済。不審サイト遮断可能。ただし正規業務ポータル改ざんのゼロデイ検知は困難。 | ★★☆（2） | | パッチ管理／ソフト更新 | ブラウザ・OSはMDMで強制更新。48時間以内に重大パッチ適用（β’モデル準拠）。 | ★★★（3） | | アクセス制御（ZTNA） | 管理端末以外からのアクセスは不可。職員ID＋MFA必須。ただし端末感染時のセッション乗っ取りは残る。 | ★★☆（2） | | ログ監視・SOC連携 | SOC監視下にあり、端末挙動ログをSIEMで分析。ただし初期感染段階での即時検知は限定的。 | ★★☆（2） |→ 総合評価：2.4 → 切り上げて レベル3 | J49: =SPRV_Source_For_Formulas!D191 -> T1484.002 | K49: 仮想マシンを過去のスナップショットに復元し、パッチ未適用状態へ巻き戻す。 | L49: 3 | M49: 1 | N49: =IF(SPRV_Source_For_Formulas!G191<=0.2,3,IF(SPRV_Source_For_Formulas!G191<=0.5,2,1)) -> 3 | O49: =4-N49 -> 1 | P49: =IF(AND(L49=3,M49*O49>=6),"A",IF(AND(L49=3,M49*O49>=3),"B",IF(AND(L49=3,M49*O49>=1),"C",""))) -> C | Q49: | 評価観点 | 状況・施策内容 | 評価 | | -------------- | ------------------------------------- | ------ | | スナップショット管理 | 不要なスナップショットは削除済。ただし一部長期保存分が残存。 | ★★☆（2） | | 権限分離（IAM） | 復元操作は管理者ロールのみに限定。ただし権限過剰ロールが一部残存。 | ★★☆（2） | | 復元操作の監視・検知 | CloudTrail＋SIEMで監査は有効。ただし即時アラートは限定的。 | ★★☆（2） | | 脆弱性管理（パッチ適用体制） | β’モデル準拠で48時間以内のパッチ適用体制あり。復元されても再適用可能。 | ★★★（3） | | 承認フロー・監査 | 二重承認フローは導入済。ただし内部管理者操作は簡略化ケースあり。 | ★★☆（2） |→ 総合評価：2.2 → レベル2 | R49: =SPRV_Source_For_Formulas!D192 -> T1484.002 | S49: GPOなどを再度改変し、持続的侵入を確保。 | T49: 3 | U49: 1 | V49: =IF(SPRV_Source_For_Formulas!G192<=0.2,3,IF(SPRV_Source_For_Formulas!G192<=0.5,2,1)) -> 3 | W49: =4-V49 -> 1 | X49: =IF(AND(T49=3,U49*W49>=6),"A",IF(AND(T49=3,U49*W49>=3),"B",IF(AND(T49=3,U49*W49>=1),"C",""))) -> C | Y49: | 対策カテゴリ | 記載内容 | 評価 | | ------------------- | -------------------------------- | -------------- | | **IAM権限制御の厳格化** | 「特権ロールは必要最小限に限定」「特定職員のみ管理可能」 | 実施済 | | **クラウド設定の変更履歴の監査** | 「CloudTrail等を用いた変更記録」「月次で変更レビュー」 | 実施（GovCloud要件） | | **SaaS側のロール分離** | 「システム管理者とデータ閲覧者の分離」 | 一部SaaSで未対応 | | **クラウド構成管理**（CSPM等） | 「自動でポリシー逸脱を検知・可視化」 | 一部導入（推奨構成ベース） | | **異常挙動検知（UEBA）** | 「IAM操作ログの異常行動監視」 | 導入未確実（明記なし） | さらなる効果的な対策は、UEBA（ユーザー行動分析）やCNAPPの導入強化により、意図しないポリシー変更の「兆候検知」が可能 **SaaS基盤側のIAM制御精度向上（管理者ロールの細分化）**は今後の課題 **構成管理の自動逸脱修正（Auto Remediation）**の仕組み導入が望まれる | Z49: =SPRV_Source_For_Formulas!D193 -> T1496.002 | AA49: 侵入済みのクラウド環境において、プロキシサーバの帯域を意図的に消費（例：大量データ送信、仮想マイニングノードの設置など）することで、ガバメントクラウドやVPN経路の通信品質を劣化させ、他の通信遅延・業務妨害を引き起こすDoS型の資源枯渇攻撃に該当。システム停止を伴わずに“リソース占有”による間接的な被害を狙う | AB49: 3 | AC49: 1 | AD49: =IF(SPRV_Source_For_Formulas!G193<=0.2,3,IF(SPRV_Source_For_Formulas!G193<=0.5,2,1)) -> 2 | AE49: =4-AD49 -> 2 | AF49: =IF(AND(AB49=3,AC49*AE49>=6),"A",IF(AND(AB49=3,AC49*AE49>=3),"B",IF(AND(AB49=3,AC49*AE49>=1),"C",""))) -> C | AG49: | 評価カテゴリ | 対策内容（遵守済と仮定） | 評価 | | ----------------- | -------------------------------------------------------- | ------ | | **プロキシ通信監視** | SWG・Proxyログは収集済、SIEM連携も実施。DNSや宛先IPでのトラフィック可視化が可能。 | ★★★（3） | | **異常帯域検出とアラート** | GuardDuty相当で異常通信のアラートはあるが、**帯域使用量ベースのしきい値監視は未設定** | ★★☆（2） | | **アウトバウンド制御** | Egress制御ポリシーあり（国別やFQDN制限）。ただし動的アノマリー検知は未導入。 | ★★☆（2） | | **構成ミス・ルーティング検知** | CSPMは導入済。SWGの過剰許可設定については検出対象。 | ★★★（3） | | **サービス間通信制限** | VPCピアリングやプロキシ経路の制限は設計上存在。ただし、**運用上の例外が散見される**（一部緩いルールあり） | ★★☆（2） |総合評価（レベル判定） 評価平均：約 2.4 → 切り上げ処理により レベル：★★★（3） | AP49: =MAX(D49,L49,T49,AB49) -> 3 | AQ49: 1 | AR49: =4-AS49 -> 1 | AS49: =MAX(F49,N49,V49,AD49) -> 3 | AT49: =IF(AND(AP49=3,AQ49*AR49>=6),"A",IF(AND(AP49=3,AQ49*AR49>=3),"B",IF(AND(AP49=3,AQ49*AR49>=1),"C",""))) -> C | AU49: ="Scenario-level Threat=1; Step1="&H49&" Step2="&P49&" Step3="&X49&" Step4="&AF49&" ; Overall Threat fixed=1, Max Mitigation="&AS49&" => Overall="&AT49 -> Scenario-level Threat=1; Step1=C Step2=C Step3=C Step4=C ; Overall Threat fixed=1, Max Mitigation=3 => Overall=C
A50: =SPRV_Source_For_Formulas!D194 -> T1189 | B50: 攻撃手法の具体化 運用管理者が、日常的に利用する 業務関連Webポータル／ガバメントクラウド管理サイト にアクセス。 攻撃者がWebサイトを改ざんし、マルウェアを仕込んでいる。 管理者が 閲覧またはファイルをダウンロードするだけで自動的にマルウェア感染。 結果として： 管理者端末を初期感染させ、GovCloud管理コンソールへの認証情報（セッションCookie、MFAトークン等）を窃取 その後の クラウドリソース操作権限の奪取 に直結。 | D50: 3 | E50: 1 | F50: =IF(SPRV_Source_For_Formulas!G194<=0.2,3,IF(SPRV_Source_For_Formulas!G194<=0.5,2,1)) -> 3 | G50: =4-F50 -> 1 | H50: =IF(AND(D50=3,E50*G50>=6),"A",IF(AND(D50=3,E50*G50>=3),"B",IF(AND(D50=3,E50*G50>=1),"C",""))) -> C | I50: | 評価観点 | 状況・施策内容 | 評価 | | ----------------- | -------------------------------------------------- | ------ | | エンドポイント防御（EDR/AV） | EDR導入済み、シグネチャ更新自動化。未知マルウェアにはふるまい検知依存。 | ★★★（3） | | Webフィルタリング／改ざん検知 | SWG導入済。不審サイト遮断可能。ただし正規業務ポータル改ざんのゼロデイ検知は困難。 | ★★☆（2） | | パッチ管理／ソフト更新 | ブラウザ・OSはMDMで強制更新。48時間以内に重大パッチ適用（β’モデル準拠）。 | ★★★（3） | | アクセス制御（ZTNA） | 管理端末以外からのアクセスは不可。職員ID＋MFA必須。ただし端末感染時のセッション乗っ取りは残る。 | ★★☆（2） | | ログ監視・SOC連携 | SOC監視下にあり、端末挙動ログをSIEMで分析。ただし初期感染段階での即時検知は限定的。 | ★★☆（2） |→ 総合評価：2.4 → 切り上げて レベル3 | J50: =SPRV_Source_For_Formulas!D195 -> T1578.004 | K50: ドメイン/テナントのGPOを改変し、防御機能を無効化。 | L50: 3 | M50: 1 | N50: =IF(SPRV_Source_For_Formulas!G195<=0.2,3,IF(SPRV_Source_For_Formulas!G195<=0.5,2,1)) -> 2 | O50: =4-N50 -> 2 | P50: =IF(AND(L50=3,M50*O50>=6),"A",IF(AND(L50=3,M50*O50>=3),"B",IF(AND(L50=3,M50*O50>=1),"C",""))) -> C | Q50: | 評価観点 | 状況・施策内容 | 評価 | | ------------------- | ---------------------------------------------- | ------ | | ポリシー変更権限の分離 | 管理者ロールに限定されており、通常は多要素認証＋職務分掌。ただし一部例外ロールが残存。 | ★★☆（2） | | 承認フロー・変更管理 | GPO改変はチケット制で承認必須。ただし緊急対応手順ではリアルタイム承認を省略可能。 | ★★☆（2） | | 改変検知（CSPM/CIEM/IaC） | CSPM監査によりポリシー無効化を検出可能。IaCで差分検知。ただしリアルタイム性は限定的。 | ★★☆（2） | | エンドポイント防御の強制適用 | EDR/Defenderは必須導入。無効化を試みるとアラート生成。ただし完全阻止は困難。 | ★★☆（2） | | ログ監視・SOC連携 | ポリシー変更操作はSIEMで収集。SOCが監視しているが、攻撃直後の検知は遅延あり。 | ★★☆（2） |→ 総合評価：2.0 → レベル2 | R50: =SPRV_Source_For_Formulas!D196 -> T1651 | S50: クラウドAPI/CLIを利用してマイナンバー系業務システムに対し、スナップショット取得・設定変更・証拠隠滅などの攻撃的管理コマンドを実行 | T50: 3 | U50: 1 | V50: =IF(SPRV_Source_For_Formulas!G196<=0.2,3,IF(SPRV_Source_For_Formulas!G196<=0.5,2,1)) -> 3 | W50: =4-V50 -> 1 | X50: =IF(AND(T50=3,U50*W50>=6),"A",IF(AND(T50=3,U50*W50>=3),"B",IF(AND(T50=3,U50*W50>=1),"C",""))) -> C | Y50: | 評価項目 | 状況・施策内容 | 評価 | | ----------- | ------------------------------------------------------------ | ------ | | 認証管理（MFA） | CLI/APIアクセスにもMFA必須。IAMユーザではなくロールベースの一時トークンを使用 | ★★★（3） | | ログ監視・改ざん防止 | CloudTrail＋WORMストレージでログ改ざん防止。ただし外部SIEM連携は一部の操作のみ対象 | ★★☆（2） | | 操作の定型化 | TerraformによるInfrastructure as Codeはマイナンバー系でも導入済。ただし一部GUI設定残存 | ★★☆（2） | | RBACとワークフロー | 管理者権限の委譲に承認フローあり。CLI操作には内部発番のチケット必要 | ★★★（3） | | 検知・リアルタイム対応 | GuardDuty相当の異常API検知機能は未導入（導入予定あり） | ★☆☆（1） |→ 総合評価：2.2 → 切り下げて ★★（2） | Z50: =SPRV_Source_For_Formulas!D197 -> T1486 | AA50: クラウドリソース（仮想マシン等）を乗っ取り、暗号資産マイニング/DDoS中継に悪用。 | AB50: 3 | AC50: 1 | AD50: =IF(SPRV_Source_For_Formulas!G197<=0.2,3,IF(SPRV_Source_For_Formulas!G197<=0.5,2,1)) -> 3 | AE50: =4-AD50 -> 1 | AF50: =IF(AND(AB50=3,AC50*AE50>=6),"A",IF(AND(AB50=3,AC50*AE50>=3),"B",IF(AND(AB50=3,AC50*AE50>=1),"C",""))) -> C | AG50: CSPMによるリソース使用率監視、アラート設定が有効（β’3.4.3相当）。 | AP50: =MAX(D50,L50,T50,AB50) -> 3 | AQ50: 1 | AR50: =4-AS50 -> 1 | AS50: =MAX(F50,N50,V50,AD50) -> 3 | AT50: =IF(AND(AP50=3,AQ50*AR50>=6),"A",IF(AND(AP50=3,AQ50*AR50>=3),"B",IF(AND(AP50=3,AQ50*AR50>=1),"C",""))) -> C | AU50: ="Scenario-level Threat=1; Step1="&H50&" Step2="&P50&" Step3="&X50&" Step4="&AF50&" ; Overall Threat fixed=1, Max Mitigation="&AS50&" => Overall="&AT50 -> Scenario-level Threat=1; Step1=C Step2=C Step3=C Step4=C ; Overall Threat fixed=1, Max Mitigation=3 => Overall=C
A51: =SPRV_Source_For_Formulas!D198 -> T1189 | B51: 攻撃手法の具体化 運用管理者が、日常的に利用する 業務関連Webポータル／ガバメントクラウド管理サイト にアクセス。 攻撃者がWebサイトを改ざんし、マルウェアを仕込んでいる。 管理者が 閲覧またはファイルをダウンロードするだけで自動的にマルウェア感染。 結果として： 管理者端末を初期感染させ、GovCloud管理コンソールへの認証情報（セッションCookie、MFAトークン等）を窃取 その後の クラウドリソース操作権限の奪取 に直結。 | D51: 3 | E51: 1 | F51: =IF(SPRV_Source_For_Formulas!G198<=0.2,3,IF(SPRV_Source_For_Formulas!G198<=0.5,2,1)) -> 3 | G51: =4-F51 -> 1 | H51: =IF(AND(D51=3,E51*G51>=6),"A",IF(AND(D51=3,E51*G51>=3),"B",IF(AND(D51=3,E51*G51>=1),"C",""))) -> C | I51: | 評価観点 | 状況・施策内容 | 評価 | | ----------------- | -------------------------------------------------- | ------ | | エンドポイント防御（EDR/AV） | EDR導入済み、シグネチャ更新自動化。未知マルウェアにはふるまい検知依存。 | ★★★（3） | | Webフィルタリング／改ざん検知 | SWG導入済。不審サイト遮断可能。ただし正規業務ポータル改ざんのゼロデイ検知は困難。 | ★★☆（2） | | パッチ管理／ソフト更新 | ブラウザ・OSはMDMで強制更新。48時間以内に重大パッチ適用（β’モデル準拠）。 | ★★★（3） | | アクセス制御（ZTNA） | 管理端末以外からのアクセスは不可。職員ID＋MFA必須。ただし端末感染時のセッション乗っ取りは残る。 | ★★☆（2） | | ログ監視・SOC連携 | SOC監視下にあり、端末挙動ログをSIEMで分析。ただし初期感染段階での即時検知は限定的。 | ★★☆（2） |→ 総合評価：2.4 → 切り上げて レベル3 | J51: =SPRV_Source_For_Formulas!D199 -> T1578.004 | K51: ドメイン/テナントのGPOを改変し、防御機能を無効化。 | L51: 3 | M51: 1 | N51: =IF(SPRV_Source_For_Formulas!G199<=0.2,3,IF(SPRV_Source_For_Formulas!G199<=0.5,2,1)) -> 2 | O51: =4-N51 -> 2 | P51: =IF(AND(L51=3,M51*O51>=6),"A",IF(AND(L51=3,M51*O51>=3),"B",IF(AND(L51=3,M51*O51>=1),"C",""))) -> C | Q51: | 評価観点 | 状況・施策内容 | 評価 | | ------------------- | ---------------------------------------------- | ------ | | ポリシー変更権限の分離 | 管理者ロールに限定されており、通常は多要素認証＋職務分掌。ただし一部例外ロールが残存。 | ★★☆（2） | | 承認フロー・変更管理 | GPO改変はチケット制で承認必須。ただし緊急対応手順ではリアルタイム承認を省略可能。 | ★★☆（2） | | 改変検知（CSPM/CIEM/IaC） | CSPM監査によりポリシー無効化を検出可能。IaCで差分検知。ただしリアルタイム性は限定的。 | ★★☆（2） | | エンドポイント防御の強制適用 | EDR/Defenderは必須導入。無効化を試みるとアラート生成。ただし完全阻止は困難。 | ★★☆（2） | | ログ監視・SOC連携 | ポリシー変更操作はSIEMで収集。SOCが監視しているが、攻撃直後の検知は遅延あり。 | ★★☆（2） |→ 総合評価：2.0 → レベル2 | R51: =SPRV_Source_For_Formulas!D200 -> T1651 | S51: クラウドAPI/CLIを利用してマイナンバー系業務システムに対し、スナップショット取得・設定変更・証拠隠滅などの攻撃的管理コマンドを実行 | T51: 3 | U51: 1 | V51: =IF(SPRV_Source_For_Formulas!G200<=0.2,3,IF(SPRV_Source_For_Formulas!G200<=0.5,2,1)) -> 3 | W51: =4-V51 -> 1 | X51: =IF(AND(T51=3,U51*W51>=6),"A",IF(AND(T51=3,U51*W51>=3),"B",IF(AND(T51=3,U51*W51>=1),"C",""))) -> C | Y51: | 評価項目 | 状況・施策内容 | 評価 | | ----------- | ------------------------------------------------------------ | ------ | | 認証管理（MFA） | CLI/APIアクセスにもMFA必須。IAMユーザではなくロールベースの一時トークンを使用 | ★★★（3） | | ログ監視・改ざん防止 | CloudTrail＋WORMストレージでログ改ざん防止。ただし外部SIEM連携は一部の操作のみ対象 | ★★☆（2） | | 操作の定型化 | TerraformによるInfrastructure as Codeはマイナンバー系でも導入済。ただし一部GUI設定残存 | ★★☆（2） | | RBACとワークフロー | 管理者権限の委譲に承認フローあり。CLI操作には内部発番のチケット必要 | ★★★（3） | | 検知・リアルタイム対応 | GuardDuty相当の異常API検知機能は未導入（導入予定あり） | ★☆☆（1） |→ 総合評価：2.2 → 切り下げて ★★（2） | Z51: =SPRV_Source_For_Formulas!D201 -> T1496.001 | AA51: 計算リソースを秘匿的に不正利用（Compute Hijacking）。 | AB51: 3 | AC51: 1 | AD51: =IF(SPRV_Source_For_Formulas!G201<=0.2,3,IF(SPRV_Source_For_Formulas!G201<=0.5,2,1)) -> 2 | AE51: =4-AD51 -> 2 | AF51: =IF(AND(AB51=3,AC51*AE51>=6),"A",IF(AND(AB51=3,AC51*AE51>=3),"B",IF(AND(AB51=3,AC51*AE51>=1),"C",""))) -> C | AG51: モニタリング＋しきい値制限（Azure Monitor等）で抑止可能。 | AP51: =MAX(D51,L51,T51,AB51) -> 3 | AQ51: 1 | AR51: =4-AS51 -> 1 | AS51: =MAX(F51,N51,V51,AD51) -> 3 | AT51: =IF(AND(AP51=3,AQ51*AR51>=6),"A",IF(AND(AP51=3,AQ51*AR51>=3),"B",IF(AND(AP51=3,AQ51*AR51>=1),"C",""))) -> C | AU51: ="Scenario-level Threat=1; Step1="&H51&" Step2="&P51&" Step3="&X51&" Step4="&AF51&" ; Overall Threat fixed=1, Max Mitigation="&AS51&" => Overall="&AT51 -> Scenario-level Threat=1; Step1=C Step2=C Step3=C Step4=C ; Overall Threat fixed=1, Max Mitigation=3 => Overall=C
A52: =SPRV_Source_For_Formulas!D202 -> T1189 | B52: 攻撃手法の具体化 運用管理者が、日常的に利用する 業務関連Webポータル／ガバメントクラウド管理サイト にアクセス。 攻撃者がWebサイトを改ざんし、マルウェアを仕込んでいる。 管理者が 閲覧またはファイルをダウンロードするだけで自動的にマルウェア感染。 結果として： 管理者端末を初期感染させ、GovCloud管理コンソールへの認証情報（セッションCookie、MFAトークン等）を窃取 その後の クラウドリソース操作権限の奪取 に直結。 | D52: 3 | E52: 1 | F52: =IF(SPRV_Source_For_Formulas!G202<=0.2,3,IF(SPRV_Source_For_Formulas!G202<=0.5,2,1)) -> 3 | G52: =4-F52 -> 1 | H52: =IF(AND(D52=3,E52*G52>=6),"A",IF(AND(D52=3,E52*G52>=3),"B",IF(AND(D52=3,E52*G52>=1),"C",""))) -> C | I52: | 評価観点 | 状況・施策内容 | 評価 | | ----------------- | -------------------------------------------------- | ------ | | エンドポイント防御（EDR/AV） | EDR導入済み、シグネチャ更新自動化。未知マルウェアにはふるまい検知依存。 | ★★★（3） | | Webフィルタリング／改ざん検知 | SWG導入済。不審サイト遮断可能。ただし正規業務ポータル改ざんのゼロデイ検知は困難。 | ★★☆（2） | | パッチ管理／ソフト更新 | ブラウザ・OSはMDMで強制更新。48時間以内に重大パッチ適用（β’モデル準拠）。 | ★★★（3） | | アクセス制御（ZTNA） | 管理端末以外からのアクセスは不可。職員ID＋MFA必須。ただし端末感染時のセッション乗っ取りは残る。 | ★★☆（2） | | ログ監視・SOC連携 | SOC監視下にあり、端末挙動ログをSIEMで分析。ただし初期感染段階での即時検知は限定的。 | ★★☆（2） |→ 総合評価：2.4 → 切り上げて レベル3 | J52: =SPRV_Source_For_Formulas!D203 -> T1578.004 | K52: ドメイン/テナントのGPOを改変し、防御機能を無効化。 | L52: 3 | M52: 1 | N52: =IF(SPRV_Source_For_Formulas!G203<=0.2,3,IF(SPRV_Source_For_Formulas!G203<=0.5,2,1)) -> 2 | O52: =4-N52 -> 2 | P52: =IF(AND(L52=3,M52*O52>=6),"A",IF(AND(L52=3,M52*O52>=3),"B",IF(AND(L52=3,M52*O52>=1),"C",""))) -> C | Q52: | 評価観点 | 状況・施策内容 | 評価 | | ------------------- | ---------------------------------------------- | ------ | | ポリシー変更権限の分離 | 管理者ロールに限定されており、通常は多要素認証＋職務分掌。ただし一部例外ロールが残存。 | ★★☆（2） | | 承認フロー・変更管理 | GPO改変はチケット制で承認必須。ただし緊急対応手順ではリアルタイム承認を省略可能。 | ★★☆（2） | | 改変検知（CSPM/CIEM/IaC） | CSPM監査によりポリシー無効化を検出可能。IaCで差分検知。ただしリアルタイム性は限定的。 | ★★☆（2） | | エンドポイント防御の強制適用 | EDR/Defenderは必須導入。無効化を試みるとアラート生成。ただし完全阻止は困難。 | ★★☆（2） | | ログ監視・SOC連携 | ポリシー変更操作はSIEMで収集。SOCが監視しているが、攻撃直後の検知は遅延あり。 | ★★☆（2） |→ 総合評価：2.0 → レベル2 | R52: =SPRV_Source_For_Formulas!D204 -> T1651 | S52: クラウドAPI/CLIを利用してマイナンバー系業務システムに対し、スナップショット取得・設定変更・証拠隠滅などの攻撃的管理コマンドを実行 | T52: 3 | U52: 1 | V52: =IF(SPRV_Source_For_Formulas!G204<=0.2,3,IF(SPRV_Source_For_Formulas!G204<=0.5,2,1)) -> 3 | W52: =4-V52 -> 1 | X52: =IF(AND(T52=3,U52*W52>=6),"A",IF(AND(T52=3,U52*W52>=3),"B",IF(AND(T52=3,U52*W52>=1),"C",""))) -> C | Y52: | 評価項目 | 状況・施策内容 | 評価 | | ----------- | ------------------------------------------------------------ | ------ | | 認証管理（MFA） | CLI/APIアクセスにもMFA必須。IAMユーザではなくロールベースの一時トークンを使用 | ★★★（3） | | ログ監視・改ざん防止 | CloudTrail＋WORMストレージでログ改ざん防止。ただし外部SIEM連携は一部の操作のみ対象 | ★★☆（2） | | 操作の定型化 | TerraformによるInfrastructure as Codeはマイナンバー系でも導入済。ただし一部GUI設定残存 | ★★☆（2） | | RBACとワークフロー | 管理者権限の委譲に承認フローあり。CLI操作には内部発番のチケット必要 | ★★★（3） | | 検知・リアルタイム対応 | GuardDuty相当の異常API検知機能は未導入（導入予定あり） | ★☆☆（1） |→ 総合評価：2.2 → 切り下げて ★★（2） | Z52: =SPRV_Source_For_Formulas!D205 -> T1496.004 | AA52: クラウドAPI経由で Proxy Server on GovCloud に対して以下を実施： EC2/EBSなどのストレージを暗号化（KMSキーを使って再暗号化またはKMSキーを削除） OSレベルでスクリプトを投入し、ボリュームをBitLockerやLinuxのLUKS等で暗号化 システムログやスナップショットの削除による復旧妨害 IAMの一時的制御権を用いた“復旧阻止”工作 ガバメントクラウド内で復旧オプションが封じられた状態にされることで、実質的なデータロックアウトが生じる。 | AB52: 3 | AC52: 1 | AD52: =IF(SPRV_Source_For_Formulas!G205<=0.2,3,IF(SPRV_Source_For_Formulas!G205<=0.5,2,1)) -> 2 | AE52: =4-AD52 -> 2 | AF52: =IF(AND(AB52=3,AC52*AE52>=6),"A",IF(AND(AB52=3,AC52*AE52>=3),"B",IF(AND(AB52=3,AC52*AE52>=1),"C",""))) -> C | AG52: | 評価観点 | 評価内容 | 評価 | | ------------- | ---------------------------------------------------- | ------ | | データ暗号化制御 | KMSのアクセス制御やEBS暗号化ポリシーは一部導入。ただしProxy Server単体の制御は未記載。 | ★★☆（2） | | ログ・スナップショット保全 | CloudTrailログ保全は一部設定あり。スナップショット削除阻止や整合性保全策は記載なし。 | ★★☆（2） | | API実行制御 | Step3でAPI攻撃が成立済のため、IAM/API制御に抜けあり。SSPM未導入。 | ★☆☆（1） |→ 総合評価：1.7 → 切り捨てて「レベル1」 | AP52: =MAX(D52,L52,T52,AB52) -> 3 | AQ52: 1 | AR52: =4-AS52 -> 1 | AS52: =MAX(F52,N52,V52,AD52) -> 3 | AT52: =IF(AND(AP52=3,AQ52*AR52>=6),"A",IF(AND(AP52=3,AQ52*AR52>=3),"B",IF(AND(AP52=3,AQ52*AR52>=1),"C",""))) -> C | AU52: ="Scenario-level Threat=1; Step1="&H52&" Step2="&P52&" Step3="&X52&" Step4="&AF52&" ; Overall Threat fixed=1, Max Mitigation="&AS52&" => Overall="&AT52 -> Scenario-level Threat=1; Step1=C Step2=C Step3=C Step4=C ; Overall Threat fixed=1, Max Mitigation=3 => Overall=C
